customer_id,customer_name,gender,age,city,state,signup_date
CUST00001,Vikram Verma,Male,26.0,Hyderabad,Telangana,2023-02-21
CUST00002,Sanjay Das,Male,19.0,Hyderabad,Telangana,2023-06-28
CUST00003,Sneha Mishra,Male,53.0,Bengaluru,Karnataka,2024-03-23
CUST00004,Sneha Roy,Female,18.0,Pune,Maharashtra,2025-05-09
CUST00005,Aditya Gupta,Male,31.0,Kolkata,West Bengal,2025-05-15
CUST00006,Arjun Das,Male,40.0,Patna,Bihar,2023-07-29
CUST00007,Aditi Sinha,Female,52.0,Bhopal,Madhya Pradesh,2024-06-25
CUST00008,Arjun Mishra,Female,58.0,Hyderabad,Telangana,2025-02-14
CUST00009,Sanjay Verma,Male,20.0,Noida,Uttar Pradesh,2025-01-10
CUST00010,Arjun Shah,Male,24.0,Ahmedabad,Gujarat,2024-08-15
CUST00011,Amit Jha,Female,28.0,Ranchi,Jharkhand,2024-07-23
CUST00012,Rohan Jha,Female,62.0,Bhopal,Madhya Pradesh,2024-12-28
CUST00013,Shreya Sinha,Male,28.0,Bengaluru,Karnataka,2023-12-17
CUST00014,Vikram Mehta,Male,61.0,Guwahati,Assam,2025-02-16
CUST00015,Sneha Shah,Male,38.0,Patna,Bihar,2023-04-25
CUST00016,Arjun Verma,Female,31.0,Ranchi,Jharkhand,2024-07-02
CUST00017,Amit Singh,Female,26.0,Chandigarh,Chandigarh,2025-03-21
CUST00018,Sanjay Das,Female,41.0,Ahmedabad,Gujarat,2024-06-22
CUST00019,Nikhil Roy,Male,21.0,Ahmedabad,Gujarat,2023-10-11
CUST00020,Priya Choudhary,Female,56.0,Hyderabad,Telangana,2023-11-10
CUST00021,Karan Yadav,Female,51.0,Bengaluru,Karnataka,2025-02-27
CUST00022,Ananya Jha,Female,59.0,Jaipur,Rajasthan,2023-01-24
CUST00023,Neha Das,Male,47.0,Patna,Bihar,2023-08-17
CUST00024,Nikhil Choudhary,Male,50.0,Delhi,Delhi,2024-06-23
CUST00025,Nikhil Yadav,Male,27.0,Hyderabad,Telangana,2024-09-03
CUST00026,Shreya Choudhary,Male,56.0,Bhopal,Madhya Pradesh,2023-11-27
CUST00027,Aarav Kumar,Female,37.0,Patna,Bihar,2025-09-27
CUST00028,Sneha Mehta,Male,23.0,Ahmedabad,Gujarat,2023-04-29
CUST00029,Shreya Choudhary,Male,26.0,Chandigarh,Chandigarh,2023-05-22
CUST00030,Vikram Mishra,Female,,Chandigarh,Chandigarh,2023-12-05
CUST00031,Neha Das,Female,46.0,Nagpur,Maharashtra,2024-02-16
CUST00032,Ananya Verma,Male,22.0,Indore,Madhya Pradesh,2025-07-13
CUST00033,Sanjay Mishra,Male,55.0,Patna,Bihar,2023-02-13
CUST00034,Arjun Sinha,Male,32.0,Ahmedabad,Gujarat,2023-01-15
CUST00035,Aditya Kumar,Male,35.0,Bengaluru,Karnataka,2023-03-06
CUST00036,Shreya Singh,Female,33.0,Chandigarh,Chandigarh,2024-03-14
CUST00037,Rohan Kumar,Male,60.0,Chandigarh,Chandigarh,2025-04-13
CUST00038,Kavya Das,Female,64.0,Bhubaneswar,Odisha,2024-12-26
CUST00039,Aditi Das,Female,24.0,Mumbai,Maharashtra,2023-07-21
CUST00040,Rohan Mishra,Female,26.0,Ahmedabad,Gujarat,2024-01-28
CUST00041,Vikram Roy,Male,22.0,Bhubaneswar,Odisha,2024-01-11
CUST00042,Aditi Jha,Male,23.0,Guwahati,Assam,2023-07-20
CUST00043,Kavya Roy,Female,31.0,Ahmedabad,Gujarat,2023-12-07
CUST00044,Priya Das,Male,42.0,Ranchi,Jharkhand,2023-05-01
CUST00045,Neha Das,Female,27.0,Jaipur,Rajasthan,2025-07-20
CUST00046,Rohan Sharma,Male,65.0,Pune,Maharashtra,2024-08-30
CUST00047,Aditi Yadav,Female,50.0,Patna,Bihar,2023-04-28
CUST00048,Aditi Mishra,Male,29.0,Indore,Madhya Pradesh,2023-11-19
CUST00049,Sneha Das,Male,54.0,Bengaluru,Karnataka,2023-05-20
CUST00050,Meera Kumar,Female,60.0,Ahmedabad,Gujarat,2023-03-23
CUST00051,Aditya Mehta,Female,31.0,Surat,Gujarat,2025-12-06
CUST00052,Vikram Das,Male,60.0,Patna,Bihar,2024-05-03
CUST00053,Aditya Mehta,Male,18.0,Lucknow,Uttar Pradesh,2025-07-25
CUST00054,Arjun Mishra,Male,50.0,Guwahati,Assam,2023-07-24
CUST00055,Pooja Mehta,Male,33.0,Jaipur,Rajasthan,2023-09-29
CUST00056,Priya Roy,Female,57.0,Bhopal,Madhya Pradesh,2024-08-06
CUST00057,Shreya Gupta,Male,26.0,Indore,Madhya Pradesh,2023-01-17
CUST00058,Ananya Sinha,Male,35.0,Jaipur,Rajasthan,2023-08-25
CUST00059,Aditya Verma,Female,50.0,Lucknow,Uttar Pradesh,2024-03-07
CUST00060,Aditi Kumar,Female,35.0,Chandigarh,Chandigarh,2024-05-29
CUST00061,Aditya Choudhary,Male,58.0,Mumbai,Maharashtra,2023-01-08
CUST00062,Amit Mishra,Female,53.0,Jaipur,Rajasthan,2023-11-27
CUST00063,Arjun Mehta,Male,52.0,Delhi,Delhi,2023-08-18
CUST00064,Sanjay Mishra,Male,45.0,Mumbai,Maharashtra,2025-01-26
CUST00065,Neha Patel,Male,40.0,Chennai,Tamil Nadu,2023-03-27
CUST00066,Ananya Patel,Female,,Pune,Maharashtra,2024-05-26
CUST00067,Priya Choudhary,Male,44.0,Chennai,Tamil Nadu,2024-04-29
CUST00068,Aditya Choudhary,Female,60.0,Delhi,Delhi,2024-01-03
CUST00069,Priya Choudhary,Male,42.0,Ahmedabad,Gujarat,2024-06-30
CUST00070,Sneha Verma,Female,40.0,Mumbai,Maharashtra,2025-08-21
CUST00071,Sneha Sharma,Male,43.0,Lucknow,Uttar Pradesh,2024-04-11
CUST00072,Arjun Choudhary,Female,40.0,Patna,Bihar,2024-07-24
CUST00073,Shreya Patel,Male,25.0,Indore,Madhya Pradesh,2025-03-29
CUST00074,Sanjay Gupta,Male,24.0,Jaipur,Rajasthan,2024-01-01
CUST00075,Pooja Sinha,Female,45.0,Noida,Uttar Pradesh,2025-06-08
CUST00076,Ananya Das,Male,34.0,Noida,Uttar Pradesh,2025-11-13
CUST00077,Aarav Mishra,Male,41.0,Mumbai,Maharashtra,2025-06-12
CUST00078,Aditya Yadav,Female,60.0,Bhubaneswar,Odisha,2023-05-24
CUST00079,Nikhil Gupta,Female,38.0,Hyderabad,Telangana,2024-09-07
CUST00080,Shreya Singh,Male,44.0,Ranchi,Jharkhand,2024-08-28
CUST00081,Meera Yadav,Female,43.0,Ranchi,Jharkhand,2023-12-23
CUST00082,Neha Gupta,Male,45.0,Nagpur,Maharashtra,2023-01-01
CUST00083,Amit Roy,Female,61.0,Surat,Gujarat,2024-10-21
CUST00084,Riya Choudhary,Male,60.0,Pune,Maharashtra,2025-11-12
CUST00085,Nikhil Jha,Female,23.0,Bengaluru,Karnataka,2024-08-04
CUST00086,Sneha Choudhary,Male,27.0,Ahmedabad,Gujarat,2024-09-27
CUST00087,Sneha Roy,Male,47.0,Delhi,Delhi,2023-04-05
CUST00088,Karan Roy,Female,33.0,Bhubaneswar,Odisha,2024-02-03
CUST00089,Ananya Choudhary,Female,32.0,Chennai,Tamil Nadu,2023-01-12
CUST00090,Amit Sharma,Male,25.0,Kolkata,West Bengal,2025-11-26
CUST00091,Amit Jha,Female,46.0,Guwahati,Assam,2023-10-01
CUST00092,Kavya Shah,Female,28.0,Noida,Uttar Pradesh,2025-10-30
CUST00093,Vikram Choudhary,Male,58.0,Chandigarh,Chandigarh,2025-07-10
CUST00094,Riya Jha,Male,35.0,Jaipur,Rajasthan,2025-12-03
CUST00095,Neha Verma,Female,39.0,Guwahati,Assam,2023-06-08
CUST00096,Rahul Singh,Male,42.0,Patna,Bihar,2023-06-15
CUST00097,Arjun Das,Female,39.0,Chennai,Tamil Nadu,2024-03-14
CUST00098,Kavya Sharma,Male,44.0,Nagpur,Maharashtra,2025-08-12
CUST00099,Sanjay Das,Female,18.0,Ranchi,Jharkhand,2023-02-10
CUST00100,Karan Shah,Female,52.0,Bhopal,Madhya Pradesh,2024-09-03
CUST00101,Riya Verma,Female,45.0,Nagpur,Maharashtra,2024-03-27
CUST00102,Karan Patel,Female,64.0,Chandigarh,Chandigarh,2023-03-01
CUST00103,Rahul Yadav,Male,43.0,Kolkata,West Bengal,2025-08-15
CUST00104,Arjun Jha,Female,26.0,Surat,Gujarat,2023-02-25
CUST00105,Aditi Gupta,Female,38.0,Guwahati,Assam,2024-01-08
CUST00106,Aditya Patel,Female,35.0,Pune,Maharashtra,2025-07-20
CUST00107,Arjun Roy,Male,,Bhubaneswar,Odisha,2024-05-31
CUST00108,Pooja Verma,Male,59.0,Nagpur,Maharashtra,2023-04-17
CUST00109,Sneha Verma,Male,57.0,Mumbai,Maharashtra,2023-03-05
CUST00110,Rahul Roy,Male,54.0,Chennai,Tamil Nadu,2024-05-03
CUST00111,Vikram Choudhary,Female,28.0,Pune,Maharashtra,2025-08-10
CUST00112,Priya Gupta,Male,55.0,Noida,Uttar Pradesh,2023-08-23
CUST00113,Sanjay Jha,Female,43.0,Delhi,Delhi,2024-09-30
CUST00114,Sanjay Sinha,Male,24.0,Pune,Maharashtra,2023-06-05
CUST00115,Sanjay Choudhary,Male,40.0,Lucknow,Uttar Pradesh,2023-09-05
CUST00116,Pooja Kumar,Female,18.0,Nagpur,Maharashtra,2025-05-27
CUST00117,Ananya Das,Female,58.0,Bhubaneswar,Odisha,2025-09-30
CUST00118,Kavya Singh,Female,57.0,Guwahati,Assam,2023-11-10
CUST00119,Amit Das,Female,38.0,Nagpur,Maharashtra,2025-09-17
CUST00120,Vikram Mehta,Female,33.0,Ahmedabad,Gujarat,2023-06-27
CUST00121,Aditya Sharma,Female,38.0,Guwahati,Assam,2025-02-15
CUST00122,Rohan Patel,Female,39.0,Kolkata,West Bengal,2025-09-25
CUST00123,Shreya Sharma,Male,23.0,Jaipur,Rajasthan,2024-07-19
CUST00124,Riya Mishra,Male,62.0,Ahmedabad,Gujarat,2025-04-12
CUST00125,Amit Choudhary,Male,23.0,Chandigarh,Chandigarh,2025-10-02
CUST00126,Karan Sinha,Male,37.0,Lucknow,Uttar Pradesh,2024-03-29
CUST00127,Riya Mishra,Female,45.0,Surat,Gujarat,2025-01-25
CUST00128,Pooja Sinha,Female,35.0,Nagpur,Maharashtra,2024-11-08
CUST00129,Sneha Kumar,Male,38.0,Lucknow,Uttar Pradesh,2024-05-29
CUST00130,Rohan Verma,Female,35.0,Hyderabad,Telangana,2024-01-15
CUST00131,Meera Gupta,Male,30.0,Surat,Gujarat,2025-12-10
CUST00132,Pooja Singh,Female,18.0,Lucknow,Uttar Pradesh,2024-04-10
CUST00133,Vikram Sharma,Male,53.0,Nagpur,Maharashtra,2023-09-17
CUST00134,Riya Kumar,Male,54.0,Lucknow,Uttar Pradesh,2023-09-16
CUST00135,Riya Roy,Female,29.0,Lucknow,Uttar Pradesh,2025-08-19
CUST00136,Riya Kumar,Male,43.0,Mumbai,Maharashtra,2024-06-01
CUST00137,Sanjay Jha,Male,27.0,Chandigarh,Chandigarh,2023-06-01
CUST00138,Arjun Verma,Male,53.0,Chennai,Tamil Nadu,2024-09-14
CUST00139,Nikhil Das,Female,46.0,Bhubaneswar,Odisha,2024-04-07
CUST00140,Neha Yadav,Male,57.0,Lucknow,Uttar Pradesh,2025-05-28
CUST00141,Rohan Gupta,Male,28.0,Hyderabad,Telangana,2024-03-01
CUST00142,Shreya Kumar,Male,18.0,Ahmedabad,Gujarat,2023-12-22
CUST00143,Meera Roy,Female,20.0,Bhubaneswar,Odisha,2025-07-11
CUST00144,Neha Sinha,Female,22.0,Ahmedabad,Gujarat,2024-08-13
CUST00145,Sanjay Jha,Male,45.0,Ahmedabad,Gujarat,2024-06-25
CUST00146,Rahul Mehta,Female,27.0,Hyderabad,Telangana,2024-04-05
CUST00147,Priya Choudhary,Female,56.0,Bengaluru,Karnataka,2023-05-03
CUST00148,Amit Kumar,Female,62.0,Surat,Gujarat,2024-08-14
CUST00149,Vikram Mishra,Female,46.0,Lucknow,Uttar Pradesh,2025-04-04
CUST00150,Kavya Sinha,Female,56.0,Bengaluru,Karnataka,2023-03-23
CUST00151,Arjun Verma,Male,61.0,Jaipur,Rajasthan,2023-02-22
CUST00152,Priya Roy,Female,35.0,Jaipur,Rajasthan,2023-03-24
CUST00153,Riya Kumar,Female,40.0,Kolkata,West Bengal,2025-06-11
CUST00154,Aditya Jha,Male,28.0,Bhubaneswar,Odisha,2024-11-13
CUST00155,Riya Gupta,Female,53.0,Patna,Bihar,2025-04-23
CUST00156,Arjun Patel,Female,38.0,Mumbai,Maharashtra,2025-07-20
CUST00157,Nikhil Shah,Male,60.0,Hyderabad,Telangana,2025-04-07
CUST00158,Kavya Sharma,Male,51.0,Nagpur,Maharashtra,2025-08-04
CUST00159,Amit Choudhary,Male,31.0,Bhopal,Madhya Pradesh,2025-10-17
CUST00160,Neha Roy,Female,25.0,Jaipur,Rajasthan,2023-09-26
CUST00161,Priya Gupta,Male,53.0,Delhi,Delhi,2024-05-05
CUST00162,Sneha Shah,Male,47.0,Bhubaneswar,Odisha,2023-07-10
CUST00163,Riya Mehta,Female,50.0,Hyderabad,Telangana,2023-11-12
CUST00164,Riya Roy,Male,47.0,Jaipur,Rajasthan,2025-04-30
CUST00165,Karan Verma,Male,22.0,Nagpur,Maharashtra,2023-10-24
CUST00166,Aditya Mehta,Female,18.0,Jaipur,Rajasthan,2025-04-29
CUST00167,Sanjay Yadav,Female,27.0,Lucknow,Uttar Pradesh,2024-09-03
CUST00168,Pooja Patel,Female,47.0,Guwahati,Assam,2025-09-18
CUST00169,Sneha Yadav,Female,32.0,Patna,Bihar,2024-01-22
CUST00170,Aditya Sinha,Female,63.0,Bhubaneswar,Odisha,2023-03-31
CUST00171,Rahul Roy,Male,26.0,Ranchi,Jharkhand,2025-03-01
CUST00172,Ananya Shah,Female,24.0,Indore,Madhya Pradesh,2024-11-10
CUST00173,Aarav Sinha,Male,44.0,Indore,Madhya Pradesh,2025-07-24
CUST00174,Riya Choudhary,Female,39.0,Chennai,Tamil Nadu,2023-06-03
CUST00175,Arjun Shah,Female,61.0,Noida,Uttar Pradesh,2025-03-25
CUST00176,Aditya Jha,Female,52.0,Nagpur,Maharashtra,2025-02-17
CUST00177,Sneha Jha,Female,32.0,Mumbai,Maharashtra,2023-05-21
CUST00178,Ananya Choudhary,Male,46.0,Bengaluru,Karnataka,2025-06-07
CUST00179,Aarav Sharma,Female,21.0,Kolkata,West Bengal,2024-09-05
CUST00180,Pooja Das,Male,33.0,Lucknow,Uttar Pradesh,2025-01-04
CUST00181,Sanjay Jha,Male,28.0,Indore,Madhya Pradesh,2025-04-23
CUST00182,Meera Shah,Female,57.0,Kolkata,West Bengal,2023-06-11
CUST00183,Sanjay Singh,Male,47.0,Ahmedabad,Gujarat,2025-10-16
CUST00184,Vikram Jha,Male,47.0,Jaipur,Rajasthan,2025-07-30
CUST00185,Arjun Roy,Female,55.0,Lucknow,Uttar Pradesh,2023-11-20
CUST00186,Vikram Roy,Female,30.0,Lucknow,Uttar Pradesh,2025-05-18
CUST00187,Ananya Verma,Female,54.0,Ranchi,Jharkhand,2025-09-16
CUST00188,Neha Sharma,Female,35.0,Bhopal,Madhya Pradesh,2024-08-28
CUST00189,Meera Sinha,Female,36.0,Delhi,Delhi,2023-04-11
CUST00190,Sneha Jha,Male,57.0,Ahmedabad,Gujarat,2024-12-22
CUST00191,Ananya Mehta,Male,37.0,Jaipur,Rajasthan,2023-10-08
CUST00192,Sanjay Patel,Male,23.0,Guwahati,Assam,2023-03-10
CUST00193,Kavya Singh,Male,26.0,Lucknow,Uttar Pradesh,2024-10-31
CUST00194,Nikhil Mishra,Female,28.0,Nagpur,Maharashtra,2025-01-19
CUST00195,Neha Sinha,Female,25.0,Jaipur,Rajasthan,2025-09-13
CUST00196,Rahul Choudhary,Male,61.0,Guwahati,Assam,2023-06-04
CUST00197,Arjun Choudhary,Female,18.0,Ranchi,Jharkhand,2025-01-19
CUST00198,Amit Patel,Female,55.0,Jaipur,Rajasthan,2023-09-11
CUST00199,Ananya Jha,Male,48.0,Ranchi,Jharkhand,2025-01-30
CUST00200,Meera Verma,Male,58.0,Delhi,Delhi,2024-11-02
CUST00201,Kavya Kumar,Male,20.0,Guwahati,Assam,2024-09-10
CUST00202,Riya Kumar,Male,33.0,Mumbai,Maharashtra,2024-09-15
CUST00203,Karan Roy,Female,60.0,Nagpur,Maharashtra,2023-10-05
CUST00204,Sanjay Sinha,Male,44.0,Nagpur,Maharashtra,2025-05-08
CUST00205,Meera Das,Female,20.0,Hyderabad,Telangana,2025-09-29
CUST00206,Amit Roy,Male,41.0,Bhopal,Madhya Pradesh,2024-03-20
CUST00207,Shreya Mehta,Female,21.0,Hyderabad,Telangana,2025-01-22
CUST00208,Rohan Kumar,Female,23.0,Ranchi,Jharkhand,2024-07-19
CUST00209,Aditi Choudhary,Female,33.0,Pune,Maharashtra,2023-02-13
CUST00210,Arjun Shah,Male,55.0,Chennai,Tamil Nadu,2024-02-25
CUST00211,Aditya Choudhary,Male,56.0,Pune,Maharashtra,2024-04-22
CUST00212,Rahul Singh,Female,29.0,Delhi,Delhi,2024-07-21
CUST00213,Rahul Sharma,Female,33.0,Hyderabad,Telangana,2023-02-22
CUST00214,Aarav Singh,Female,21.0,Surat,Gujarat,2024-10-25
CUST00215,Nikhil Kumar,Male,48.0,Chennai,Tamil Nadu,2025-05-12
CUST00216,Nikhil Yadav,Male,46.0,Guwahati,Assam,2025-01-11
CUST00217,Meera Sharma,Female,47.0,Indore,Madhya Pradesh,2024-03-29
CUST00218,Riya Shah,Female,45.0,Delhi,Delhi,2023-05-05
CUST00219,Amit Kumar,Male,38.0,Hyderabad,Telangana,2025-10-01
CUST00220,Arjun Singh,Female,57.0,Noida,Uttar Pradesh,2023-10-31
CUST00221,Karan Yadav,Female,47.0,Surat,Gujarat,2024-10-27
CUST00222,Ananya Choudhary,Male,59.0,Indore,Madhya Pradesh,2025-05-31
CUST00223,Kavya Roy,Male,44.0,Nagpur,Maharashtra,2024-03-16
CUST00224,Karan Das,Male,38.0,Patna,Bihar,2025-07-17
CUST00225,Vikram Patel,Male,61.0,Bhubaneswar,Odisha,2024-10-02
CUST00226,Arjun Shah,Male,23.0,Chandigarh,Chandigarh,2023-05-18
CUST00227,Pooja Choudhary,Male,53.0,Bhubaneswar,Odisha,2023-07-17
CUST00228,Ananya Das,Female,60.0,Mumbai,Maharashtra,2024-11-06
CUST00229,Neha Yadav,Female,,Bhubaneswar,Odisha,2023-04-16
CUST00230,Rohan Singh,Female,32.0,Hyderabad,Telangana,2025-11-05
CUST00231,Shreya Patel,Male,35.0,Hyderabad,Telangana,2024-12-18
CUST00232,Kavya Shah,Male,56.0,Surat,Gujarat,2024-04-08
CUST00233,Priya Gupta,Female,39.0,Jaipur,Rajasthan,2023-03-01
CUST00234,Priya Shah,Male,54.0,Bhopal,Madhya Pradesh,2023-01-13
CUST00235,Rahul Sinha,Male,23.0,Ranchi,Jharkhand,2023-05-23
CUST00236,Karan Das,Female,39.0,Indore,Madhya Pradesh,2024-03-16
CUST00237,Neha Sinha,Female,54.0,Kolkata,West Bengal,2025-01-27
CUST00238,Aditi Singh,Male,57.0,Noida,Uttar Pradesh,2023-06-23
CUST00239,Vikram Roy,Female,49.0,Mumbai,Maharashtra,2023-06-17
CUST00240,Kavya Gupta,Male,50.0,Noida,Uttar Pradesh,2025-06-24
CUST00241,Kavya Kumar,Female,61.0,Hyderabad,Telangana,2024-12-07
CUST00242,Nikhil Jha,Female,20.0,Surat,Gujarat,2025-09-23
CUST00243,Meera Sharma,Male,31.0,Ahmedabad,Gujarat,2025-03-20
CUST00244,Rahul Choudhary,Female,36.0,Lucknow,Uttar Pradesh,2024-03-08
CUST00245,Aarav Roy,Female,29.0,Patna,Bihar,2023-09-03
CUST00246,Shreya Sinha,Male,50.0,Chennai,Tamil Nadu,2025-02-17
CUST00247,Arjun Das,Male,45.0,Nagpur,Maharashtra,2024-12-26
CUST00248,Arjun Shah,Female,54.0,Delhi,Delhi,2025-07-30
CUST00249,Kavya Gupta,Male,43.0,Bhubaneswar,Odisha,2025-04-08
CUST00250,Priya Choudhary,Female,62.0,Delhi,Delhi,2024-10-27
CUST00251,Kavya Shah,Male,33.0,Bhopal,Madhya Pradesh,2023-06-30
CUST00252,Nikhil Kumar,Female,37.0,Bhubaneswar,Odisha,2025-03-31
CUST00253,Aditya Choudhary,Male,22.0,Patna,Bihar,2024-03-29
CUST00254,Nikhil Mishra,Male,40.0,Indore,Madhya Pradesh,2023-08-22
CUST00255,Sneha Kumar,Male,34.0,Bhopal,Madhya Pradesh,2023-10-30
CUST00256,Meera Singh,Male,29.0,Pune,Maharashtra,2023-12-22
CUST00257,Sanjay Choudhary,Female,61.0,Chandigarh,Chandigarh,2025-08-08
CUST00258,Aditya Singh,Female,22.0,Surat,Gujarat,2024-10-23
CUST00259,Neha Choudhary,Female,55.0,Chandigarh,Chandigarh,2025-06-24
CUST00260,Nikhil Kumar,Female,47.0,Mumbai,Maharashtra,2024-12-21
CUST00261,Aditi Patel,Female,22.0,Guwahati,Assam,2023-03-19
CUST00262,Karan Roy,Male,46.0,Bengaluru,Karnataka,2025-11-04
CUST00263,Aditya Yadav,Female,50.0,Surat,Gujarat,2024-01-21
CUST00264,Amit Kumar,Female,63.0,Chennai,Tamil Nadu,2023-05-07
CUST00265,Priya Sharma,Male,63.0,Bengaluru,Karnataka,2025-10-30
CUST00266,Nikhil Mishra,Male,41.0,Guwahati,Assam,2025-06-18
CUST00267,Karan Das,Female,61.0,Bhopal,Madhya Pradesh,2024-08-02
CUST00268,Aditya Kumar,Female,24.0,Noida,Uttar Pradesh,2023-04-18
CUST00269,Neha Gupta,Male,39.0,Nagpur,Maharashtra,2025-03-02
CUST00270,Pooja Gupta,Female,26.0,Bengaluru,Karnataka,2023-10-17
CUST00271,Neha Mishra,Female,59.0,Noida,Uttar Pradesh,2023-06-23
CUST00272,Nikhil Kumar,Female,50.0,Patna,Bihar,2023-09-19
CUST00273,Pooja Gupta,Male,31.0,Bhopal,Madhya Pradesh,2023-02-07
CUST00274,Rohan Verma,Male,27.0,Patna,Bihar,2025-09-22
CUST00275,Ananya Mishra,Male,60.0,Bengaluru,Karnataka,2024-08-28
CUST00276,Meera Das,Male,28.0,Patna,Bihar,2023-09-26
CUST00277,Amit Sharma,Female,41.0,Kolkata,West Bengal,2023-12-06
CUST00278,Meera Gupta,Female,32.0,Ahmedabad,Gujarat,2025-06-28
CUST00279,Neha Choudhary,Female,30.0,Nagpur,Maharashtra,2024-05-04
CUST00280,Amit Choudhary,Female,42.0,Bhopal,Madhya Pradesh,2025-06-21
CUST00281,Kavya Singh,Male,56.0,Indore,Madhya Pradesh,2025-12-16
CUST00282,Aditi Jha,Female,41.0,Chennai,Tamil Nadu,2024-05-27
CUST00283,Nikhil Shah,Male,36.0,Nagpur,Maharashtra,2023-07-30
CUST00284,Vikram Roy,Male,45.0,Bengaluru,Karnataka,2023-11-25
CUST00285,Amit Mehta,Female,19.0,Bengaluru,Karnataka,2024-03-30
CUST00286,Karan Mishra,Female,33.0,Bhubaneswar,Odisha,2023-04-20
CUST00287,Pooja Verma,Male,38.0,Ranchi,Jharkhand,2023-06-17
CUST00288,Rahul Singh,Male,36.0,Hyderabad,Telangana,2024-11-17
CUST00289,Riya Roy,Male,23.0,Chandigarh,Chandigarh,2023-10-12
CUST00290,Rohan Shah,Male,53.0,Delhi,Delhi,2024-06-08
CUST00291,Kavya Kumar,Female,33.0,Noida,Uttar Pradesh,2025-12-16
CUST00292,Aditi Verma,Female,58.0,Lucknow,Uttar Pradesh,2023-09-07
CUST00293,Arjun Kumar,Female,56.0,Noida,Uttar Pradesh,2025-07-25
CUST00294,Nikhil Yadav,Male,63.0,Nagpur,Maharashtra,2023-02-03
CUST00295,Kavya Sharma,Female,33.0,Chennai,Tamil Nadu,2024-08-19
CUST00296,Priya Jha,Male,51.0,Surat,Gujarat,2025-05-03
CUST00297,Nikhil Mishra,Male,42.0,Bhopal,Madhya Pradesh,2023-05-19
CUST00298,Karan Patel,Female,65.0,Chandigarh,Chandigarh,2023-03-31
CUST00299,Arjun Patel,Male,64.0,Delhi,Delhi,2025-01-01
CUST00300,Rahul Sharma,Female,52.0,Hyderabad,Telangana,2024-11-11
CUST00301,Amit Sinha,Female,58.0,Patna,Bihar,2023-12-25
CUST00302,Arjun Sinha,Female,20.0,Kolkata,West Bengal,2023-10-04
CUST00303,Aditi Choudhary,Male,20.0,Lucknow,Uttar Pradesh,2024-02-17
CUST00304,Nikhil Das,Female,34.0,Patna,Bihar,2024-09-27
CUST00305,Neha Patel,Male,59.0,Mumbai,Maharashtra,2024-01-27
CUST00306,Ananya Choudhary,Female,45.0,Patna,Bihar,2024-07-13
CUST00307,Karan Patel,Male,49.0,Ranchi,Jharkhand,2025-06-19
CUST00308,Nikhil Gupta,Male,64.0,Chandigarh,Chandigarh,2025-01-22
CUST00309,Kavya Yadav,Male,52.0,Bhubaneswar,Odisha,2023-06-11
CUST00310,Ananya Kumar,Female,60.0,Lucknow,Uttar Pradesh,2024-10-19
CUST00311,Amit Yadav,Female,28.0,Lucknow,Uttar Pradesh,2024-09-19
CUST00312,Amit Sharma,Female,57.0,Guwahati,Assam,2024-12-20
CUST00313,Aditi Kumar,Female,41.0,Bhubaneswar,Odisha,2024-07-16
CUST00314,Aarav Singh,Female,20.0,Indore,Madhya Pradesh,2023-11-24
CUST00315,Sneha Choudhary,Female,41.0,Chennai,Tamil Nadu,2023-05-18
CUST00316,Meera Singh,Female,41.0,Ranchi,Jharkhand,2023-03-08
CUST00317,Arjun Yadav,Male,51.0,Bhopal,Madhya Pradesh,2025-06-28
CUST00318,Aditya Jha,Female,33.0,Bhopal,Madhya Pradesh,2025-03-26
CUST00319,Priya Roy,Female,53.0,Hyderabad,Telangana,2023-02-23
CUST00320,Vikram Sinha,Female,31.0,Hyderabad,Telangana,2024-06-20
CUST00321,Riya Verma,Male,26.0,Noida,Uttar Pradesh,2024-08-07
CUST00322,Priya Mehta,Female,23.0,Bengaluru,Karnataka,2025-07-14
CUST00323,Arjun Mishra,Female,37.0,Patna,Bihar,2024-12-12
CUST00324,Pooja Mishra,Male,25.0,Kolkata,West Bengal,2023-12-23
CUST00325,Sneha Choudhary,Female,19.0,Pune,Maharashtra,2023-10-12
CUST00326,Amit Choudhary,Male,57.0,Bhopal,Madhya Pradesh,2025-01-25
CUST00327,Neha Das,Female,51.0,Bengaluru,Karnataka,2023-05-15
CUST00328,Sanjay Kumar,Male,38.0,Bhubaneswar,Odisha,2025-04-18
CUST00329,Amit Jha,Female,26.0,Bengaluru,Karnataka,2025-07-10
CUST00330,Rahul Das,Male,25.0,Nagpur,Maharashtra,2024-01-08
CUST00331,Neha Singh,Male,38.0,Indore,Madhya Pradesh,2023-11-10
CUST00332,Nikhil Mehta,Female,23.0,Ahmedabad,Gujarat,2024-12-09
CUST00333,Shreya Gupta,Male,58.0,Jaipur,Rajasthan,2024-02-07
CUST00334,Arjun Mishra,Male,,Lucknow,Uttar Pradesh,2025-12-28
CUST00335,Priya Jha,Female,54.0,Surat,Gujarat,2023-11-12
CUST00336,Arjun Sharma,Female,59.0,Mumbai,Maharashtra,2023-02-28
CUST00337,Meera Jha,Male,49.0,Pune,Maharashtra,2025-05-03
CUST00338,Neha Roy,Male,61.0,Nagpur,Maharashtra,2024-08-16
CUST00339,Amit Kumar,Male,28.0,Ranchi,Jharkhand,2024-09-01
CUST00340,Riya Roy,Male,39.0,Guwahati,Assam,2025-05-01
CUST00341,Aditya Shah,Female,64.0,Noida,Uttar Pradesh,2023-10-22
CUST00342,Rahul Choudhary,Female,50.0,Bhopal,Madhya Pradesh,2025-03-27
CUST00343,Aditya Verma,Female,25.0,Nagpur,Maharashtra,2023-08-06
CUST00344,Sneha Singh,Male,21.0,Jaipur,Rajasthan,2025-07-09
CUST00345,Meera Das,Male,28.0,Lucknow,Uttar Pradesh,2025-02-25
CUST00346,Rohan Choudhary,Male,49.0,Patna,Bihar,2024-10-02
CUST00347,Riya Mehta,Female,49.0,Indore,Madhya Pradesh,2025-08-14
CUST00348,Karan Mishra,Female,33.0,Delhi,Delhi,2023-07-04
CUST00349,Aditi Sharma,Female,49.0,Pune,Maharashtra,2024-12-23
CUST00350,Neha Mishra,Male,24.0,Noida,Uttar Pradesh,2025-08-21
CUST00351,Vikram Sinha,Female,43.0,Bhubaneswar,Odisha,2023-10-02
CUST00352,Karan Sharma,Male,41.0,Bhopal,Madhya Pradesh,2023-04-03
CUST00353,Arjun Das,Female,53.0,Nagpur,Maharashtra,2024-08-14
CUST00354,Rahul Kumar,Female,41.0,Jaipur,Rajasthan,2023-09-01
CUST00355,Rahul Verma,Female,50.0,Patna,Bihar,2025-01-18
CUST00356,Aditi Singh,Female,48.0,Mumbai,Maharashtra,2023-04-03
CUST00357,Rahul Yadav,Male,38.0,Indore,Madhya Pradesh,2025-07-24
CUST00358,Priya Das,Female,55.0,Noida,Uttar Pradesh,2024-10-14
CUST00359,Nikhil Mishra,Female,63.0,Patna,Bihar,2025-11-04
CUST00360,Riya Shah,Male,41.0,Surat,Gujarat,2024-09-05
CUST00361,Kavya Yadav,Female,64.0,Patna,Bihar,2023-08-13
CUST00362,Vikram Jha,Male,64.0,Delhi,Delhi,2025-08-29
CUST00363,Priya Mishra,Female,27.0,Mumbai,Maharashtra,2025-09-10
CUST00364,Sanjay Sinha,Male,30.0,Ahmedabad,Gujarat,2023-03-06
CUST00365,Aditya Das,Male,44.0,Delhi,Delhi,2025-06-22
CUST00366,Nikhil Choudhary,Female,65.0,Pune,Maharashtra,2025-04-20
CUST00367,Nikhil Verma,Female,60.0,Mumbai,Maharashtra,2023-10-10
CUST00368,Karan Patel,Male,47.0,Chandigarh,Chandigarh,2025-12-12
CUST00369,Shreya Patel,Female,57.0,Nagpur,Maharashtra,2024-12-02
CUST00370,Sneha Gupta,Female,32.0,Chandigarh,Chandigarh,2024-01-29
CUST00371,Rohan Sinha,Female,38.0,Lucknow,Uttar Pradesh,2024-08-14
CUST00372,Shreya Mehta,Female,36.0,Chandigarh,Chandigarh,2024-12-15
CUST00373,Karan Shah,Female,27.0,Hyderabad,Telangana,2025-02-16
CUST00374,Neha Sinha,Male,40.0,Lucknow,Uttar Pradesh,2023-03-28
CUST00375,Riya Verma,Male,52.0,Guwahati,Assam,2024-06-09
CUST00376,Rahul Kumar,Male,33.0,Jaipur,Rajasthan,2024-07-10
CUST00377,Sneha Jha,Male,21.0,Mumbai,Maharashtra,2025-12-23
CUST00378,Aditya Sinha,Female,24.0,Hyderabad,Telangana,2025-04-26
CUST00379,Shreya Mehta,Male,44.0,Chennai,Tamil Nadu,2023-01-11
CUST00380,Rohan Choudhary,Female,38.0,Chandigarh,Chandigarh,2025-09-04
CUST00381,Arjun Jha,Male,52.0,Lucknow,Uttar Pradesh,2023-05-02
CUST00382,Kavya Mehta,Male,20.0,Mumbai,Maharashtra,2023-12-25
CUST00383,Priya Mehta,Female,20.0,Ranchi,Jharkhand,2025-10-11
CUST00384,Sanjay Yadav,Male,39.0,Delhi,Delhi,2024-09-03
CUST00385,Shreya Mishra,Female,26.0,Lucknow,Uttar Pradesh,2025-07-19
CUST00386,Vikram Verma,Male,39.0,Indore,Madhya Pradesh,2025-08-16
CUST00387,Vikram Sinha,Male,18.0,Kolkata,West Bengal,2025-07-28
CUST00388,Sanjay Jha,Male,29.0,Patna,Bihar,2024-08-27
CUST00389,Kavya Mishra,Female,23.0,Noida,Uttar Pradesh,2025-04-10
CUST00390,Priya Singh,Female,38.0,Ranchi,Jharkhand,2023-07-15
CUST00391,Vikram Das,Male,46.0,Ahmedabad,Gujarat,2023-01-14
CUST00392,Neha Yadav,Male,34.0,Jaipur,Rajasthan,2024-11-06
CUST00393,Aditi Jha,Male,47.0,Bhopal,Madhya Pradesh,2024-04-28
CUST00394,Karan Jha,Female,,Lucknow,Uttar Pradesh,2023-11-24
CUST00395,Pooja Yadav,Male,32.0,Hyderabad,Telangana,2024-08-27
CUST00396,Rahul Roy,Female,44.0,Chennai,Tamil Nadu,2025-09-06
CUST00397,Shreya Choudhary,Male,33.0,Nagpur,Maharashtra,2025-08-22
CUST00398,Nikhil Roy,Female,22.0,Noida,Uttar Pradesh,2023-06-17
CUST00399,Aditi Shah,Male,54.0,Surat,Gujarat,2023-08-18
CUST00400,Priya Patel,Female,25.0,Nagpur,Maharashtra,2023-11-03
CUST00401,Arjun Mehta,Female,21.0,Pune,Maharashtra,2025-09-28
CUST00402,Nikhil Das,Female,54.0,Guwahati,Assam,2023-09-28
CUST00403,Neha Sinha,Male,43.0,Mumbai,Maharashtra,2025-08-04
CUST00404,Rohan Yadav,Male,20.0,Jaipur,Rajasthan,2023-01-07
CUST00405,Arjun Mishra,Male,22.0,Bhubaneswar,Odisha,2024-12-06
CUST00406,Neha Das,Male,26.0,Chandigarh,Chandigarh,2023-03-06
CUST00407,Karan Roy,Female,42.0,Bhubaneswar,Odisha,2025-02-05
CUST00408,Pooja Kumar,Male,52.0,Bengaluru,Karnataka,2023-09-30
CUST00409,Rahul Sinha,Male,18.0,Ranchi,Jharkhand,2025-12-19
CUST00410,Amit Jha,Female,52.0,Delhi,Delhi,2024-09-03
CUST00411,Sneha Roy,Female,27.0,Ranchi,Jharkhand,2024-04-15
CUST00412,Ananya Sharma,Female,57.0,Jaipur,Rajasthan,2024-01-22
CUST00413,Rohan Kumar,Male,56.0,Delhi,Delhi,2024-05-07
CUST00414,Meera Jha,Male,33.0,Mumbai,Maharashtra,2025-07-03
CUST00415,Amit Verma,Male,21.0,Mumbai,Maharashtra,2025-04-03
CUST00416,Neha Verma,Female,54.0,Chennai,Tamil Nadu,2025-10-28
CUST00417,Sneha Gupta,Male,60.0,Noida,Uttar Pradesh,2024-10-18
CUST00418,Kavya Gupta,Female,21.0,Indore,Madhya Pradesh,2024-03-28
CUST00419,Kavya Mishra,Female,21.0,Nagpur,Maharashtra,2023-12-25
CUST00420,Nikhil Patel,Female,44.0,Bhopal,Madhya Pradesh,2025-02-19
CUST00421,Karan Singh,Female,33.0,Chennai,Tamil Nadu,2024-09-06
CUST00422,Rahul Choudhary,Female,21.0,Ahmedabad,Gujarat,2024-09-07
CUST00423,Kavya Mishra,Male,42.0,Nagpur,Maharashtra,2025-04-25
CUST00424,Rohan Patel,Male,46.0,Ahmedabad,Gujarat,2024-06-06
CUST00425,Shreya Sinha,Male,21.0,Bhopal,Madhya Pradesh,2023-07-09
CUST00426,Meera Yadav,Male,22.0,Jaipur,Rajasthan,2025-02-11
CUST00427,Riya Verma,Female,37.0,Pune,Maharashtra,2024-03-20
CUST00428,Rohan Sinha,Male,65.0,Delhi,Delhi,2024-03-09
CUST00429,Meera Sinha,Male,43.0,Chandigarh,Chandigarh,2024-05-11
CUST00430,Neha Das,Female,52.0,Ahmedabad,Gujarat,2024-10-20
CUST00431,Vikram Patel,Female,47.0,Bhopal,Madhya Pradesh,2024-09-23
CUST00432,Aditya Mehta,Male,41.0,Hyderabad,Telangana,2025-08-19
CUST00433,Aditi Yadav,Male,65.0,Patna,Bihar,2025-04-27
CUST00434,Vikram Mishra,Female,36.0,Chennai,Tamil Nadu,2023-02-03
CUST00435,Aditya Verma,Female,54.0,Chennai,Tamil Nadu,2024-02-06
CUST00436,Shreya Jha,Female,34.0,Ahmedabad,Gujarat,2025-10-19
CUST00437,Amit Singh,Female,28.0,Chandigarh,Chandigarh,2025-10-01
CUST00438,Priya Mehta,Male,51.0,Chennai,Tamil Nadu,2025-09-27
CUST00439,Aditi Choudhary,Male,44.0,Mumbai,Maharashtra,2023-06-02
CUST00440,Arjun Sinha,Male,18.0,Chennai,Tamil Nadu,2024-04-18
CUST00441,Amit Patel,Male,57.0,Pune,Maharashtra,2025-11-01
CUST00442,Riya Sharma,Male,52.0,Noida,Uttar Pradesh,2025-09-16
CUST00443,Aarav Sharma,Female,52.0,Nagpur,Maharashtra,2025-04-22
CUST00444,Nikhil Shah,Female,29.0,Lucknow,Uttar Pradesh,2023-02-05
CUST00445,Nikhil Singh,Male,30.0,Hyderabad,Telangana,2023-07-17
CUST00446,Vikram Shah,Female,35.0,Noida,Uttar Pradesh,2025-12-14
CUST00447,Pooja Das,Female,54.0,Ranchi,Jharkhand,2023-06-11
CUST00448,Neha Jha,Male,59.0,Ahmedabad,Gujarat,2024-04-07
CUST00449,Karan Das,Female,53.0,Mumbai,Maharashtra,2023-07-11
CUST00450,Aarav Sinha,Male,23.0,Chandigarh,Chandigarh,2023-04-25
CUST00451,Aditya Yadav,Male,51.0,Chandigarh,Chandigarh,2025-06-07
CUST00452,Rohan Mehta,Female,35.0,Mumbai,Maharashtra,2024-04-15
CUST00453,Vikram Mehta,Male,29.0,Mumbai,Maharashtra,2023-06-02
CUST00454,Rohan Yadav,Male,63.0,Patna,Bihar,2023-02-02
CUST00455,Neha Singh,Male,54.0,Ranchi,Jharkhand,2023-06-07
CUST00456,Karan Choudhary,Male,62.0,Ranchi,Jharkhand,2024-11-10
CUST00457,Pooja Sharma,Male,45.0,Bengaluru,Karnataka,2025-10-22
CUST00458,Aditya Yadav,Female,38.0,Ahmedabad,Gujarat,2023-06-05
CUST00459,Amit Roy,Male,40.0,Delhi,Delhi,2024-07-13
CUST00460,Kavya Singh,Female,23.0,Nagpur,Maharashtra,2025-02-07
CUST00461,Sneha Sinha,Male,23.0,Noida,Uttar Pradesh,2024-08-27
CUST00462,Karan Sinha,Male,65.0,Jaipur,Rajasthan,2023-11-12
CUST00463,Pooja Kumar,Male,18.0,Ranchi,Jharkhand,2024-10-10
CUST00464,Pooja Choudhary,Female,24.0,Lucknow,Uttar Pradesh,2025-06-29
CUST00465,Priya Das,Female,53.0,Chennai,Tamil Nadu,2023-06-28
CUST00466,Kavya Kumar,Male,23.0,Nagpur,Maharashtra,2025-11-15
CUST00467,Meera Yadav,Female,42.0,Bhopal,Madhya Pradesh,2023-07-10
CUST00468,Kavya Das,Male,64.0,Delhi,Delhi,2024-08-20
CUST00469,Sanjay Mishra,Male,61.0,Nagpur,Maharashtra,2024-05-12
CUST00470,Rahul Gupta,Female,35.0,Ranchi,Jharkhand,2023-12-14
CUST00471,Arjun Singh,Female,35.0,Chandigarh,Chandigarh,2023-10-26
CUST00472,Riya Choudhary,Male,41.0,Bhubaneswar,Odisha,2024-09-05
CUST00473,Riya Yadav,Male,47.0,Jaipur,Rajasthan,2024-05-20
CUST00474,Neha Sharma,Female,39.0,Hyderabad,Telangana,2023-10-05
CUST00475,Aditya Roy,Female,45.0,Noida,Uttar Pradesh,2025-02-17
CUST00476,Neha Patel,Male,48.0,Noida,Uttar Pradesh,2023-10-06
CUST00477,Karan Patel,Female,65.0,Patna,Bihar,2023-12-30
CUST00478,Aditya Das,Female,43.0,Chandigarh,Chandigarh,2024-05-11
CUST00479,Sanjay Verma,Male,61.0,Bhopal,Madhya Pradesh,2023-08-22
CUST00480,Amit Sinha,Male,46.0,Nagpur,Maharashtra,2023-02-25
CUST00481,Kavya Jha,Female,26.0,Lucknow,Uttar Pradesh,2023-05-22
CUST00482,Vikram Jha,Male,63.0,Lucknow,Uttar Pradesh,2024-05-10
CUST00483,Arjun Roy,Female,55.0,Bhubaneswar,Odisha,2025-02-11
CUST00484,Nikhil Mehta,Female,52.0,Ranchi,Jharkhand,2025-12-30
CUST00485,Shreya Yadav,Male,24.0,Mumbai,Maharashtra,2025-01-06
CUST00486,Priya Jha,Male,54.0,Ahmedabad,Gujarat,2024-12-28
CUST00487,Kavya Kumar,Male,,Ranchi,Jharkhand,2024-11-10
CUST00488,Nikhil Sinha,Male,46.0,Jaipur,Rajasthan,2024-03-30
CUST00489,Amit Choudhary,Male,40.0,Bhopal,Madhya Pradesh,2025-03-12
CUST00490,Ananya Gupta,Female,23.0,Delhi,Delhi,2025-09-15
CUST00491,Pooja Gupta,Female,47.0,Hyderabad,Telangana,2023-10-18
CUST00492,Riya Patel,Female,24.0,Pune,Maharashtra,2025-12-03
CUST00493,Aditya Kumar,Female,20.0,Guwahati,Assam,2025-07-15
CUST00494,Aditya Jha,Male,61.0,Hyderabad,Telangana,2023-02-16
CUST00495,Nikhil Singh,Male,39.0,Kolkata,West Bengal,2024-05-14
CUST00496,Amit Verma,Female,58.0,Nagpur,Maharashtra,2025-05-23
CUST00497,Kavya Das,Male,65.0,Kolkata,West Bengal,2024-01-17
CUST00498,Amit Yadav,Female,42.0,Noida,Uttar Pradesh,2024-02-09
CUST00499,Rohan Gupta,Male,54.0,Delhi,Delhi,2024-03-15
CUST00500,Pooja Patel,Male,47.0,Hyderabad,Telangana,2024-01-18
CUST00501,Riya Mishra,Female,56.0,Hyderabad,Telangana,2024-06-21
CUST00502,Sanjay Kumar,Female,,Ranchi,Jharkhand,2025-03-14
CUST00503,Neha Mehta,Male,61.0,Guwahati,Assam,2023-12-20
CUST00504,Ananya Verma,Female,25.0,Chennai,Tamil Nadu,2024-10-03
CUST00505,Rahul Mishra,Female,44.0,Kolkata,West Bengal,2025-02-03
CUST00506,Sanjay Das,Female,29.0,Noida,Uttar Pradesh,2023-10-10
CUST00507,Shreya Singh,Female,36.0,Chandigarh,Chandigarh,2023-12-21
CUST00508,Aditya Shah,Female,57.0,Chennai,Tamil Nadu,2024-01-19
CUST00509,Aarav Roy,Male,30.0,Mumbai,Maharashtra,2025-01-05
CUST00510,Riya Das,Female,44.0,Ranchi,Jharkhand,2025-11-01
CUST00511,Priya Kumar,Male,32.0,Guwahati,Assam,2025-09-27
CUST00512,Vikram Verma,Female,28.0,Lucknow,Uttar Pradesh,2023-03-08
CUST00513,Shreya Mishra,Male,54.0,Guwahati,Assam,2025-10-11
CUST00514,Shreya Shah,Female,52.0,Hyderabad,Telangana,2024-07-02
CUST00515,Shreya Verma,Female,24.0,Mumbai,Maharashtra,2025-06-22
CUST00516,Aditi Roy,Female,40.0,Ahmedabad,Gujarat,2024-09-01
CUST00517,Ananya Choudhary,Male,31.0,Bengaluru,Karnataka,2025-06-18
CUST00518,Meera Jha,Female,28.0,Surat,Gujarat,2024-12-19
CUST00519,Rohan Shah,Male,21.0,Noida,Uttar Pradesh,2023-10-13
CUST00520,Shreya Gupta,Male,38.0,Surat,Gujarat,2024-12-19
CUST00521,Sanjay Gupta,Male,26.0,Lucknow,Uttar Pradesh,2024-08-15
CUST00522,Vikram Shah,Male,62.0,Bhubaneswar,Odisha,2023-05-02
CUST00523,Rahul Sinha,Female,33.0,Chennai,Tamil Nadu,2024-05-26
CUST00524,Rahul Yadav,Female,58.0,Ranchi,Jharkhand,2025-09-29
CUST00525,Amit Kumar,Male,43.0,Bhubaneswar,Odisha,2025-02-07
CUST00526,Pooja Roy,Female,38.0,Indore,Madhya Pradesh,2024-07-23
CUST00527,Arjun Sinha,Female,58.0,Surat,Gujarat,2023-01-06
CUST00528,Shreya Das,Male,45.0,Bhopal,Madhya Pradesh,2023-05-10
CUST00529,Vikram Patel,Female,39.0,Pune,Maharashtra,2025-10-10
CUST00530,Sanjay Shah,Female,39.0,Nagpur,Maharashtra,2023-09-25
CUST00531,Ananya Jha,Female,19.0,Mumbai,Maharashtra,2023-04-05
CUST00532,Amit Roy,Male,45.0,Hyderabad,Telangana,2023-11-20
CUST00533,Neha Singh,Female,23.0,Pune,Maharashtra,2023-09-28
CUST00534,Arjun Patel,Male,21.0,Bhopal,Madhya Pradesh,2024-05-27
CUST00535,Sneha Das,Male,63.0,Ranchi,Jharkhand,2024-09-17
CUST00536,Rohan Roy,Male,26.0,Hyderabad,Telangana,2023-01-03
CUST00537,Nikhil Jha,Female,18.0,Surat,Gujarat,2024-04-08
CUST00538,Ananya Shah,Female,62.0,Delhi,Delhi,2024-12-04
CUST00539,Arjun Verma,Female,23.0,Chennai,Tamil Nadu,2025-09-05
CUST00540,Aditya Patel,Female,26.0,Hyderabad,Telangana,2023-07-31
CUST00541,Rahul Kumar,Male,57.0,Ranchi,Jharkhand,2023-09-30
CUST00542,Pooja Sinha,Male,58.0,Kolkata,West Bengal,2025-06-20
CUST00543,Meera Jha,Female,31.0,Chennai,Tamil Nadu,2025-04-23
CUST00544,Rahul Choudhary,Male,55.0,Bengaluru,Karnataka,2023-07-25
CUST00545,Kavya Patel,Male,33.0,Ranchi,Jharkhand,2024-12-20
CUST00546,Sneha Mishra,Female,62.0,Jaipur,Rajasthan,2023-06-22
CUST00547,Rohan Mishra,Male,65.0,Delhi,Delhi,2024-09-09
CUST00548,Aditi Choudhary,Male,49.0,Ranchi,Jharkhand,2024-08-28
CUST00549,Sneha Roy,Male,51.0,Ranchi,Jharkhand,2023-08-19
CUST00550,Aditya Singh,Female,54.0,Delhi,Delhi,2025-01-09
CUST00551,Shreya Jha,Male,48.0,Bhubaneswar,Odisha,2025-01-18
CUST00552,Sanjay Kumar,Male,34.0,Bengaluru,Karnataka,2023-02-04
CUST00553,Aditi Choudhary,Female,50.0,Pune,Maharashtra,2023-03-23
CUST00554,Kavya Das,Female,23.0,Lucknow,Uttar Pradesh,2025-10-23
CUST00555,Vikram Kumar,Female,23.0,Nagpur,Maharashtra,2023-11-09
CUST00556,Rahul Mishra,Female,43.0,Indore,Madhya Pradesh,2024-02-21
CUST00557,Neha Sinha,Female,64.0,Surat,Gujarat,2023-05-16
CUST00558,Sneha Kumar,Female,25.0,Ahmedabad,Gujarat,2023-04-29
CUST00559,Neha Jha,Male,25.0,Guwahati,Assam,2023-04-23
CUST00560,Aarav Singh,Female,40.0,Delhi,Delhi,2023-10-09
CUST00561,Vikram Singh,Female,26.0,Indore,Madhya Pradesh,2025-11-25
CUST00562,Aarav Patel,Female,35.0,Jaipur,Rajasthan,2023-08-30
CUST00563,Vikram Sinha,Male,49.0,Indore,Madhya Pradesh,2023-05-11
CUST00564,Pooja Sharma,Female,54.0,Guwahati,Assam,2025-11-12
CUST00565,Priya Gupta,Male,54.0,Kolkata,West Bengal,2025-01-23
CUST00566,Nikhil Sharma,Male,18.0,Hyderabad,Telangana,2024-04-12
CUST00567,Riya Patel,Female,27.0,Ahmedabad,Gujarat,2023-04-05
CUST00568,Shreya Choudhary,Female,32.0,Kolkata,West Bengal,2023-03-14
CUST00569,Kavya Mehta,Female,35.0,Patna,Bihar,2024-05-23
CUST00570,Ananya Mishra,Male,29.0,Bengaluru,Karnataka,2025-02-02
CUST00571,Aditi Das,Male,47.0,Ahmedabad,Gujarat,2025-11-22
CUST00572,Aditya Kumar,Female,18.0,Lucknow,Uttar Pradesh,2024-09-28
CUST00573,Neha Yadav,Female,65.0,Bhopal,Madhya Pradesh,2024-02-15
CUST00574,Amit Patel,Female,30.0,Noida,Uttar Pradesh,2024-05-11
CUST00575,Rahul Sharma,Female,19.0,Nagpur,Maharashtra,2024-05-17
CUST00576,Aarav Patel,Male,60.0,Ahmedabad,Gujarat,2024-12-10
CUST00577,Ananya Verma,Male,44.0,Ranchi,Jharkhand,2024-09-21
CUST00578,Rahul Sinha,Female,23.0,Chandigarh,Chandigarh,2023-05-03
CUST00579,Nikhil Das,Female,47.0,Mumbai,Maharashtra,2024-04-19
CUST00580,Nikhil Singh,Female,22.0,Bengaluru,Karnataka,2023-07-15
CUST00581,Kavya Jha,Male,33.0,Surat,Gujarat,2023-05-08
CUST00582,Aditya Mehta,Female,62.0,Lucknow,Uttar Pradesh,2024-06-18
CUST00583,Amit Gupta,Male,22.0,Patna,Bihar,2024-10-13
CUST00584,Sanjay Kumar,Male,24.0,Pune,Maharashtra,2023-10-06
CUST00585,Amit Patel,Female,25.0,Kolkata,West Bengal,2025-07-09
CUST00586,Rohan Roy,Female,47.0,Nagpur,Maharashtra,2025-01-03
CUST00587,Arjun Singh,Female,63.0,Jaipur,Rajasthan,2023-09-03
CUST00588,Rohan Shah,Female,27.0,Noida,Uttar Pradesh,2023-03-24
CUST00589,Pooja Das,Male,61.0,Bengaluru,Karnataka,2024-05-23
CUST00590,Priya Sharma,Female,,Lucknow,Uttar Pradesh,2024-06-16
CUST00591,Ananya Roy,Male,26.0,Nagpur,Maharashtra,2024-05-26
CUST00592,Aditi Shah,Male,26.0,Hyderabad,Telangana,2023-01-25
CUST00593,Pooja Jha,Male,55.0,Pune,Maharashtra,2025-03-31
CUST00594,Arjun Sharma,Male,30.0,Surat,Gujarat,2024-06-14
CUST00595,Arjun Mehta,Female,25.0,Guwahati,Assam,2023-09-21
CUST00596,Aditi Singh,Female,64.0,Mumbai,Maharashtra,2025-08-02
CUST00597,Aarav Das,Female,29.0,Ranchi,Jharkhand,2025-10-13
CUST00598,Priya Gupta,Female,46.0,Bhopal,Madhya Pradesh,2024-03-15
CUST00599,Meera Yadav,Male,59.0,Chennai,Tamil Nadu,2023-03-12
CUST00600,Kavya Mehta,Female,21.0,Lucknow,Uttar Pradesh,2025-10-18
CUST00601,Karan Singh,Female,30.0,Bengaluru,Karnataka,2024-07-26
CUST00602,Shreya Choudhary,Male,42.0,Indore,Madhya Pradesh,2024-05-25
CUST00603,Shreya Choudhary,Female,40.0,Bhopal,Madhya Pradesh,2025-09-09
CUST00604,Aditya Das,Female,29.0,Surat,Gujarat,2025-10-25
CUST00605,Meera Verma,Male,35.0,Delhi,Delhi,2024-10-15
CUST00606,Nikhil Patel,Male,28.0,Mumbai,Maharashtra,2025-08-24
CUST00607,Sneha Gupta,Male,32.0,Hyderabad,Telangana,2024-05-22
CUST00608,Pooja Mehta,Male,29.0,Surat,Gujarat,2025-03-06
CUST00609,Pooja Mehta,Male,63.0,Ahmedabad,Gujarat,2024-10-13
CUST00610,Sanjay Verma,Female,52.0,Bhopal,Madhya Pradesh,2023-10-19
CUST00611,Riya Sharma,Male,21.0,Lucknow,Uttar Pradesh,2023-12-26
CUST00612,Aarav Mishra,Female,18.0,Ahmedabad,Gujarat,2024-03-24
CUST00613,Rahul Patel,Male,38.0,Patna,Bihar,2024-02-17
CUST00614,Rahul Yadav,Male,25.0,Mumbai,Maharashtra,2023-02-14
CUST00615,Arjun Patel,Female,55.0,Indore,Madhya Pradesh,2025-01-17
CUST00616,Neha Patel,Male,28.0,Hyderabad,Telangana,2024-11-20
CUST00617,Aditya Singh,Female,32.0,Bhubaneswar,Odisha,2025-09-24
CUST00618,Karan Gupta,Female,26.0,Surat,Gujarat,2023-12-26
CUST00619,Sanjay Das,Male,29.0,Kolkata,West Bengal,2023-01-04
CUST00620,Meera Verma,Male,49.0,Noida,Uttar Pradesh,2024-10-13
CUST00621,Arjun Verma,Female,38.0,Chennai,Tamil Nadu,2024-11-09
CUST00622,Aditya Roy,Male,34.0,Kolkata,West Bengal,2023-07-01
CUST00623,Arjun Patel,Female,24.0,Pune,Maharashtra,2024-05-26
CUST00624,Karan Roy,Female,28.0,Delhi,Delhi,2023-04-09
CUST00625,Karan Patel,Female,24.0,Bhubaneswar,Odisha,2025-10-06
CUST00626,Priya Roy,Male,20.0,Chandigarh,Chandigarh,2024-04-06
CUST00627,Aditya Gupta,Male,22.0,Lucknow,Uttar Pradesh,2023-02-11
CUST00628,Karan Singh,Male,53.0,Patna,Bihar,2023-12-15
CUST00629,Meera Yadav,Female,63.0,Bengaluru,Karnataka,2024-11-23
CUST00630,Priya Yadav,Female,28.0,Delhi,Delhi,2025-06-02
CUST00631,Aditya Verma,Male,44.0,Mumbai,Maharashtra,2023-07-27
CUST00632,Neha Gupta,Male,24.0,Nagpur,Maharashtra,2024-06-27
CUST00633,Sanjay Mishra,Female,27.0,Mumbai,Maharashtra,2025-03-15
CUST00634,Aarav Das,Male,36.0,Mumbai,Maharashtra,2025-01-08
CUST00635,Rohan Kumar,Male,31.0,Noida,Uttar Pradesh,2025-09-10
CUST00636,Arjun Roy,Male,37.0,Kolkata,West Bengal,2024-08-20
CUST00637,Riya Mehta,Female,23.0,Ranchi,Jharkhand,2025-08-22
CUST00638,Priya Patel,Female,41.0,Nagpur,Maharashtra,2025-03-04
CUST00639,Aditi Gupta,Female,47.0,Kolkata,West Bengal,2025-07-01
CUST00640,Vikram Yadav,Male,27.0,Jaipur,Rajasthan,2024-04-08
CUST00641,Pooja Choudhary,Female,55.0,Hyderabad,Telangana,2023-06-25
CUST00642,Karan Shah,Female,52.0,Ahmedabad,Gujarat,2023-05-05
CUST00643,Riya Gupta,Male,,Chandigarh,Chandigarh,2024-04-27
CUST00644,Sanjay Mehta,Male,25.0,Mumbai,Maharashtra,2025-10-25
CUST00645,Priya Verma,Male,26.0,Guwahati,Assam,2023-12-21
CUST00646,Arjun Jha,Female,30.0,Mumbai,Maharashtra,2025-05-17
CUST00647,Aditya Mehta,Male,23.0,Chennai,Tamil Nadu,2024-06-12
CUST00648,Shreya Patel,Female,51.0,Ranchi,Jharkhand,2025-03-24
CUST00649,Meera Yadav,Female,25.0,Guwahati,Assam,2023-01-26
CUST00650,Rahul Yadav,Male,24.0,Bhubaneswar,Odisha,2023-11-03
CUST00651,Neha Shah,Female,44.0,Surat,Gujarat,2023-07-26
CUST00652,Riya Yadav,Female,20.0,Jaipur,Rajasthan,2025-02-23
CUST00653,Karan Singh,Female,20.0,Kolkata,West Bengal,2024-07-18
CUST00654,Sneha Sharma,Female,35.0,Ranchi,Jharkhand,2024-11-09
CUST00655,Aditya Shah,Female,37.0,Bhopal,Madhya Pradesh,2023-02-11
CUST00656,Ananya Shah,Male,26.0,Jaipur,Rajasthan,2025-10-03
CUST00657,Aditya Gupta,Female,56.0,Lucknow,Uttar Pradesh,2025-06-26
CUST00658,Amit Verma,Female,65.0,Bengaluru,Karnataka,2024-01-20
CUST00659,Pooja Shah,Male,50.0,Chandigarh,Chandigarh,2025-11-23
CUST00660,Neha Sinha,Female,26.0,Kolkata,West Bengal,2023-05-15
CUST00661,Priya Verma,Male,21.0,Indore,Madhya Pradesh,2023-03-01
CUST00662,Amit Sharma,Female,63.0,Ahmedabad,Gujarat,2023-03-09
CUST00663,Pooja Shah,Female,50.0,Pune,Maharashtra,2024-07-15
CUST00664,Aarav Verma,Female,49.0,Ranchi,Jharkhand,2023-09-11
CUST00665,Priya Shah,Female,55.0,Noida,Uttar Pradesh,2025-07-02
CUST00666,Pooja Singh,Female,65.0,Nagpur,Maharashtra,2024-12-17
CUST00667,Aarav Das,Male,28.0,Bengaluru,Karnataka,2024-08-06
CUST00668,Sneha Jha,Male,61.0,Surat,Gujarat,2024-03-14
CUST00669,Kavya Mishra,Male,61.0,Pune,Maharashtra,2024-07-05
CUST00670,Rahul Jha,Male,56.0,Delhi,Delhi,2025-08-28
CUST00671,Vikram Yadav,Female,63.0,Delhi,Delhi,2024-04-03
CUST00672,Karan Shah,Female,47.0,Jaipur,Rajasthan,2025-05-17
CUST00673,Amit Gupta,Female,55.0,Jaipur,Rajasthan,2024-03-22
CUST00674,Nikhil Jha,Female,53.0,Hyderabad,Telangana,2023-01-16
CUST00675,Neha Jha,Male,48.0,Noida,Uttar Pradesh,2024-08-01
CUST00676,Vikram Jha,Female,35.0,Bengaluru,Karnataka,2024-11-19
CUST00677,Rohan Singh,Male,21.0,Jaipur,Rajasthan,2024-09-03
CUST00678,Aditya Jha,Male,64.0,Noida,Uttar Pradesh,2025-04-07
CUST00679,Neha Gupta,Female,43.0,Delhi,Delhi,2025-10-15
CUST00680,Sanjay Sinha,Male,39.0,Ranchi,Jharkhand,2023-03-14
CUST00681,Riya Mehta,Female,50.0,Ahmedabad,Gujarat,2025-12-30
CUST00682,Shreya Singh,Female,24.0,Lucknow,Uttar Pradesh,2023-12-15
CUST00683,Vikram Sinha,Male,61.0,Chandigarh,Chandigarh,2023-09-20
CUST00684,Sneha Patel,Male,65.0,Patna,Bihar,2023-07-02
CUST00685,Aditya Patel,Female,55.0,Lucknow,Uttar Pradesh,2025-05-11
CUST00686,Ananya Roy,Male,58.0,Lucknow,Uttar Pradesh,2025-08-07
CUST00687,Riya Mehta,Male,50.0,Surat,Gujarat,2023-05-26
CUST00688,Nikhil Gupta,Female,21.0,Hyderabad,Telangana,2025-02-20
CUST00689,Rohan Patel,Female,54.0,Chennai,Tamil Nadu,2023-10-09
CUST00690,Aditya Shah,Male,23.0,Guwahati,Assam,2023-10-21
CUST00691,Priya Patel,Male,18.0,Chandigarh,Chandigarh,2024-11-12
CUST00692,Rohan Choudhary,Male,54.0,Guwahati,Assam,2024-07-14
CUST00693,Arjun Singh,Female,58.0,Kolkata,West Bengal,2025-09-29
CUST00694,Kavya Roy,Female,18.0,Bhubaneswar,Odisha,2025-04-06
CUST00695,Rohan Sinha,Female,18.0,Mumbai,Maharashtra,2025-12-29
CUST00696,Rohan Sharma,Male,58.0,Patna,Bihar,2025-12-23
CUST00697,Pooja Gupta,Male,24.0,Ahmedabad,Gujarat,2024-04-08
CUST00698,Sanjay Gupta,Male,22.0,Ranchi,Jharkhand,2025-10-27
CUST00699,Neha Roy,Female,45.0,Mumbai,Maharashtra,2024-09-02
CUST00700,Riya Patel,Male,28.0,Chennai,Tamil Nadu,2024-12-02
CUST00701,Sneha Verma,Male,31.0,Ranchi,Jharkhand,2023-02-09
CUST00702,Priya Kumar,Female,63.0,Delhi,Delhi,2025-10-30
CUST00703,Vikram Choudhary,Male,56.0,Mumbai,Maharashtra,2025-02-07
CUST00704,Aarav Sharma,Male,44.0,Mumbai,Maharashtra,2023-08-10
CUST00705,Ananya Mishra,Female,48.0,Guwahati,Assam,2025-02-17
CUST00706,Aarav Gupta,Female,,Chennai,Tamil Nadu,2024-02-25
CUST00707,Vikram Yadav,Male,44.0,Hyderabad,Telangana,2025-12-01
CUST00708,Meera Kumar,Female,25.0,Hyderabad,Telangana,2025-11-13
CUST00709,Rohan Yadav,Male,34.0,Hyderabad,Telangana,2025-10-16
CUST00710,Pooja Sinha,Female,36.0,Indore,Madhya Pradesh,2024-02-18
CUST00711,Shreya Roy,Male,62.0,Kolkata,West Bengal,2023-03-22
CUST00712,Sneha Sharma,Male,60.0,Chandigarh,Chandigarh,2024-11-08
CUST00713,Sanjay Jha,Female,27.0,Bengaluru,Karnataka,2023-08-15
CUST00714,Arjun Sinha,Male,34.0,Bengaluru,Karnataka,2025-11-13
CUST00715,Neha Gupta,Female,21.0,Ahmedabad,Gujarat,2025-07-24
CUST00716,Aditi Shah,Female,41.0,Hyderabad,Telangana,2023-12-24
CUST00717,Ananya Kumar,Male,18.0,Patna,Bihar,2025-05-22
CUST00718,Aditya Patel,Female,57.0,Chennai,Tamil Nadu,2023-12-16
CUST00719,Pooja Shah,Female,29.0,Jaipur,Rajasthan,2023-07-10
CUST00720,Karan Roy,Female,42.0,Hyderabad,Telangana,2025-03-31
CUST00721,Priya Kumar,Male,62.0,Chandigarh,Chandigarh,2025-05-13
CUST00722,Ananya Das,Female,54.0,Mumbai,Maharashtra,2023-11-23
CUST00723,Meera Das,Female,57.0,Guwahati,Assam,2024-01-07
CUST00724,Riya Mehta,Female,25.0,Delhi,Delhi,2023-09-25
CUST00725,Aditi Kumar,Female,59.0,Bhubaneswar,Odisha,2025-06-21
CUST00726,Nikhil Choudhary,Male,60.0,Patna,Bihar,2023-01-26
CUST00727,Nikhil Sinha,Male,45.0,Patna,Bihar,2025-11-29
CUST00728,Pooja Jha,Female,27.0,Ahmedabad,Gujarat,2025-09-13
CUST00729,Aarav Jha,Male,50.0,Nagpur,Maharashtra,2023-04-22
CUST00730,Priya Kumar,Female,38.0,Chandigarh,Chandigarh,2025-10-12
CUST00731,Vikram Sharma,Male,53.0,Ahmedabad,Gujarat,2024-11-08
CUST00732,Sneha Kumar,Female,46.0,Ranchi,Jharkhand,2025-04-05
CUST00733,Arjun Shah,Female,46.0,Surat,Gujarat,2025-07-06
CUST00734,Riya Sinha,Male,24.0,Patna,Bihar,2023-09-01
CUST00735,Aditi Mishra,Male,23.0,Ranchi,Jharkhand,2025-04-24
CUST00736,Nikhil Mishra,Male,59.0,Noida,Uttar Pradesh,2024-09-15
CUST00737,Pooja Shah,Male,32.0,Guwahati,Assam,2024-11-29
CUST00738,Shreya Choudhary,Female,63.0,Guwahati,Assam,2024-11-10
CUST00739,Ananya Kumar,Male,18.0,Bhopal,Madhya Pradesh,2025-07-15
CUST00740,Neha Mishra,Female,62.0,Patna,Bihar,2024-12-28
CUST00741,Priya Roy,Male,63.0,Hyderabad,Telangana,2023-04-04
CUST00742,Vikram Yadav,Male,30.0,Bhubaneswar,Odisha,2023-08-08
CUST00743,Rohan Roy,Male,63.0,Hyderabad,Telangana,2025-03-15
CUST00744,Kavya Sharma,Male,46.0,Patna,Bihar,2023-08-09
CUST00745,Rahul Roy,Male,51.0,Guwahati,Assam,2025-10-29
CUST00746,Sanjay Roy,Male,62.0,Mumbai,Maharashtra,2025-06-05
CUST00747,Rahul Kumar,Female,60.0,Surat,Gujarat,2023-12-22
CUST00748,Nikhil Mehta,Female,44.0,Noida,Uttar Pradesh,2024-10-21
CUST00749,Vikram Das,Female,36.0,Noida,Uttar Pradesh,2024-05-23
CUST00750,Rahul Das,Female,62.0,Guwahati,Assam,2023-10-01
CUST00751,Shreya Jha,Male,30.0,Nagpur,Maharashtra,2024-10-04
CUST00752,Pooja Mehta,Male,63.0,Pune,Maharashtra,2024-08-18
CUST00753,Shreya Sinha,Female,63.0,Kolkata,West Bengal,2025-10-28
CUST00754,Shreya Roy,Female,61.0,Hyderabad,Telangana,2024-12-22
CUST00755,Kavya Choudhary,Male,51.0,Nagpur,Maharashtra,2024-08-08
CUST00756,Karan Singh,Male,60.0,Hyderabad,Telangana,2023-02-21
CUST00757,Vikram Choudhary,Male,36.0,Mumbai,Maharashtra,2024-02-14
CUST00758,Aditi Sinha,Female,31.0,Jaipur,Rajasthan,2023-10-27
CUST00759,Pooja Shah,Female,24.0,Nagpur,Maharashtra,2023-03-08
CUST00760,Shreya Das,Male,50.0,Noida,Uttar Pradesh,2024-04-04
CUST00761,Karan Das,Female,61.0,Lucknow,Uttar Pradesh,2023-04-07
CUST00762,Aarav Sinha,Female,30.0,Patna,Bihar,2023-04-21
CUST00763,Sneha Mehta,Female,55.0,Noida,Uttar Pradesh,2025-06-26
CUST00764,Rohan Gupta,Female,29.0,Nagpur,Maharashtra,2024-02-07
CUST00765,Priya Sinha,Male,42.0,Bengaluru,Karnataka,2024-01-18
CUST00766,Vikram Mishra,Female,26.0,Mumbai,Maharashtra,2025-05-27
CUST00767,Aarav Patel,Female,63.0,Kolkata,West Bengal,2024-06-06
CUST00768,Rahul Mehta,Female,56.0,Chennai,Tamil Nadu,2023-03-23
CUST00769,Riya Choudhary,Female,22.0,Mumbai,Maharashtra,2024-09-08
CUST00770,Sneha Singh,Male,50.0,Patna,Bihar,2025-12-12
CUST00771,Shreya Mishra,Female,23.0,Kolkata,West Bengal,2025-05-01
CUST00772,Rohan Jha,Female,39.0,Bhopal,Madhya Pradesh,2024-03-29
CUST00773,Rohan Choudhary,Female,53.0,Bhopal,Madhya Pradesh,2024-08-24
CUST00774,Pooja Roy,Male,59.0,Delhi,Delhi,2023-08-23
CUST00775,Aditi Jha,Female,42.0,Noida,Uttar Pradesh,2024-05-14
CUST00776,Vikram Mishra,Female,19.0,Hyderabad,Telangana,2025-03-01
CUST00777,Nikhil Choudhary,Female,49.0,Indore,Madhya Pradesh,2025-02-06
CUST00778,Rohan Patel,Male,24.0,Mumbai,Maharashtra,2024-08-30
CUST00779,Aarav Jha,Male,31.0,Kolkata,West Bengal,2025-12-28
CUST00780,Ananya Verma,Female,59.0,Pune,Maharashtra,2025-05-18
CUST00781,Aarav Roy,Female,20.0,Bengaluru,Karnataka,2023-11-11
CUST00782,Aditi Singh,Female,53.0,Bengaluru,Karnataka,2023-05-31
CUST00783,Vikram Das,Female,46.0,Bengaluru,Karnataka,2024-04-11
CUST00784,Aditya Sharma,Female,61.0,Ranchi,Jharkhand,2025-06-05
CUST00785,Aarav Jha,Male,65.0,Hyderabad,Telangana,2025-12-31
CUST00786,Arjun Patel,Male,36.0,Surat,Gujarat,2023-04-04
CUST00787,Neha Choudhary,Female,42.0,Lucknow,Uttar Pradesh,2023-06-27
CUST00788,Riya Singh,Male,26.0,Ranchi,Jharkhand,2023-03-05
CUST00789,Rahul Gupta,Female,18.0,Ranchi,Jharkhand,2024-08-27
CUST00790,Ananya Sharma,Male,54.0,Nagpur,Maharashtra,2023-10-17
CUST00791,Shreya Mishra,Male,37.0,Noida,Uttar Pradesh,2025-03-18
CUST00792,Rohan Das,Male,28.0,Pune,Maharashtra,2024-12-05
CUST00793,Meera Shah,Female,30.0,Kolkata,West Bengal,2024-03-28
CUST00794,Sanjay Shah,Male,53.0,Hyderabad,Telangana,2024-01-07
CUST00795,Neha Jha,Male,,Guwahati,Assam,2023-05-30
CUST00796,Sanjay Roy,Female,40.0,Hyderabad,Telangana,2024-02-09
CUST00797,Ananya Gupta,Male,30.0,Chennai,Tamil Nadu,2024-04-25
CUST00798,Amit Patel,Female,62.0,Patna,Bihar,2025-09-22
CUST00799,Sanjay Yadav,Female,38.0,Surat,Gujarat,2023-11-09
CUST00800,Aarav Patel,Male,32.0,Bhubaneswar,Odisha,2023-12-12
CUST00801,Pooja Singh,Female,48.0,Bhubaneswar,Odisha,2024-07-20
CUST00802,Pooja Choudhary,Female,49.0,Guwahati,Assam,2025-07-01
CUST00803,Priya Jha,Male,35.0,Nagpur,Maharashtra,2023-08-11
CUST00804,Vikram Sinha,Male,64.0,Chennai,Tamil Nadu,2024-02-07
CUST00805,Nikhil Jha,Male,55.0,Bengaluru,Karnataka,2023-02-08
CUST00806,Sanjay Verma,Male,53.0,Surat,Gujarat,2025-04-09
CUST00807,Rahul Patel,Female,32.0,Jaipur,Rajasthan,2025-08-24
CUST00808,Rahul Roy,Male,43.0,Surat,Gujarat,2024-08-18
CUST00809,Aarav Jha,Male,57.0,Bhopal,Madhya Pradesh,2025-10-25
CUST00810,Rahul Roy,Male,29.0,Kolkata,West Bengal,2025-11-18
CUST00811,Riya Patel,Male,32.0,Surat,Gujarat,2023-10-27
CUST00812,Arjun Gupta,Female,32.0,Chandigarh,Chandigarh,2024-04-19
CUST00813,Nikhil Mehta,Female,42.0,Mumbai,Maharashtra,2024-02-28
CUST00814,Aditi Sharma,Female,24.0,Chandigarh,Chandigarh,2025-07-20
CUST00815,Vikram Yadav,Male,42.0,Indore,Madhya Pradesh,2024-07-14
CUST00816,Sanjay Jha,Male,51.0,Ranchi,Jharkhand,2025-01-18
CUST00817,Sneha Mishra,Female,40.0,Jaipur,Rajasthan,2025-02-09
CUST00818,Riya Mehta,Male,50.0,Bhopal,Madhya Pradesh,2025-09-24
CUST00819,Priya Verma,Male,50.0,Chennai,Tamil Nadu,2025-06-19
CUST00820,Rahul Singh,Male,41.0,Jaipur,Rajasthan,2024-03-09
CUST00821,Sneha Das,Female,64.0,Noida,Uttar Pradesh,2023-08-31
CUST00822,Riya Roy,Male,55.0,Hyderabad,Telangana,2025-09-13
CUST00823,Aarav Verma,Male,26.0,Kolkata,West Bengal,2025-04-21
CUST00824,Rahul Jha,Male,54.0,Surat,Gujarat,2023-11-26
CUST00825,Priya Gupta,Male,51.0,Chennai,Tamil Nadu,2023-04-25
CUST00826,Neha Kumar,Male,46.0,Ranchi,Jharkhand,2023-02-08
CUST00827,Riya Singh,Male,44.0,Noida,Uttar Pradesh,2025-08-23
CUST00828,Sanjay Shah,Male,57.0,Noida,Uttar Pradesh,2023-10-20
CUST00829,Priya Sinha,Female,47.0,Indore,Madhya Pradesh,2024-06-25
CUST00830,Sneha Das,Female,26.0,Noida,Uttar Pradesh,2023-05-21
CUST00831,Rohan Mishra,Female,27.0,Hyderabad,Telangana,2023-02-03
CUST00832,Priya Roy,Male,52.0,Noida,Uttar Pradesh,2023-07-17
CUST00833,Arjun Roy,Male,56.0,Indore,Madhya Pradesh,2023-08-29
CUST00834,Kavya Mishra,Female,41.0,Nagpur,Maharashtra,2023-01-03
CUST00835,Kavya Verma,Female,42.0,Mumbai,Maharashtra,2025-12-21
CUST00836,Kavya Singh,Female,48.0,Bhopal,Madhya Pradesh,2023-07-20
CUST00837,Neha Yadav,Female,34.0,Ahmedabad,Gujarat,2023-06-21
CUST00838,Aarav Yadav,Male,51.0,Pune,Maharashtra,2023-01-12
CUST00839,Rohan Sinha,Female,,Delhi,Delhi,2025-02-07
CUST00840,Rahul Das,Female,34.0,Bhopal,Madhya Pradesh,2023-08-07
CUST00841,Sanjay Patel,Female,61.0,Nagpur,Maharashtra,2025-05-17
CUST00842,Kavya Mishra,Female,29.0,Ranchi,Jharkhand,2024-02-22
CUST00843,Vikram Gupta,Female,63.0,Bhopal,Madhya Pradesh,2025-09-17
CUST00844,Ananya Sinha,Male,46.0,Ranchi,Jharkhand,2023-10-10
CUST00845,Rohan Mishra,Female,39.0,Kolkata,West Bengal,2023-07-25
CUST00846,Priya Das,Male,23.0,Nagpur,Maharashtra,2023-04-17
CUST00847,Meera Das,Male,22.0,Chennai,Tamil Nadu,2025-08-23
CUST00848,Pooja Kumar,Male,64.0,Jaipur,Rajasthan,2024-03-30
CUST00849,Meera Jha,Female,63.0,Ranchi,Jharkhand,2025-03-31
CUST00850,Priya Jha,Female,46.0,Noida,Uttar Pradesh,2023-04-28
CUST00851,Nikhil Gupta,Male,20.0,Delhi,Delhi,2024-02-18
CUST00852,Nikhil Sinha,Male,57.0,Noida,Uttar Pradesh,2025-11-11
CUST00853,Pooja Verma,Male,28.0,Kolkata,West Bengal,2023-03-15
CUST00854,Karan Patel,Female,43.0,Bengaluru,Karnataka,2024-07-19
CUST00855,Nikhil Sharma,Male,23.0,Surat,Gujarat,2024-02-15
CUST00856,Shreya Mehta,Female,40.0,Nagpur,Maharashtra,2024-08-05
CUST00857,Meera Verma,Female,43.0,Jaipur,Rajasthan,2024-04-08
CUST00858,Vikram Singh,Female,50.0,Surat,Gujarat,2023-01-10
CUST00859,Nikhil Gupta,Female,25.0,Hyderabad,Telangana,2023-05-29
CUST00860,Shreya Shah,Female,62.0,Indore,Madhya Pradesh,2024-06-11
CUST00861,Sanjay Roy,Male,39.0,Guwahati,Assam,2025-02-11
CUST00862,Sanjay Shah,Male,48.0,Guwahati,Assam,2025-08-01
CUST00863,Arjun Das,Male,61.0,Hyderabad,Telangana,2024-06-12
CUST00864,Kavya Patel,Male,62.0,Ahmedabad,Gujarat,2024-10-08
CUST00865,Neha Kumar,Female,61.0,Jaipur,Rajasthan,2024-05-23
CUST00866,Shreya Mehta,Male,48.0,Patna,Bihar,2023-06-05
CUST00867,Rohan Mehta,Female,29.0,Patna,Bihar,2024-12-25
CUST00868,Rohan Verma,Male,34.0,Pune,Maharashtra,2025-10-18
CUST00869,Rohan Shah,Male,57.0,Pune,Maharashtra,2024-04-14
CUST00870,Ananya Kumar,Male,61.0,Bhopal,Madhya Pradesh,2023-11-16
CUST00871,Shreya Sharma,Female,41.0,Chandigarh,Chandigarh,2023-01-14
CUST00872,Riya Mehta,Female,49.0,Noida,Uttar Pradesh,2024-10-07
CUST00873,Vikram Das,Male,54.0,Kolkata,West Bengal,2025-11-12
CUST00874,Nikhil Choudhary,Female,48.0,Chennai,Tamil Nadu,2023-04-21
CUST00875,Nikhil Patel,Female,61.0,Nagpur,Maharashtra,2023-03-08
CUST00876,Ananya Sinha,Female,38.0,Kolkata,West Bengal,2025-07-25
CUST00877,Rohan Das,Male,38.0,Delhi,Delhi,2023-01-25
CUST00878,Priya Mishra,Female,33.0,Bhopal,Madhya Pradesh,2024-06-15
CUST00879,Meera Patel,Female,29.0,Jaipur,Rajasthan,2025-08-23
CUST00880,Rohan Das,Female,41.0,Chandigarh,Chandigarh,2025-05-18
CUST00881,Amit Singh,Male,54.0,Ranchi,Jharkhand,2024-07-26
CUST00882,Vikram Choudhary,Male,53.0,Ahmedabad,Gujarat,2023-07-24
CUST00883,Rohan Singh,Male,48.0,Bhubaneswar,Odisha,2025-02-19
CUST00884,Kavya Roy,Male,58.0,Delhi,Delhi,2023-12-28
CUST00885,Aditya Choudhary,Female,37.0,Indore,Madhya Pradesh,2025-12-29
CUST00886,Karan Kumar,Male,21.0,Jaipur,Rajasthan,2023-04-08
CUST00887,Riya Shah,Male,46.0,Pune,Maharashtra,2024-06-04
CUST00888,Pooja Patel,Female,40.0,Patna,Bihar,2024-06-16
CUST00889,Ananya Patel,Male,54.0,Delhi,Delhi,2025-04-23
CUST00890,Neha Patel,Female,61.0,Surat,Gujarat,2023-12-24
CUST00891,Amit Mehta,Male,42.0,Indore,Madhya Pradesh,2025-09-25
CUST00892,Amit Jha,Male,28.0,Noida,Uttar Pradesh,2024-08-09
CUST00893,Meera Yadav,Female,22.0,Patna,Bihar,2025-05-13
CUST00894,Aditya Verma,Female,38.0,Bengaluru,Karnataka,2023-11-28
CUST00895,Meera Jha,Female,35.0,Lucknow,Uttar Pradesh,2024-07-01
CUST00896,Sanjay Mishra,Female,44.0,Guwahati,Assam,2025-01-13
CUST00897,Aarav Singh,Male,60.0,Kolkata,West Bengal,2024-01-12
CUST00898,Rohan Singh,Female,24.0,Jaipur,Rajasthan,2023-06-13
CUST00899,Riya Mishra,Male,19.0,Hyderabad,Telangana,2023-05-11
CUST00900,Arjun Kumar,Female,57.0,Ranchi,Jharkhand,2025-12-09
CUST00901,Karan Gupta,Male,33.0,Chennai,Tamil Nadu,2023-06-22
CUST00902,Rahul Singh,Male,19.0,Lucknow,Uttar Pradesh,2025-06-26
CUST00903,Aditya Shah,Female,47.0,Mumbai,Maharashtra,2024-12-31
CUST00904,Shreya Roy,Male,62.0,Nagpur,Maharashtra,2024-07-11
CUST00905,Sanjay Yadav,Female,58.0,Nagpur,Maharashtra,2023-12-29
CUST00906,Nikhil Jha,Female,40.0,Surat,Gujarat,2025-06-09
CUST00907,Arjun Roy,Female,41.0,Chandigarh,Chandigarh,2024-04-10
CUST00908,Rahul Gupta,Male,18.0,Bhubaneswar,Odisha,2024-06-16
CUST00909,Pooja Gupta,Female,52.0,Indore,Madhya Pradesh,2023-10-07
CUST00910,Riya Gupta,Male,45.0,Delhi,Delhi,2025-10-04
CUST00911,Aarav Mishra,Female,30.0,Lucknow,Uttar Pradesh,2024-04-18
CUST00912,Karan Verma,Male,63.0,Bhubaneswar,Odisha,2025-06-14
CUST00913,Sneha Gupta,Male,45.0,Ranchi,Jharkhand,2025-02-13
CUST00914,Meera Choudhary,Female,36.0,Ahmedabad,Gujarat,2025-11-24
CUST00915,Kavya Verma,Male,29.0,Nagpur,Maharashtra,2024-07-04
CUST00916,Ananya Jha,Female,,Chennai,Tamil Nadu,2024-08-16
CUST00917,Meera Roy,Male,38.0,Guwahati,Assam,2024-07-11
CUST00918,Aditi Mishra,Male,29.0,Delhi,Delhi,2023-11-08
CUST00919,Vikram Singh,Female,64.0,Hyderabad,Telangana,2024-07-31
CUST00920,Arjun Singh,Male,49.0,Delhi,Delhi,2024-04-21
CUST00921,Kavya Gupta,Female,41.0,Pune,Maharashtra,2024-12-01
CUST00922,Aditya Kumar,Male,21.0,Guwahati,Assam,2023-03-06
CUST00923,Arjun Mishra,Female,29.0,Jaipur,Rajasthan,2025-03-14
CUST00924,Karan Shah,Male,25.0,Pune,Maharashtra,2024-05-27
CUST00925,Amit Verma,Male,30.0,Ahmedabad,Gujarat,2025-02-27
CUST00926,Nikhil Jha,Male,48.0,Guwahati,Assam,2023-07-12
CUST00927,Aditya Singh,Male,,Ranchi,Jharkhand,2024-10-01
CUST00928,Ananya Gupta,Female,58.0,Nagpur,Maharashtra,2025-12-02
CUST00929,Pooja Mehta,Male,60.0,Lucknow,Uttar Pradesh,2024-02-11
CUST00930,Sneha Jha,Female,38.0,Pune,Maharashtra,2023-08-20
CUST00931,Vikram Yadav,Male,43.0,Delhi,Delhi,2023-12-09
CUST00932,Aditi Yadav,Female,62.0,Ahmedabad,Gujarat,2023-01-19
CUST00933,Pooja Choudhary,Male,33.0,Noida,Uttar Pradesh,2023-11-14
CUST00934,Arjun Jha,Female,58.0,Kolkata,West Bengal,2025-10-20
CUST00935,Pooja Jha,Male,62.0,Mumbai,Maharashtra,2023-05-03
CUST00936,Rahul Roy,Male,38.0,Nagpur,Maharashtra,2023-08-08
CUST00937,Amit Sinha,Male,19.0,Nagpur,Maharashtra,2024-12-12
CUST00938,Rahul Gupta,Male,49.0,Ranchi,Jharkhand,2025-01-03
CUST00939,Shreya Sinha,Female,30.0,Guwahati,Assam,2024-08-26
CUST00940,Shreya Patel,Female,64.0,Surat,Gujarat,2024-01-18
CUST00941,Meera Mehta,Male,22.0,Guwahati,Assam,2024-07-17
CUST00942,Amit Gupta,Female,52.0,Indore,Madhya Pradesh,2023-11-14
CUST00943,Aarav Choudhary,Female,64.0,Bhopal,Madhya Pradesh,2025-07-18
CUST00944,Meera Shah,Female,57.0,Kolkata,West Bengal,2023-02-08
CUST00945,Arjun Jha,Female,30.0,Ahmedabad,Gujarat,2024-10-18
CUST00946,Shreya Singh,Female,38.0,Indore,Madhya Pradesh,2025-10-15
CUST00947,Ananya Kumar,Male,20.0,Bhubaneswar,Odisha,2024-10-21
CUST00948,Aditi Verma,Male,49.0,Chennai,Tamil Nadu,2024-01-01
CUST00949,Aditi Yadav,Female,60.0,Pune,Maharashtra,2023-07-22
CUST00950,Meera Sinha,Female,21.0,Chandigarh,Chandigarh,2025-12-12
CUST00951,Meera Sinha,Male,18.0,Bhopal,Madhya Pradesh,2024-03-28
CUST00952,Arjun Roy,Male,41.0,Pune,Maharashtra,2025-10-03
CUST00953,Pooja Choudhary,Male,57.0,Nagpur,Maharashtra,2025-05-01
CUST00954,Aditi Sinha,Male,37.0,Jaipur,Rajasthan,2025-12-19
CUST00955,Nikhil Kumar,Male,64.0,Bengaluru,Karnataka,2024-03-18
CUST00956,Karan Verma,Male,51.0,Ahmedabad,Gujarat,2025-12-24
CUST00957,Shreya Sinha,Female,65.0,Ahmedabad,Gujarat,2024-01-02
CUST00958,Amit Sinha,Female,24.0,Hyderabad,Telangana,2025-01-03
CUST00959,Shreya Das,Female,60.0,Kolkata,West Bengal,2024-01-05
CUST00960,Meera Roy,Female,38.0,Kolkata,West Bengal,2025-12-29
CUST00961,Pooja Das,Female,64.0,Nagpur,Maharashtra,2024-10-26
CUST00962,Sanjay Mishra,Male,42.0,Patna,Bihar,2024-05-07
CUST00963,Pooja Roy,Female,43.0,Nagpur,Maharashtra,2024-06-04
CUST00964,Neha Yadav,Male,51.0,Delhi,Delhi,2023-03-12
CUST00965,Aarav Gupta,Male,31.0,Chennai,Tamil Nadu,2024-09-10
CUST00966,Vikram Mehta,Male,24.0,Patna,Bihar,2023-02-14
CUST00967,Pooja Singh,Male,34.0,Mumbai,Maharashtra,2025-07-31
CUST00968,Sneha Gupta,Female,23.0,Bhopal,Madhya Pradesh,2024-05-26
CUST00969,Sanjay Mehta,Male,64.0,Surat,Gujarat,2025-03-29
CUST00970,Riya Singh,Female,62.0,Bengaluru,Karnataka,2024-10-26
CUST00971,Meera Jha,Female,20.0,Surat,Gujarat,2023-07-15
CUST00972,Arjun Choudhary,Male,39.0,Surat,Gujarat,2025-02-20
CUST00973,Kavya Mehta,Male,32.0,Bhopal,Madhya Pradesh,2025-06-08
CUST00974,Karan Sharma,Female,51.0,Noida,Uttar Pradesh,2023-01-24
CUST00975,Shreya Yadav,Male,38.0,Mumbai,Maharashtra,2024-10-15
CUST00976,Rahul Sharma,Female,46.0,Indore,Madhya Pradesh,2024-03-28
CUST00977,Arjun Verma,Female,36.0,Noida,Uttar Pradesh,2025-10-30
CUST00978,Rahul Patel,Male,48.0,Ranchi,Jharkhand,2023-10-31
CUST00979,Shreya Das,Female,23.0,Surat,Gujarat,2023-04-11
CUST00980,Kavya Choudhary,Male,26.0,Ranchi,Jharkhand,2025-10-24
CUST00981,Riya Das,Male,53.0,Chandigarh,Chandigarh,2024-02-10
CUST00982,Sneha Verma,Male,35.0,Noida,Uttar Pradesh,2025-12-09
CUST00983,Sanjay Kumar,Male,60.0,Bhubaneswar,Odisha,2024-10-24
CUST00984,Pooja Patel,Male,38.0,Bhubaneswar,Odisha,2025-05-17
CUST00985,Neha Singh,Female,57.0,Bhopal,Madhya Pradesh,2023-02-19
CUST00986,Amit Sharma,Male,30.0,Guwahati,Assam,2023-10-26
CUST00987,Arjun Kumar,Male,33.0,Bhopal,Madhya Pradesh,2023-11-16
CUST00988,Neha Sharma,Female,62.0,Noida,Uttar Pradesh,2023-10-30
CUST00989,Amit Roy,Male,39.0,Hyderabad,Telangana,2024-09-16
CUST00990,Rohan Mishra,Female,53.0,Pune,Maharashtra,2024-03-09
CUST00991,Aarav Das,Male,34.0,Chandigarh,Chandigarh,2023-10-17
CUST00992,Neha Verma,Female,21.0,Kolkata,West Bengal,2023-05-04
CUST00993,Arjun Das,Female,60.0,Guwahati,Assam,2023-01-18
CUST00994,Aarav Gupta,Female,32.0,Bhopal,Madhya Pradesh,2023-08-09
CUST00995,Ananya Mehta,Female,49.0,Ranchi,Jharkhand,2025-11-07
CUST00996,Arjun Singh,Male,50.0,Noida,Uttar Pradesh,2025-12-24
CUST00997,Aditi Verma,Female,39.0,Guwahati,Assam,2023-02-14
CUST00998,Priya Sharma,Female,61.0,Chandigarh,Chandigarh,2025-03-16
CUST00999,Neha Verma,Female,21.0,Bhopal,Madhya Pradesh,2024-12-28
CUST01000,Aarav Mishra,Female,32.0,Jaipur,Rajasthan,2025-03-03
CUST01001,Karan Jha,Male,23.0,Chennai,Tamil Nadu,2024-11-30
CUST01002,Meera Shah,Male,44.0,Ranchi,Jharkhand,2025-12-02
CUST01003,Kavya Gupta,Female,46.0,Ahmedabad,Gujarat,2023-11-09
CUST01004,Rohan Jha,Male,55.0,Nagpur,Maharashtra,2023-09-27
CUST01005,Rahul Gupta,Male,45.0,Nagpur,Maharashtra,2024-02-19
CUST01006,Aditya Kumar,Male,29.0,Chennai,Tamil Nadu,2023-11-20
CUST01007,Aarav Choudhary,Female,44.0,Patna,Bihar,2023-10-26
CUST01008,Amit Sinha,Female,27.0,Bhubaneswar,Odisha,2024-09-13
CUST01009,Rahul Singh,Male,57.0,Pune,Maharashtra,2023-08-07
CUST01010,Meera Yadav,Male,56.0,Noida,Uttar Pradesh,2024-06-30
CUST01011,Aarav Patel,Male,62.0,Ahmedabad,Gujarat,2024-04-17
CUST01012,Nikhil Shah,Female,63.0,Chandigarh,Chandigarh,2023-10-02
CUST01013,Karan Roy,Female,26.0,Bhopal,Madhya Pradesh,2024-01-12
CUST01014,Sneha Sharma,Female,18.0,Kolkata,West Bengal,2024-01-31
CUST01015,Sneha Sinha,Male,31.0,Jaipur,Rajasthan,2025-04-25
CUST01016,Amit Shah,Female,62.0,Bengaluru,Karnataka,2023-12-29
CUST01017,Sneha Das,Female,20.0,Patna,Bihar,2025-07-26
CUST01018,Aditya Das,Male,51.0,Noida,Uttar Pradesh,2025-02-18
CUST01019,Amit Shah,Male,33.0,Hyderabad,Telangana,2025-07-13
CUST01020,Aditi Mishra,Female,51.0,Indore,Madhya Pradesh,2025-03-21
CUST01021,Neha Roy,Female,37.0,Mumbai,Maharashtra,2024-01-24
CUST01022,Priya Das,Female,57.0,Lucknow,Uttar Pradesh,2025-08-02
CUST01023,Rahul Roy,Female,23.0,Mumbai,Maharashtra,2025-11-24
CUST01024,Priya Choudhary,Male,43.0,Indore,Madhya Pradesh,2023-08-20
CUST01025,Amit Sharma,Male,47.0,Bhubaneswar,Odisha,2024-10-24
CUST01026,Amit Kumar,Female,38.0,Surat,Gujarat,2024-02-18
CUST01027,Arjun Kumar,Female,58.0,Kolkata,West Bengal,2023-09-11
CUST01028,Nikhil Sinha,Female,64.0,Bhopal,Madhya Pradesh,2023-06-24
CUST01029,Karan Mishra,Female,20.0,Indore,Madhya Pradesh,2023-11-24
CUST01030,Sanjay Shah,Male,28.0,Kolkata,West Bengal,2024-11-17
CUST01031,Aditi Das,Female,37.0,Chennai,Tamil Nadu,2024-01-02
CUST01032,Priya Kumar,Male,30.0,Guwahati,Assam,2024-08-14
CUST01033,Aarav Roy,Female,49.0,Delhi,Delhi,2024-06-02
CUST01034,Meera Mehta,Female,33.0,Nagpur,Maharashtra,2023-01-12
CUST01035,Amit Das,Female,23.0,Pune,Maharashtra,2025-09-01
CUST01036,Sneha Mehta,Female,57.0,Noida,Uttar Pradesh,2023-01-14
CUST01037,Aditi Singh,Male,21.0,Nagpur,Maharashtra,2024-03-01
CUST01038,Rahul Shah,Male,60.0,Bhopal,Madhya Pradesh,2023-03-17
CUST01039,Aditya Mehta,Male,21.0,Surat,Gujarat,2024-09-03
CUST01040,Priya Singh,Female,57.0,Hyderabad,Telangana,2025-05-03
CUST01041,Amit Sinha,Female,20.0,Noida,Uttar Pradesh,2023-12-30
CUST01042,Aditya Patel,Female,22.0,Bengaluru,Karnataka,2024-09-04
CUST01043,Neha Roy,Male,25.0,Bhubaneswar,Odisha,2023-05-13
CUST01044,Nikhil Das,Male,62.0,Jaipur,Rajasthan,2024-11-05
CUST01045,Ananya Yadav,Male,48.0,Pune,Maharashtra,2023-04-30
CUST01046,Kavya Yadav,Female,34.0,Noida,Uttar Pradesh,2024-08-11
CUST01047,Rahul Yadav,Female,51.0,Indore,Madhya Pradesh,2024-12-25
CUST01048,Priya Mehta,Male,63.0,Chandigarh,Chandigarh,2025-10-05
CUST01049,Aarav Kumar,Male,47.0,Lucknow,Uttar Pradesh,2024-02-01
CUST01050,Meera Das,Female,20.0,Hyderabad,Telangana,2024-02-29
CUST01051,Shreya Choudhary,Male,18.0,Patna,Bihar,2024-12-17
CUST01052,Vikram Choudhary,Male,37.0,Pune,Maharashtra,2024-07-30
CUST01053,Shreya Patel,Male,25.0,Lucknow,Uttar Pradesh,2025-11-03
CUST01054,Karan Sinha,Male,29.0,Patna,Bihar,2024-11-30
CUST01055,Aditya Mehta,Female,48.0,Pune,Maharashtra,2024-11-07
CUST01056,Riya Singh,Female,,Mumbai,Maharashtra,2023-10-06
CUST01057,Kavya Mehta,Male,51.0,Patna,Bihar,2025-08-05
CUST01058,Shreya Mishra,Male,31.0,Lucknow,Uttar Pradesh,2024-10-08
CUST01059,Pooja Kumar,Male,35.0,Surat,Gujarat,2024-11-10
CUST01060,Karan Jha,Male,54.0,Delhi,Delhi,2024-11-25
CUST01061,Priya Yadav,Male,37.0,Noida,Uttar Pradesh,2025-03-08
CUST01062,Vikram Das,Male,49.0,Patna,Bihar,2023-03-06
CUST01063,Amit Shah,Female,31.0,Ahmedabad,Gujarat,2025-01-31
CUST01064,Priya Kumar,Female,20.0,Indore,Madhya Pradesh,2024-09-11
CUST01065,Amit Mishra,Male,48.0,Pune,Maharashtra,2023-07-09
CUST01066,Rohan Patel,Female,64.0,Indore,Madhya Pradesh,2023-11-12
CUST01067,Aditya Singh,Male,51.0,Indore,Madhya Pradesh,2024-09-27
CUST01068,Aditi Roy,Female,63.0,Chennai,Tamil Nadu,2024-02-25
CUST01069,Aarav Gupta,Male,61.0,Indore,Madhya Pradesh,2023-08-26
CUST01070,Aditya Roy,Male,24.0,Noida,Uttar Pradesh,2023-06-28
CUST01071,Aarav Yadav,Female,58.0,Indore,Madhya Pradesh,2024-10-01
CUST01072,Rohan Verma,Female,35.0,Pune,Maharashtra,2024-10-19
CUST01073,Amit Jha,Male,35.0,Nagpur,Maharashtra,2024-10-15
CUST01074,Vikram Kumar,Male,,Chennai,Tamil Nadu,2023-11-19
CUST01075,Ananya Verma,Female,53.0,Nagpur,Maharashtra,2025-11-18
CUST01076,Rahul Sinha,Female,54.0,Patna,Bihar,2024-07-09
CUST01077,Arjun Gupta,Female,52.0,Ahmedabad,Gujarat,2023-12-17
CUST01078,Rahul Sharma,Female,61.0,Guwahati,Assam,2023-04-14
CUST01079,Karan Sharma,Male,45.0,Mumbai,Maharashtra,2023-08-05
CUST01080,Meera Mehta,Female,57.0,Ranchi,Jharkhand,2024-01-02
CUST01081,Aditya Shah,Male,63.0,Bhopal,Madhya Pradesh,2024-10-01
CUST01082,Amit Yadav,Male,23.0,Nagpur,Maharashtra,2023-06-10
CUST01083,Amit Gupta,Female,48.0,Guwahati,Assam,2023-07-19
CUST01084,Rahul Shah,Female,41.0,Ahmedabad,Gujarat,2024-04-03
CUST01085,Aditya Choudhary,Female,,Ranchi,Jharkhand,2024-01-11
CUST01086,Arjun Roy,Male,40.0,Chandigarh,Chandigarh,2023-03-03
CUST01087,Priya Gupta,Female,56.0,Chandigarh,Chandigarh,2025-08-02
CUST01088,Nikhil Kumar,Female,63.0,Surat,Gujarat,2023-09-18
CUST01089,Shreya Jha,Male,37.0,Hyderabad,Telangana,2024-10-29
CUST01090,Karan Yadav,Female,33.0,Nagpur,Maharashtra,2025-08-02
CUST01091,Shreya Singh,Female,42.0,Noida,Uttar Pradesh,2024-05-14
CUST01092,Rohan Shah,Female,45.0,Bengaluru,Karnataka,2024-11-28
CUST01093,Shreya Sinha,Male,29.0,Surat,Gujarat,2024-12-01
CUST01094,Ananya Yadav,Female,38.0,Bengaluru,Karnataka,2025-09-23
CUST01095,Amit Singh,Female,43.0,Nagpur,Maharashtra,2023-07-19
CUST01096,Meera Choudhary,Female,38.0,Bengaluru,Karnataka,2023-08-11
CUST01097,Arjun Verma,Male,55.0,Chandigarh,Chandigarh,2023-05-06
CUST01098,Rahul Roy,Female,42.0,Delhi,Delhi,2023-10-28
CUST01099,Rohan Verma,Female,37.0,Noida,Uttar Pradesh,2025-07-04
CUST01100,Kavya Sinha,Female,23.0,Surat,Gujarat,2024-09-15
CUST01101,Meera Mishra,Female,26.0,Surat,Gujarat,2023-01-17
CUST01102,Pooja Mehta,Male,18.0,Lucknow,Uttar Pradesh,2023-05-08
CUST01103,Ananya Shah,Female,19.0,Nagpur,Maharashtra,2025-01-05
CUST01104,Sanjay Das,Female,63.0,Ahmedabad,Gujarat,2025-06-03
CUST01105,Karan Das,Male,60.0,Ranchi,Jharkhand,2025-04-11
CUST01106,Rahul Verma,Female,41.0,Kolkata,West Bengal,2025-08-30
CUST01107,Neha Shah,Male,26.0,Bhubaneswar,Odisha,2023-11-12
CUST01108,Aarav Singh,Female,60.0,Delhi,Delhi,2023-05-27
CUST01109,Arjun Singh,Female,47.0,Bhubaneswar,Odisha,2023-10-06
CUST01110,Meera Singh,Female,50.0,Noida,Uttar Pradesh,2025-05-21
CUST01111,Karan Patel,Male,29.0,Bhubaneswar,Odisha,2025-07-10
CUST01112,Sanjay Roy,Male,63.0,Bhubaneswar,Odisha,2023-01-16
CUST01113,Kavya Mehta,Female,20.0,Indore,Madhya Pradesh,2024-07-05
CUST01114,Pooja Kumar,Female,62.0,Mumbai,Maharashtra,2025-09-16
CUST01115,Nikhil Shah,Female,47.0,Bengaluru,Karnataka,2023-10-18
CUST01116,Nikhil Mehta,Male,33.0,Indore,Madhya Pradesh,2023-06-10
CUST01117,Shreya Choudhary,Female,57.0,Chandigarh,Chandigarh,2023-06-09
CUST01118,Shreya Choudhary,Male,,Mumbai,Maharashtra,2024-12-04
CUST01119,Riya Yadav,Female,44.0,Guwahati,Assam,2025-11-15
CUST01120,Neha Singh,Male,62.0,Bhopal,Madhya Pradesh,2024-08-26
CUST01121,Sanjay Gupta,Male,58.0,Noida,Uttar Pradesh,2024-09-14
CUST01122,Sanjay Sharma,Female,65.0,Chandigarh,Chandigarh,2023-12-13
CUST01123,Neha Roy,Male,26.0,Noida,Uttar Pradesh,2023-02-25
CUST01124,Vikram Gupta,Male,57.0,Indore,Madhya Pradesh,2023-06-07
CUST01125,Vikram Sharma,Male,56.0,Jaipur,Rajasthan,2024-07-17
CUST01126,Amit Patel,Male,34.0,Kolkata,West Bengal,2023-11-06
CUST01127,Priya Choudhary,Male,39.0,Ahmedabad,Gujarat,2025-09-20
CUST01128,Meera Mehta,Male,49.0,Bengaluru,Karnataka,2023-10-25
CUST01129,Sneha Jha,Female,64.0,Bhubaneswar,Odisha,2025-02-23
CUST01130,Sanjay Sinha,Female,21.0,Kolkata,West Bengal,2024-03-07
CUST01131,Aditi Singh,Female,43.0,Jaipur,Rajasthan,2023-08-26
CUST01132,Riya Sinha,Male,42.0,Chandigarh,Chandigarh,2024-09-09
CUST01133,Vikram Singh,Female,18.0,Ranchi,Jharkhand,2025-08-29
CUST01134,Karan Jha,Female,51.0,Lucknow,Uttar Pradesh,2025-07-08
CUST01135,Shreya Jha,Female,45.0,Mumbai,Maharashtra,2023-07-19
CUST01136,Aditya Gupta,Female,24.0,Noida,Uttar Pradesh,2024-07-12
CUST01137,Amit Choudhary,Male,64.0,Jaipur,Rajasthan,2025-03-12
CUST01138,Nikhil Patel,Male,38.0,Surat,Gujarat,2024-02-04
CUST01139,Aarav Shah,Male,18.0,Nagpur,Maharashtra,2023-01-22
CUST01140,Nikhil Kumar,Female,40.0,Bhubaneswar,Odisha,2023-07-20
CUST01141,Vikram Verma,Male,19.0,Ahmedabad,Gujarat,2024-08-03
CUST01142,Aditi Yadav,Male,56.0,Noida,Uttar Pradesh,2023-07-08
CUST01143,Arjun Shah,Male,42.0,Hyderabad,Telangana,2023-09-03
CUST01144,Ananya Sinha,Male,34.0,Surat,Gujarat,2024-01-14
CUST01145,Arjun Jha,Female,35.0,Lucknow,Uttar Pradesh,2025-08-14
CUST01146,Vikram Singh,Male,35.0,Bhubaneswar,Odisha,2024-10-24
CUST01147,Karan Patel,Male,34.0,Mumbai,Maharashtra,2025-02-22
CUST01148,Amit Kumar,Female,30.0,Jaipur,Rajasthan,2023-12-31
CUST01149,Priya Jha,Female,24.0,Noida,Uttar Pradesh,2025-03-15
CUST01150,Rohan Yadav,Male,46.0,Chennai,Tamil Nadu,2025-06-02
CUST01151,Aditi Kumar,Male,54.0,Jaipur,Rajasthan,2023-07-31
CUST01152,Aarav Mehta,Female,27.0,Jaipur,Rajasthan,2025-07-02
CUST01153,Karan Gupta,Male,62.0,Delhi,Delhi,2023-03-19
CUST01154,Sanjay Sharma,Female,48.0,Patna,Bihar,2025-03-12
CUST01155,Arjun Mishra,Male,18.0,Bhubaneswar,Odisha,2025-04-07
CUST01156,Ananya Yadav,Female,39.0,Ranchi,Jharkhand,2025-09-14
CUST01157,Aditi Jha,Male,41.0,Lucknow,Uttar Pradesh,2025-03-31
CUST01158,Arjun Shah,Female,36.0,Nagpur,Maharashtra,2024-11-27
CUST01159,Shreya Sharma,Female,60.0,Pune,Maharashtra,2023-12-28
CUST01160,Karan Mehta,Male,58.0,Pune,Maharashtra,2024-09-04
CUST01161,Arjun Mehta,Female,65.0,Bhopal,Madhya Pradesh,2025-09-23
CUST01162,Aditi Verma,Male,64.0,Pune,Maharashtra,2023-10-14
CUST01163,Riya Das,Male,52.0,Surat,Gujarat,2024-05-03
CUST01164,Shreya Shah,Female,19.0,Lucknow,Uttar Pradesh,2025-10-20
CUST01165,Aditi Patel,Male,43.0,Mumbai,Maharashtra,2024-11-25
CUST01166,Nikhil Roy,Male,65.0,Hyderabad,Telangana,2024-03-09
CUST01167,Arjun Sharma,Male,49.0,Surat,Gujarat,2024-04-22
CUST01168,Meera Sharma,Male,62.0,Delhi,Delhi,2025-08-23
CUST01169,Priya Jha,Male,37.0,Chennai,Tamil Nadu,2023-01-30
CUST01170,Meera Singh,Male,24.0,Hyderabad,Telangana,2025-07-23
CUST01171,Meera Choudhary,Male,22.0,Hyderabad,Telangana,2025-10-15
CUST01172,Aditya Choudhary,Female,38.0,Pune,Maharashtra,2025-05-22
CUST01173,Aditya Shah,Male,20.0,Hyderabad,Telangana,2023-10-09
CUST01174,Aditya Kumar,Male,35.0,Surat,Gujarat,2023-12-22
CUST01175,Priya Sinha,Female,53.0,Chennai,Tamil Nadu,2025-04-30
CUST01176,Sneha Mehta,Male,26.0,Kolkata,West Bengal,2025-06-17
CUST01177,Priya Sharma,Female,23.0,Hyderabad,Telangana,2025-02-09
CUST01178,Priya Mehta,Male,63.0,Delhi,Delhi,2023-01-15
CUST01179,Kavya Sinha,Female,62.0,Surat,Gujarat,2024-08-04
CUST01180,Rahul Jha,Female,51.0,Chennai,Tamil Nadu,2024-02-27
CUST01181,Sneha Singh,Male,56.0,Guwahati,Assam,2025-04-23
CUST01182,Meera Kumar,Female,40.0,Kolkata,West Bengal,2025-10-20
CUST01183,Shreya Verma,Male,25.0,Bhubaneswar,Odisha,2023-01-10
CUST01184,Meera Patel,Male,47.0,Indore,Madhya Pradesh,2023-07-15
CUST01185,Aditi Verma,Male,27.0,Pune,Maharashtra,2024-07-20
CUST01186,Priya Singh,Male,21.0,Chandigarh,Chandigarh,2025-10-15
CUST01187,Rohan Das,Female,39.0,Bhopal,Madhya Pradesh,2024-08-06
CUST01188,Aditi Kumar,Male,52.0,Noida,Uttar Pradesh,2025-07-17
CUST01189,Aarav Roy,Male,22.0,Kolkata,West Bengal,2023-11-20
CUST01190,Sanjay Yadav,Female,44.0,Ahmedabad,Gujarat,2025-06-29
CUST01191,Sneha Choudhary,Male,38.0,Pune,Maharashtra,2024-10-29
CUST01192,Sneha Sinha,Female,30.0,Ahmedabad,Gujarat,2023-07-20
CUST01193,Arjun Roy,Female,21.0,Ranchi,Jharkhand,2024-03-27
CUST01194,Rohan Mehta,Female,29.0,Bhubaneswar,Odisha,2023-10-24
CUST01195,Rahul Roy,Male,58.0,Ranchi,Jharkhand,2025-02-03
CUST01196,Rohan Patel,Male,20.0,Bhopal,Madhya Pradesh,2024-07-06
CUST01197,Vikram Singh,Male,47.0,Surat,Gujarat,2023-05-03
CUST01198,Priya Choudhary,Female,32.0,Guwahati,Assam,2025-05-06
CUST01199,Meera Mehta,Male,54.0,Lucknow,Uttar Pradesh,2023-11-18
CUST01200,Arjun Das,Female,31.0,Nagpur,Maharashtra,2024-04-15
CUST01201,Amit Gupta,Male,64.0,Surat,Gujarat,2025-08-27
CUST01202,Sneha Patel,Female,55.0,Bhubaneswar,Odisha,2024-05-20
CUST01203,Sanjay Mehta,Male,44.0,Ahmedabad,Gujarat,2023-11-02
CUST01204,Riya Sinha,Male,45.0,Mumbai,Maharashtra,2023-03-24
CUST01205,Riya Choudhary,Male,46.0,Indore,Madhya Pradesh,2025-03-18
CUST01206,Arjun Mishra,Male,62.0,Chandigarh,Chandigarh,2024-05-07
CUST01207,Rahul Patel,Female,33.0,Bhubaneswar,Odisha,2024-03-22
CUST01208,Riya Jha,Female,28.0,Bengaluru,Karnataka,2023-02-02
CUST01209,Amit Roy,Male,63.0,Guwahati,Assam,2023-02-19
CUST01210,Pooja Jha,Female,63.0,Ranchi,Jharkhand,2024-01-14
CUST01211,Karan Mehta,Female,51.0,Delhi,Delhi,2023-05-25
CUST01212,Kavya Choudhary,Female,62.0,Mumbai,Maharashtra,2024-08-30
CUST01213,Arjun Yadav,Female,65.0,Noida,Uttar Pradesh,2024-02-29
CUST01214,Pooja Mehta,Male,25.0,Mumbai,Maharashtra,2025-11-20
CUST01215,Amit Yadav,Male,41.0,Ranchi,Jharkhand,2025-01-18
CUST01216,Shreya Sinha,Male,53.0,Bhopal,Madhya Pradesh,2023-12-25
CUST01217,Aditya Verma,Male,59.0,Pune,Maharashtra,2023-10-11
CUST01218,Sneha Patel,Female,35.0,Chandigarh,Chandigarh,2024-03-05
CUST01219,Vikram Sharma,Male,41.0,Indore,Madhya Pradesh,2025-05-16
CUST01220,Riya Mishra,Male,48.0,Bhopal,Madhya Pradesh,2025-07-15
CUST01221,Neha Roy,Female,61.0,Nagpur,Maharashtra,2025-12-27
CUST01222,Amit Kumar,Male,43.0,Bengaluru,Karnataka,2024-01-21
CUST01223,Arjun Kumar,Male,35.0,Kolkata,West Bengal,2024-08-13
CUST01224,Riya Singh,Male,51.0,Hyderabad,Telangana,2023-10-31
CUST01225,Kavya Jha,Male,48.0,Delhi,Delhi,2024-08-23
CUST01226,Amit Sinha,Male,36.0,Bhopal,Madhya Pradesh,2025-05-10
CUST01227,Aarav Shah,Male,51.0,Pune,Maharashtra,2023-05-09
CUST01228,Sanjay Patel,Female,49.0,Patna,Bihar,2025-04-23
CUST01229,Shreya Roy,Female,37.0,Surat,Gujarat,2025-12-21
CUST01230,Neha Singh,Female,32.0,Surat,Gujarat,2023-09-28
CUST01231,Neha Choudhary,Male,27.0,Chandigarh,Chandigarh,2025-01-31
CUST01232,Amit Singh,Male,63.0,Bhopal,Madhya Pradesh,2024-08-05
CUST01233,Priya Singh,Male,28.0,Nagpur,Maharashtra,2024-08-07
CUST01234,Aditi Patel,Male,46.0,Ahmedabad,Gujarat,2023-08-28
CUST01235,Priya Verma,Male,60.0,Jaipur,Rajasthan,2025-01-27
CUST01236,Rahul Patel,Female,52.0,Patna,Bihar,2024-12-05
CUST01237,Neha Kumar,Male,43.0,Kolkata,West Bengal,2025-12-28
CUST01238,Amit Mehta,Female,27.0,Chandigarh,Chandigarh,2023-10-25
CUST01239,Aditya Jha,Female,48.0,Delhi,Delhi,2025-11-05
CUST01240,Sanjay Sinha,Female,39.0,Lucknow,Uttar Pradesh,2023-10-29
CUST01241,Aditi Singh,Male,37.0,Hyderabad,Telangana,2025-09-07
CUST01242,Meera Shah,Male,46.0,Delhi,Delhi,2025-04-02
CUST01243,Aditya Sharma,Male,55.0,Bhopal,Madhya Pradesh,2023-07-09
CUST01244,Vikram Verma,Male,23.0,Indore,Madhya Pradesh,2024-03-30
CUST01245,Arjun Mishra,Female,30.0,Nagpur,Maharashtra,2025-07-01
CUST01246,Meera Yadav,Male,60.0,Chandigarh,Chandigarh,2024-10-12
CUST01247,Rahul Sinha,Female,41.0,Bhopal,Madhya Pradesh,2025-03-25
CUST01248,Aarav Gupta,Female,40.0,Ranchi,Jharkhand,2025-02-02
CUST01249,Shreya Kumar,Male,64.0,Lucknow,Uttar Pradesh,2025-07-01
CUST01250,Amit Gupta,Male,64.0,Guwahati,Assam,2025-05-01
CUST01251,Rahul Shah,Male,27.0,Bhubaneswar,Odisha,2025-04-28
CUST01252,Riya Shah,Female,22.0,Pune,Maharashtra,2024-09-13
CUST01253,Arjun Sharma,Female,58.0,Surat,Gujarat,2025-02-08
CUST01254,Priya Mishra,Female,63.0,Jaipur,Rajasthan,2025-04-28
CUST01255,Rohan Singh,Female,36.0,Surat,Gujarat,2023-10-08
CUST01256,Aditi Shah,Female,55.0,Nagpur,Maharashtra,2025-10-01
CUST01257,Shreya Sinha,Female,32.0,Lucknow,Uttar Pradesh,2025-10-08
CUST01258,Rahul Gupta,Female,58.0,Delhi,Delhi,2023-01-06
CUST01259,Neha Das,Male,49.0,Chandigarh,Chandigarh,2023-09-12
CUST01260,Ananya Choudhary,Female,49.0,Ahmedabad,Gujarat,2023-02-28
CUST01261,Sanjay Roy,Female,34.0,Bengaluru,Karnataka,2025-01-10
CUST01262,Pooja Mishra,Male,34.0,Chandigarh,Chandigarh,2023-09-02
CUST01263,Rahul Patel,Female,62.0,Kolkata,West Bengal,2023-04-30
CUST01264,Priya Sharma,Female,41.0,Chennai,Tamil Nadu,2025-01-01
CUST01265,Aditi Gupta,Female,51.0,Bhubaneswar,Odisha,2024-12-30
CUST01266,Rohan Choudhary,Male,24.0,Bengaluru,Karnataka,2025-11-18
CUST01267,Shreya Patel,Female,61.0,Noida,Uttar Pradesh,2023-12-09
CUST01268,Pooja Kumar,Female,27.0,Lucknow,Uttar Pradesh,2024-07-09
CUST01269,Nikhil Gupta,Female,49.0,Delhi,Delhi,2023-10-08
CUST01270,Priya Kumar,Male,27.0,Bhubaneswar,Odisha,2024-11-27
CUST01271,Rohan Choudhary,Male,44.0,Indore,Madhya Pradesh,2024-03-28
CUST01272,Ananya Shah,Male,19.0,Guwahati,Assam,2023-06-06
CUST01273,Neha Sinha,Female,26.0,Chandigarh,Chandigarh,2024-12-14
CUST01274,Aditya Singh,Female,19.0,Guwahati,Assam,2025-12-07
CUST01275,Rahul Shah,Male,62.0,Hyderabad,Telangana,2024-03-31
CUST01276,Rahul Verma,Male,23.0,Ahmedabad,Gujarat,2024-09-21
CUST01277,Arjun Sharma,Female,45.0,Bhubaneswar,Odisha,2023-08-17
CUST01278,Ananya Sharma,Male,48.0,Mumbai,Maharashtra,2024-02-07
CUST01279,Aditi Kumar,Female,60.0,Hyderabad,Telangana,2024-06-02
CUST01280,Ananya Mehta,Male,55.0,Delhi,Delhi,2023-07-17
CUST01281,Pooja Sharma,Male,27.0,Pune,Maharashtra,2024-01-14
CUST01282,Pooja Singh,Male,50.0,Jaipur,Rajasthan,2024-12-13
CUST01283,Ananya Shah,Male,51.0,Surat,Gujarat,2023-05-20
CUST01284,Neha Singh,Male,64.0,Pune,Maharashtra,2024-01-28
CUST01285,Nikhil Shah,Female,41.0,Hyderabad,Telangana,2024-03-14
CUST01286,Amit Jha,Male,29.0,Surat,Gujarat,2024-01-15
CUST01287,Kavya Verma,Male,44.0,Bhopal,Madhya Pradesh,2025-02-16
CUST01288,Ananya Roy,Male,51.0,Hyderabad,Telangana,2024-10-05
CUST01289,Pooja Sinha,Female,53.0,Chennai,Tamil Nadu,2025-10-12
CUST01290,Aditya Roy,Male,42.0,Mumbai,Maharashtra,2023-06-18
CUST01291,Meera Sinha,Female,61.0,Lucknow,Uttar Pradesh,2025-07-24
CUST01292,Shreya Das,Female,45.0,Guwahati,Assam,2024-04-07
CUST01293,Riya Jha,Female,29.0,Pune,Maharashtra,2023-05-23
CUST01294,Ananya Das,Female,51.0,Delhi,Delhi,2025-10-03
CUST01295,Rahul Das,Female,62.0,Bengaluru,Karnataka,2023-09-02
CUST01296,Priya Kumar,Female,30.0,Surat,Gujarat,2023-07-28
CUST01297,Meera Shah,Female,25.0,Patna,Bihar,2024-02-15
CUST01298,Riya Gupta,Female,59.0,Ahmedabad,Gujarat,2025-05-19
CUST01299,Riya Jha,Female,49.0,Ranchi,Jharkhand,2024-12-30
CUST01300,Rahul Choudhary,Female,24.0,Indore,Madhya Pradesh,2024-07-25
CUST01301,Riya Roy,Male,58.0,Hyderabad,Telangana,2024-05-28
CUST01302,Ananya Sinha,Male,22.0,Chennai,Tamil Nadu,2023-03-02
CUST01303,Priya Das,Female,27.0,Chandigarh,Chandigarh,2023-02-24
CUST01304,Arjun Jha,Female,47.0,Lucknow,Uttar Pradesh,2023-07-17
CUST01305,Riya Roy,Female,52.0,Pune,Maharashtra,2024-08-24
CUST01306,Aditi Das,Male,42.0,Patna,Bihar,2023-02-06
CUST01307,Karan Roy,Female,20.0,Guwahati,Assam,2024-10-06
CUST01308,Shreya Jha,Female,63.0,Mumbai,Maharashtra,2023-12-29
CUST01309,Kavya Singh,Female,63.0,Kolkata,West Bengal,2025-10-03
CUST01310,Ananya Yadav,Female,60.0,Ranchi,Jharkhand,2025-09-25
CUST01311,Riya Mishra,Male,50.0,Nagpur,Maharashtra,2025-08-20
CUST01312,Vikram Roy,Female,57.0,Mumbai,Maharashtra,2025-03-12
CUST01313,Aditya Sharma,Male,55.0,Bhopal,Madhya Pradesh,2024-08-05
CUST01314,Pooja Patel,Male,58.0,Mumbai,Maharashtra,2023-09-20
CUST01315,Ananya Das,Female,40.0,Patna,Bihar,2025-02-18
CUST01316,Aditi Jha,Male,33.0,Bhubaneswar,Odisha,2024-12-20
CUST01317,Sanjay Kumar,Male,37.0,Ahmedabad,Gujarat,2024-10-01
CUST01318,Priya Sharma,Female,20.0,Hyderabad,Telangana,2024-11-22
CUST01319,Sanjay Mishra,Female,35.0,Guwahati,Assam,2025-05-15
CUST01320,Sanjay Sharma,Female,42.0,Delhi,Delhi,2025-08-19
CUST01321,Aditya Yadav,Male,49.0,Surat,Gujarat,2025-03-10
CUST01322,Aditya Roy,Female,28.0,Hyderabad,Telangana,2024-02-26
CUST01323,Pooja Das,Male,49.0,Noida,Uttar Pradesh,2024-09-05
CUST01324,Neha Gupta,Male,37.0,Bengaluru,Karnataka,2024-03-14
CUST01325,Sneha Yadav,Male,63.0,Surat,Gujarat,2025-04-03
CUST01326,Sanjay Patel,Female,22.0,Surat,Gujarat,2023-07-14
CUST01327,Riya Das,Male,40.0,Surat,Gujarat,2025-12-23
CUST01328,Nikhil Choudhary,Female,45.0,Bengaluru,Karnataka,2024-09-10
CUST01329,Rohan Das,Female,34.0,Nagpur,Maharashtra,2024-10-03
CUST01330,Amit Jha,Male,19.0,Noida,Uttar Pradesh,2025-11-21
CUST01331,Sanjay Roy,Male,60.0,Indore,Madhya Pradesh,2024-01-18
CUST01332,Shreya Choudhary,Female,54.0,Guwahati,Assam,2024-07-02
CUST01333,Rohan Patel,Female,27.0,Mumbai,Maharashtra,2025-12-05
CUST01334,Neha Shah,Female,44.0,Ahmedabad,Gujarat,2023-11-05
CUST01335,Rohan Shah,Female,35.0,Patna,Bihar,2023-05-12
CUST01336,Vikram Jha,Male,43.0,Lucknow,Uttar Pradesh,2023-11-25
CUST01337,Rahul Verma,Male,33.0,Ahmedabad,Gujarat,2023-08-21
CUST01338,Riya Mishra,Female,45.0,Lucknow,Uttar Pradesh,2025-08-08
CUST01339,Priya Gupta,Male,19.0,Mumbai,Maharashtra,2024-02-18
CUST01340,Shreya Singh,Male,64.0,Jaipur,Rajasthan,2024-07-22
CUST01341,Aditi Shah,Male,38.0,Chandigarh,Chandigarh,2023-02-10
CUST01342,Arjun Mehta,Female,41.0,Noida,Uttar Pradesh,2024-09-02
CUST01343,Rahul Verma,Male,54.0,Bengaluru,Karnataka,2025-03-23
CUST01344,Nikhil Jha,Female,49.0,Indore,Madhya Pradesh,2023-09-05
CUST01345,Meera Kumar,Female,39.0,Bengaluru,Karnataka,2024-05-02
CUST01346,Sneha Mehta,Female,31.0,Surat,Gujarat,2025-03-09
CUST01347,Priya Verma,Female,46.0,Chennai,Tamil Nadu,2023-08-07
CUST01348,Sanjay Sharma,Female,52.0,Bhubaneswar,Odisha,2024-06-04
CUST01349,Aditya Mishra,Female,48.0,Bhopal,Madhya Pradesh,2023-08-20
CUST01350,Rahul Patel,Female,63.0,Ahmedabad,Gujarat,2024-07-22
CUST01351,Aarav Jha,Male,65.0,Bhopal,Madhya Pradesh,2024-09-23
CUST01352,Vikram Mishra,Female,37.0,Mumbai,Maharashtra,2024-05-05
CUST01353,Shreya Shah,Male,46.0,Bhopal,Madhya Pradesh,2023-09-07
CUST01354,Karan Mehta,Female,37.0,Ranchi,Jharkhand,2023-01-17
CUST01355,Neha Verma,Male,46.0,Bengaluru,Karnataka,2024-04-27
CUST01356,Aditi Gupta,Male,49.0,Patna,Bihar,2025-04-12
CUST01357,Aditya Sinha,Female,24.0,Chandigarh,Chandigarh,2025-04-25
CUST01358,Nikhil Kumar,Female,44.0,Kolkata,West Bengal,2024-06-18
CUST01359,Amit Sinha,Male,21.0,Noida,Uttar Pradesh,2024-10-31
CUST01360,Rahul Sharma,Female,30.0,Kolkata,West Bengal,2025-06-27
CUST01361,Sanjay Kumar,Male,28.0,Lucknow,Uttar Pradesh,2024-10-04
CUST01362,Rahul Shah,Female,38.0,Ahmedabad,Gujarat,2025-11-23
CUST01363,Rahul Gupta,Male,61.0,Guwahati,Assam,2025-09-06
CUST01364,Neha Verma,Male,44.0,Surat,Gujarat,2024-11-01
CUST01365,Karan Mehta,Female,54.0,Bhopal,Madhya Pradesh,2024-01-08
CUST01366,Aarav Mehta,Male,23.0,Ahmedabad,Gujarat,2023-02-12
CUST01367,Vikram Sinha,Male,21.0,Guwahati,Assam,2024-02-11
CUST01368,Meera Gupta,Male,23.0,Ranchi,Jharkhand,2025-05-28
CUST01369,Sanjay Kumar,Male,63.0,Bhopal,Madhya Pradesh,2023-12-15
CUST01370,Amit Shah,Female,25.0,Indore,Madhya Pradesh,2025-06-10
CUST01371,Rohan Shah,Female,36.0,Ahmedabad,Gujarat,2024-02-21
CUST01372,Rahul Das,Male,56.0,Chandigarh,Chandigarh,2025-02-21
CUST01373,Rohan Das,Male,44.0,Pune,Maharashtra,2024-08-02
CUST01374,Neha Gupta,Male,57.0,Chennai,Tamil Nadu,2023-02-28
CUST01375,Pooja Yadav,Female,23.0,Guwahati,Assam,2024-05-23
CUST01376,Rahul Shah,Female,62.0,Delhi,Delhi,2025-08-18
CUST01377,Karan Sinha,Female,65.0,Ranchi,Jharkhand,2024-03-10
CUST01378,Arjun Kumar,Male,21.0,Noida,Uttar Pradesh,2024-06-08
CUST01379,Riya Mehta,Female,56.0,Patna,Bihar,2024-04-25
CUST01380,Aarav Gupta,Female,37.0,Noida,Uttar Pradesh,2023-04-04
CUST01381,Rahul Mehta,Male,55.0,Ranchi,Jharkhand,2025-01-29
CUST01382,Priya Mishra,Female,39.0,Kolkata,West Bengal,2024-06-17
CUST01383,Arjun Patel,Female,27.0,Guwahati,Assam,2023-09-28
CUST01384,Aditya Sharma,Male,49.0,Jaipur,Rajasthan,2023-08-28
CUST01385,Kavya Gupta,Female,57.0,Jaipur,Rajasthan,2025-01-08
CUST01386,Aditya Das,Male,38.0,Jaipur,Rajasthan,2025-11-24
CUST01387,Shreya Shah,Female,21.0,Chandigarh,Chandigarh,2023-11-06
CUST01388,Aditi Verma,Male,20.0,Pune,Maharashtra,2023-11-01
CUST01389,Priya Sinha,Female,45.0,Chandigarh,Chandigarh,2024-06-16
CUST01390,Aditi Roy,Female,63.0,Hyderabad,Telangana,2025-10-10
CUST01391,Amit Roy,Male,64.0,Nagpur,Maharashtra,2025-09-20
CUST01392,Pooja Kumar,Male,36.0,Chennai,Tamil Nadu,2023-09-11
CUST01393,Nikhil Shah,Female,54.0,Kolkata,West Bengal,2023-12-11
CUST01394,Sanjay Sharma,Male,44.0,Surat,Gujarat,2024-03-10
CUST01395,Riya Jha,Male,39.0,Bengaluru,Karnataka,2024-05-19
CUST01396,Ananya Das,Female,55.0,Delhi,Delhi,2024-08-05
CUST01397,Rahul Sharma,Male,47.0,Hyderabad,Telangana,2024-10-24
CUST01398,Vikram Yadav,Male,39.0,Chandigarh,Chandigarh,2025-07-18
CUST01399,Aditya Sinha,Male,31.0,Mumbai,Maharashtra,2025-07-16
CUST01400,Aditya Choudhary,Male,65.0,Mumbai,Maharashtra,2024-08-02
CUST01401,Arjun Das,Female,29.0,Bengaluru,Karnataka,2025-02-20
CUST01402,Arjun Sharma,Male,28.0,Ahmedabad,Gujarat,2025-03-27
CUST01403,Neha Jha,Male,25.0,Ranchi,Jharkhand,2025-04-04
CUST01404,Kavya Sinha,Female,61.0,Lucknow,Uttar Pradesh,2025-10-02
CUST01405,Pooja Jha,Male,41.0,Noida,Uttar Pradesh,2023-09-26
CUST01406,Riya Roy,Female,48.0,Indore,Madhya Pradesh,2024-02-14
CUST01407,Arjun Choudhary,Female,41.0,Jaipur,Rajasthan,2025-05-16
CUST01408,Kavya Jha,Female,23.0,Noida,Uttar Pradesh,2024-01-17
CUST01409,Aditya Roy,Male,59.0,Mumbai,Maharashtra,2025-11-17
CUST01410,Nikhil Jha,Male,36.0,Chennai,Tamil Nadu,2025-10-11
CUST01411,Arjun Mehta,Female,37.0,Guwahati,Assam,2025-06-14
CUST01412,Neha Shah,Male,51.0,Chennai,Tamil Nadu,2023-09-19
CUST01413,Sanjay Sharma,Male,20.0,Bhubaneswar,Odisha,2024-08-28
CUST01414,Nikhil Das,Female,24.0,Indore,Madhya Pradesh,2023-08-09
CUST01415,Pooja Gupta,Male,50.0,Guwahati,Assam,2024-06-02
CUST01416,Amit Singh,Male,43.0,Delhi,Delhi,2023-08-22
CUST01417,Kavya Mehta,Female,38.0,Mumbai,Maharashtra,2023-06-20
CUST01418,Amit Yadav,Female,39.0,Surat,Gujarat,2025-07-20
CUST01419,Priya Kumar,Female,61.0,Kolkata,West Bengal,2024-03-08
CUST01420,Shreya Sharma,Male,43.0,Hyderabad,Telangana,2025-06-07
CUST01421,Priya Jha,Female,47.0,Hyderabad,Telangana,2023-01-28
CUST01422,Neha Yadav,Female,62.0,Ranchi,Jharkhand,2025-09-23
CUST01423,Arjun Singh,Male,18.0,Ranchi,Jharkhand,2024-09-11
CUST01424,Aarav Sinha,Male,19.0,Pune,Maharashtra,2023-08-18
CUST01425,Rahul Jha,Male,45.0,Pune,Maharashtra,2025-09-12
CUST01426,Arjun Gupta,Female,27.0,Nagpur,Maharashtra,2024-01-26
CUST01427,Aarav Kumar,Male,27.0,Chandigarh,Chandigarh,2025-05-14
CUST01428,Riya Sharma,Female,55.0,Guwahati,Assam,2025-09-20
CUST01429,Neha Yadav,Female,21.0,Ahmedabad,Gujarat,2024-02-17
CUST01430,Ananya Jha,Female,44.0,Patna,Bihar,2023-01-17
CUST01431,Aditi Roy,Female,49.0,Chandigarh,Chandigarh,2024-08-18
CUST01432,Sneha Sinha,Male,51.0,Indore,Madhya Pradesh,2025-09-26
CUST01433,Sanjay Patel,Male,35.0,Delhi,Delhi,2025-05-14
CUST01434,Ananya Roy,Female,46.0,Bhubaneswar,Odisha,2025-08-27
CUST01435,Priya Gupta,Male,48.0,Bhubaneswar,Odisha,2023-02-12
CUST01436,Sneha Mishra,Male,55.0,Bhopal,Madhya Pradesh,2025-06-16
CUST01437,Rahul Mehta,Female,64.0,Patna,Bihar,2025-08-17
CUST01438,Pooja Choudhary,Female,28.0,Ranchi,Jharkhand,2025-05-03
CUST01439,Neha Sinha,Male,60.0,Noida,Uttar Pradesh,2024-02-29
CUST01440,Priya Verma,Male,56.0,Chandigarh,Chandigarh,2023-09-22
CUST01441,Kavya Roy,Female,33.0,Chandigarh,Chandigarh,2023-07-26
CUST01442,Aarav Patel,Female,40.0,Pune,Maharashtra,2023-04-07
CUST01443,Nikhil Sharma,Male,39.0,Kolkata,West Bengal,2023-12-24
CUST01444,Meera Verma,Male,53.0,Bhubaneswar,Odisha,2023-08-22
CUST01445,Vikram Patel,Female,20.0,Ahmedabad,Gujarat,2025-09-23
CUST01446,Rahul Shah,Male,63.0,Nagpur,Maharashtra,2024-07-01
CUST01447,Amit Shah,Male,24.0,Mumbai,Maharashtra,2025-06-15
CUST01448,Shreya Sharma,Male,28.0,Noida,Uttar Pradesh,2023-07-28
CUST01449,Pooja Singh,Female,63.0,Hyderabad,Telangana,2024-02-25
CUST01450,Riya Sinha,Male,27.0,Guwahati,Assam,2025-11-02
CUST01451,Rahul Kumar,Male,46.0,Bhopal,Madhya Pradesh,2024-11-16
CUST01452,Sneha Shah,Female,39.0,Bhubaneswar,Odisha,2023-01-14
CUST01453,Priya Kumar,Female,41.0,Lucknow,Uttar Pradesh,2025-10-31
CUST01454,Sneha Singh,Female,32.0,Bhubaneswar,Odisha,2025-01-08
CUST01455,Kavya Mehta,Female,47.0,Chennai,Tamil Nadu,2025-05-28
CUST01456,Aarav Roy,Male,18.0,Indore,Madhya Pradesh,2025-01-10
CUST01457,Arjun Patel,Female,43.0,Indore,Madhya Pradesh,2023-05-23
CUST01458,Aditi Das,Male,60.0,Kolkata,West Bengal,2025-06-07
CUST01459,Nikhil Gupta,Female,43.0,Chennai,Tamil Nadu,2023-04-29
CUST01460,Aditya Mehta,Female,18.0,Nagpur,Maharashtra,2024-09-15
CUST01461,Meera Mehta,Male,62.0,Jaipur,Rajasthan,2025-12-16
CUST01462,Rohan Mehta,Female,62.0,Ranchi,Jharkhand,2025-07-02
CUST01463,Rohan Mehta,Female,23.0,Bhopal,Madhya Pradesh,2025-04-08
CUST01464,Karan Sinha,Male,51.0,Mumbai,Maharashtra,2024-11-16
CUST01465,Rohan Kumar,Female,51.0,Nagpur,Maharashtra,2024-08-04
CUST01466,Aarav Sharma,Female,33.0,Patna,Bihar,2023-11-24
CUST01467,Nikhil Kumar,Male,41.0,Lucknow,Uttar Pradesh,2025-05-15
CUST01468,Pooja Kumar,Male,59.0,Jaipur,Rajasthan,2025-11-05
CUST01469,Neha Yadav,Male,47.0,Hyderabad,Telangana,2025-07-08
CUST01470,Sanjay Yadav,Male,40.0,Patna,Bihar,2024-04-28
CUST01471,Sanjay Jha,Male,63.0,Lucknow,Uttar Pradesh,2024-08-05
CUST01472,Sneha Kumar,Female,51.0,Ranchi,Jharkhand,2025-11-30
CUST01473,Pooja Roy,Male,27.0,Surat,Gujarat,2024-01-30
CUST01474,Arjun Kumar,Male,45.0,Bhubaneswar,Odisha,2025-04-23
CUST01475,Rohan Roy,Male,41.0,Chennai,Tamil Nadu,2025-09-02
CUST01476,Sanjay Mishra,Female,34.0,Indore,Madhya Pradesh,2025-04-04
CUST01477,Kavya Roy,Female,64.0,Surat,Gujarat,2025-10-18
CUST01478,Rahul Mishra,Male,49.0,Bhubaneswar,Odisha,2023-11-30
CUST01479,Nikhil Shah,Male,62.0,Guwahati,Assam,2023-09-22
CUST01480,Riya Sharma,Male,53.0,Pune,Maharashtra,2025-07-21
CUST01481,Meera Shah,Female,25.0,Bhopal,Madhya Pradesh,2023-09-01
CUST01482,Sanjay Gupta,Male,51.0,Hyderabad,Telangana,2025-01-26
CUST01483,Pooja Gupta,Female,37.0,Chennai,Tamil Nadu,2023-08-30
CUST01484,Aarav Choudhary,Male,27.0,Lucknow,Uttar Pradesh,2025-09-22
CUST01485,Aditi Mehta,Female,36.0,Surat,Gujarat,2025-05-13
CUST01486,Riya Sharma,Male,53.0,Pune,Maharashtra,2024-01-10
CUST01487,Aditi Das,Female,54.0,Bhopal,Madhya Pradesh,2023-05-19
CUST01488,Aditya Choudhary,Female,48.0,Lucknow,Uttar Pradesh,2025-07-15
CUST01489,Rahul Mishra,Female,46.0,Noida,Uttar Pradesh,2023-09-29
CUST01490,Aditya Kumar,Female,42.0,Guwahati,Assam,2023-11-02
CUST01491,Aditya Mishra,Male,60.0,Ahmedabad,Gujarat,2025-03-20
CUST01492,Arjun Shah,Male,63.0,Guwahati,Assam,2024-07-22
CUST01493,Shreya Jha,Male,59.0,Delhi,Delhi,2024-09-24
CUST01494,Rohan Yadav,Male,54.0,Nagpur,Maharashtra,2023-06-24
CUST01495,Riya Mishra,Male,25.0,Indore,Madhya Pradesh,2024-01-23
CUST01496,Aarav Gupta,Male,33.0,Nagpur,Maharashtra,2024-01-04
CUST01497,Arjun Choudhary,Female,43.0,Surat,Gujarat,2025-06-28
CUST01498,Riya Shah,Male,39.0,Surat,Gujarat,2023-04-03
CUST01499,Kavya Sharma,Female,42.0,Bhubaneswar,Odisha,2024-01-05
CUST01500,Ananya Kumar,Male,36.0,Jaipur,Rajasthan,2023-07-06
CUST01501,Vikram Choudhary,Male,27.0,Chennai,Tamil Nadu,2024-01-10
CUST01502,Priya Sharma,Female,,Lucknow,Uttar Pradesh,2025-04-14
CUST01503,Neha Das,Male,38.0,Delhi,Delhi,2023-04-30
CUST01504,Aditya Gupta,Female,25.0,Chennai,Tamil Nadu,2025-04-25
CUST01505,Sneha Choudhary,Male,49.0,Mumbai,Maharashtra,2024-02-19
CUST01506,Karan Kumar,Female,21.0,Indore,Madhya Pradesh,2025-10-30
CUST01507,Shreya Das,Male,48.0,Patna,Bihar,2025-08-09
CUST01508,Sneha Mehta,Male,35.0,Delhi,Delhi,2025-04-14
CUST01509,Sneha Choudhary,Male,37.0,Nagpur,Maharashtra,2023-07-27
CUST01510,Amit Kumar,Male,27.0,Surat,Gujarat,2025-04-13
CUST01511,Sneha Mishra,Female,53.0,Bhopal,Madhya Pradesh,2023-12-11
CUST01512,Aarav Shah,Female,57.0,Guwahati,Assam,2023-03-27
CUST01513,Aarav Sharma,Female,35.0,Lucknow,Uttar Pradesh,2023-12-09
CUST01514,Karan Patel,Male,55.0,Noida,Uttar Pradesh,2024-05-28
CUST01515,Aditi Singh,Male,37.0,Indore,Madhya Pradesh,2024-07-30
CUST01516,Ananya Shah,Male,64.0,Bengaluru,Karnataka,2025-03-20
CUST01517,Kavya Verma,Female,61.0,Nagpur,Maharashtra,2024-07-26
CUST01518,Amit Gupta,Male,60.0,Patna,Bihar,2024-06-19
CUST01519,Rohan Roy,Female,19.0,Patna,Bihar,2024-11-30
CUST01520,Meera Roy,Male,18.0,Chennai,Tamil Nadu,2023-01-05
CUST01521,Shreya Mehta,Female,43.0,Kolkata,West Bengal,2025-04-26
CUST01522,Arjun Mishra,Male,60.0,Nagpur,Maharashtra,2023-06-16
CUST01523,Pooja Shah,Female,56.0,Guwahati,Assam,2023-09-10
CUST01524,Priya Shah,Male,25.0,Bhopal,Madhya Pradesh,2025-03-03
CUST01525,Rohan Roy,Male,32.0,Guwahati,Assam,2025-01-28
CUST01526,Pooja Verma,Male,57.0,Delhi,Delhi,2024-07-29
CUST01527,Sneha Roy,Female,20.0,Lucknow,Uttar Pradesh,2024-03-28
CUST01528,Meera Verma,Male,30.0,Jaipur,Rajasthan,2025-10-06
CUST01529,Vikram Yadav,Female,28.0,Ranchi,Jharkhand,2023-08-16
CUST01530,Sanjay Jha,Male,22.0,Nagpur,Maharashtra,2024-02-01
CUST01531,Arjun Singh,Female,54.0,Surat,Gujarat,2023-09-20
CUST01532,Vikram Verma,Male,62.0,Ahmedabad,Gujarat,2025-12-07
CUST01533,Shreya Mehta,Female,18.0,Nagpur,Maharashtra,2024-06-01
CUST01534,Aditya Das,Female,35.0,Bhubaneswar,Odisha,2023-04-17
CUST01535,Amit Roy,Female,51.0,Hyderabad,Telangana,2025-11-27
CUST01536,Aditi Gupta,Female,52.0,Mumbai,Maharashtra,2024-04-04
CUST01537,Aarav Das,Male,39.0,Guwahati,Assam,2024-10-09
CUST01538,Sneha Sinha,Female,22.0,Bengaluru,Karnataka,2023-02-21
CUST01539,Priya Patel,Female,22.0,Ahmedabad,Gujarat,2024-02-08
CUST01540,Riya Das,Male,55.0,Hyderabad,Telangana,2023-02-27
CUST01541,Sneha Kumar,Female,33.0,Patna,Bihar,2024-05-27
CUST01542,Aditya Mishra,Male,22.0,Patna,Bihar,2023-04-22
CUST01543,Ananya Jha,Female,55.0,Noida,Uttar Pradesh,2025-06-17
CUST01544,Aditi Mehta,Male,42.0,Hyderabad,Telangana,2023-06-25
CUST01545,Rahul Sharma,Female,21.0,Patna,Bihar,2023-05-14
CUST01546,Arjun Kumar,Male,53.0,Lucknow,Uttar Pradesh,2025-06-03
CUST01547,Karan Das,Male,57.0,Mumbai,Maharashtra,2024-08-26
CUST01548,Meera Choudhary,Male,47.0,Bhubaneswar,Odisha,2024-04-22
CUST01549,Kavya Mehta,Male,39.0,Ranchi,Jharkhand,2025-08-08
CUST01550,Nikhil Patel,Male,24.0,Delhi,Delhi,2025-07-18
CUST01551,Meera Sinha,Male,55.0,Hyderabad,Telangana,2023-01-26
CUST01552,Nikhil Gupta,Female,44.0,Pune,Maharashtra,2023-09-16
CUST01553,Priya Verma,Male,20.0,Chandigarh,Chandigarh,2025-06-29
CUST01554,Neha Yadav,Female,50.0,Mumbai,Maharashtra,2023-09-19
CUST01555,Sanjay Mehta,Male,27.0,Bhopal,Madhya Pradesh,2024-09-29
CUST01556,Meera Patel,Female,41.0,Chandigarh,Chandigarh,2024-09-24
CUST01557,Sanjay Jha,Male,21.0,Delhi,Delhi,2025-11-26
CUST01558,Shreya Shah,Male,45.0,Ahmedabad,Gujarat,2025-11-04
CUST01559,Rohan Jha,Male,22.0,Bhopal,Madhya Pradesh,2024-02-05
CUST01560,Riya Sinha,Female,56.0,Patna,Bihar,2024-01-23
CUST01561,Meera Gupta,Female,39.0,Patna,Bihar,2024-11-18
CUST01562,Amit Mehta,Male,49.0,Kolkata,West Bengal,2023-08-03
CUST01563,Sneha Sinha,Male,47.0,Ahmedabad,Gujarat,2023-01-08
CUST01564,Sneha Roy,Female,65.0,Noida,Uttar Pradesh,2024-03-12
CUST01565,Karan Singh,Male,41.0,Ranchi,Jharkhand,2024-02-25
CUST01566,Pooja Sharma,Male,27.0,Delhi,Delhi,2023-06-01
CUST01567,Rohan Jha,Female,20.0,Lucknow,Uttar Pradesh,2025-06-20
CUST01568,Rohan Gupta,Male,32.0,Delhi,Delhi,2024-02-12
CUST01569,Aditya Shah,Male,29.0,Jaipur,Rajasthan,2023-12-23
CUST01570,Priya Shah,Female,24.0,Pune,Maharashtra,2023-02-14
CUST01571,Karan Jha,Male,39.0,Delhi,Delhi,2023-10-09
CUST01572,Amit Verma,Female,41.0,Pune,Maharashtra,2024-09-16
CUST01573,Meera Mehta,Female,63.0,Kolkata,West Bengal,2025-12-15
CUST01574,Rahul Mehta,Male,30.0,Bengaluru,Karnataka,2023-08-31
CUST01575,Karan Sinha,Female,38.0,Pune,Maharashtra,2025-12-26
CUST01576,Sneha Mehta,Male,57.0,Noida,Uttar Pradesh,2025-05-29
CUST01577,Shreya Gupta,Male,38.0,Surat,Gujarat,2024-01-23
CUST01578,Vikram Shah,Male,50.0,Ahmedabad,Gujarat,2023-04-20
CUST01579,Rohan Sinha,Male,48.0,Surat,Gujarat,2025-09-28
CUST01580,Priya Mishra,Female,59.0,Noida,Uttar Pradesh,2023-05-13
CUST01581,Riya Mishra,Female,29.0,Indore,Madhya Pradesh,2025-02-05
CUST01582,Nikhil Sinha,Female,63.0,Patna,Bihar,2025-02-04
CUST01583,Vikram Yadav,Female,58.0,Chandigarh,Chandigarh,2025-08-28
CUST01584,Rohan Verma,Male,46.0,Surat,Gujarat,2023-03-16
CUST01585,Rohan Gupta,Female,42.0,Ahmedabad,Gujarat,2025-03-21
CUST01586,Pooja Gupta,Male,26.0,Surat,Gujarat,2023-11-18
CUST01587,Amit Mishra,Female,32.0,Bengaluru,Karnataka,2024-08-27
CUST01588,Amit Mishra,Female,45.0,Surat,Gujarat,2023-03-26
CUST01589,Kavya Das,Female,49.0,Guwahati,Assam,2025-08-15
CUST01590,Karan Sharma,Male,46.0,Patna,Bihar,2024-07-13
CUST01591,Arjun Patel,Male,36.0,Ahmedabad,Gujarat,2024-06-27
CUST01592,Shreya Jha,Male,35.0,Indore,Madhya Pradesh,2025-11-16
CUST01593,Ananya Kumar,Female,20.0,Ahmedabad,Gujarat,2023-07-21
CUST01594,Aditya Verma,Female,34.0,Nagpur,Maharashtra,2024-02-15
CUST01595,Rohan Sinha,Male,63.0,Lucknow,Uttar Pradesh,2024-07-16
CUST01596,Aarav Choudhary,Female,36.0,Nagpur,Maharashtra,2024-06-18
CUST01597,Karan Shah,Male,48.0,Bhopal,Madhya Pradesh,2025-04-07
CUST01598,Karan Verma,Male,64.0,Indore,Madhya Pradesh,2023-11-02
CUST01599,Sneha Mishra,Female,64.0,Pune,Maharashtra,2025-08-29
CUST01600,Arjun Patel,Male,45.0,Guwahati,Assam,2024-11-28
CUST01601,Amit Roy,Male,,Bhubaneswar,Odisha,2024-03-05
CUST01602,Neha Sinha,Male,49.0,Chennai,Tamil Nadu,2023-09-20
CUST01603,Sneha Das,Female,61.0,Bhopal,Madhya Pradesh,2024-11-26
CUST01604,Aditya Yadav,Male,54.0,Ranchi,Jharkhand,2024-09-05
CUST01605,Rahul Patel,Female,42.0,Mumbai,Maharashtra,2023-10-12
CUST01606,Arjun Mishra,Female,30.0,Pune,Maharashtra,2025-03-11
CUST01607,Aditya Yadav,Female,58.0,Chandigarh,Chandigarh,2023-08-11
CUST01608,Priya Kumar,Male,20.0,Lucknow,Uttar Pradesh,2023-07-10
CUST01609,Aarav Singh,Male,22.0,Noida,Uttar Pradesh,2025-09-27
CUST01610,Rohan Verma,Female,60.0,Ranchi,Jharkhand,2024-08-04
CUST01611,Amit Sharma,Female,51.0,Indore,Madhya Pradesh,2023-05-24
CUST01612,Aditya Shah,Female,43.0,Delhi,Delhi,2023-12-18
CUST01613,Rahul Mishra,Female,48.0,Kolkata,West Bengal,2023-08-15
CUST01614,Rohan Singh,Male,37.0,Bengaluru,Karnataka,2025-03-07
CUST01615,Priya Yadav,Female,55.0,Bhubaneswar,Odisha,2025-08-30
CUST01616,Amit Gupta,Male,18.0,Pune,Maharashtra,2025-10-26
CUST01617,Arjun Shah,Female,56.0,Chennai,Tamil Nadu,2025-07-01
CUST01618,Aditya Mehta,Female,47.0,Ahmedabad,Gujarat,2025-12-12
CUST01619,Arjun Gupta,Female,40.0,Guwahati,Assam,2023-03-22
CUST01620,Meera Shah,Male,44.0,Lucknow,Uttar Pradesh,2025-03-11
CUST01621,Meera Sinha,Female,47.0,Ahmedabad,Gujarat,2024-01-03
CUST01622,Sanjay Kumar,Female,62.0,Ranchi,Jharkhand,2024-01-11
CUST01623,Priya Gupta,Female,60.0,Mumbai,Maharashtra,2024-05-05
CUST01624,Riya Das,Male,41.0,Bengaluru,Karnataka,2024-03-20
CUST01625,Nikhil Choudhary,Female,44.0,Bengaluru,Karnataka,2023-08-04
CUST01626,Vikram Verma,Male,47.0,Guwahati,Assam,2023-12-04
CUST01627,Amit Das,Female,65.0,Delhi,Delhi,2023-05-30
CUST01628,Karan Sharma,Male,34.0,Ranchi,Jharkhand,2024-02-03
CUST01629,Aditya Jha,Female,49.0,Hyderabad,Telangana,2023-10-07
CUST01630,Arjun Mishra,Male,63.0,Guwahati,Assam,2023-05-20
CUST01631,Riya Shah,Female,28.0,Guwahati,Assam,2023-10-15
CUST01632,Meera Kumar,Male,36.0,Kolkata,West Bengal,2023-02-06
CUST01633,Karan Singh,Male,60.0,Hyderabad,Telangana,2025-12-30
CUST01634,Rahul Roy,Female,29.0,Delhi,Delhi,2024-07-13
CUST01635,Shreya Verma,Female,62.0,Pune,Maharashtra,2023-03-12
CUST01636,Ananya Das,Female,46.0,Mumbai,Maharashtra,2025-12-06
CUST01637,Aditi Choudhary,Female,30.0,Mumbai,Maharashtra,2023-01-10
CUST01638,Sneha Verma,Male,19.0,Ahmedabad,Gujarat,2025-02-06
CUST01639,Aarav Patel,Male,61.0,Bhubaneswar,Odisha,2023-02-27
CUST01640,Ananya Choudhary,Male,64.0,Bengaluru,Karnataka,2024-03-27
CUST01641,Kavya Mishra,Male,38.0,Kolkata,West Bengal,2023-04-01
CUST01642,Meera Verma,Female,45.0,Patna,Bihar,2024-01-24
CUST01643,Rohan Kumar,Female,38.0,Hyderabad,Telangana,2024-04-20
CUST01644,Karan Jha,Female,18.0,Kolkata,West Bengal,2023-01-31
CUST01645,Amit Verma,Male,60.0,Ranchi,Jharkhand,2024-03-11
CUST01646,Aditi Kumar,Male,44.0,Jaipur,Rajasthan,2025-01-25
CUST01647,Ananya Sinha,Male,34.0,Lucknow,Uttar Pradesh,2025-10-20
CUST01648,Karan Jha,Male,39.0,Hyderabad,Telangana,2024-10-26
CUST01649,Riya Kumar,Female,19.0,Kolkata,West Bengal,2024-10-13
CUST01650,Karan Mishra,Male,50.0,Noida,Uttar Pradesh,2025-07-08
CUST01651,Sneha Sharma,Male,37.0,Surat,Gujarat,2023-01-28
CUST01652,Sneha Yadav,Male,21.0,Ahmedabad,Gujarat,2025-05-27
CUST01653,Riya Gupta,Male,27.0,Chennai,Tamil Nadu,2025-02-06
CUST01654,Aditi Verma,Female,65.0,Ranchi,Jharkhand,2024-02-23
CUST01655,Vikram Patel,Male,51.0,Patna,Bihar,2023-10-02
CUST01656,Aarav Verma,Female,39.0,Bhubaneswar,Odisha,2024-08-13
CUST01657,Shreya Sharma,Male,61.0,Ahmedabad,Gujarat,2024-02-26
CUST01658,Nikhil Patel,Male,46.0,Ahmedabad,Gujarat,2025-02-20
CUST01659,Riya Kumar,Male,21.0,Delhi,Delhi,2023-05-13
CUST01660,Rahul Kumar,Male,55.0,Chennai,Tamil Nadu,2024-02-23
CUST01661,Sneha Mishra,Male,45.0,Nagpur,Maharashtra,2024-02-23
CUST01662,Priya Sinha,Male,33.0,Guwahati,Assam,2024-09-29
CUST01663,Meera Verma,Female,36.0,Bhubaneswar,Odisha,2023-12-28
CUST01664,Rohan Gupta,Female,23.0,Surat,Gujarat,2025-07-07
CUST01665,Karan Singh,Female,46.0,Bhopal,Madhya Pradesh,2025-03-26
CUST01666,Meera Sinha,Female,27.0,Bhubaneswar,Odisha,2025-10-31
CUST01667,Karan Das,Male,37.0,Chandigarh,Chandigarh,2023-02-10
CUST01668,Shreya Sinha,Male,34.0,Noida,Uttar Pradesh,2023-11-09
CUST01669,Neha Roy,Female,42.0,Ranchi,Jharkhand,2025-08-07
CUST01670,Arjun Patel,Male,63.0,Nagpur,Maharashtra,2025-09-11
CUST01671,Rahul Mehta,Male,18.0,Chandigarh,Chandigarh,2024-02-05
CUST01672,Pooja Roy,Female,44.0,Delhi,Delhi,2025-10-22
CUST01673,Karan Roy,Female,59.0,Ranchi,Jharkhand,2025-02-03
CUST01674,Kavya Mehta,Male,25.0,Surat,Gujarat,2023-05-26
CUST01675,Rohan Choudhary,Female,34.0,Ranchi,Jharkhand,2023-11-29
CUST01676,Riya Jha,Female,62.0,Bhopal,Madhya Pradesh,2025-11-09
CUST01677,Kavya Sinha,Male,33.0,Mumbai,Maharashtra,2025-02-28
CUST01678,Pooja Jha,Male,62.0,Chandigarh,Chandigarh,2023-03-12
CUST01679,Meera Roy,Male,34.0,Chennai,Tamil Nadu,2024-06-19
CUST01680,Aarav Kumar,Male,59.0,Ahmedabad,Gujarat,2023-11-27
CUST01681,Sanjay Mehta,Male,51.0,Ranchi,Jharkhand,2025-03-25
CUST01682,Priya Shah,Female,34.0,Pune,Maharashtra,2025-05-16
CUST01683,Shreya Jha,Female,55.0,Lucknow,Uttar Pradesh,2025-10-22
CUST01684,Arjun Kumar,Female,27.0,Lucknow,Uttar Pradesh,2025-04-22
CUST01685,Karan Sinha,Female,18.0,Jaipur,Rajasthan,2024-03-05
CUST01686,Aarav Kumar,Male,62.0,Kolkata,West Bengal,2025-10-04
CUST01687,Kavya Jha,Female,64.0,Bhubaneswar,Odisha,2025-12-11
CUST01688,Priya Patel,Male,63.0,Bhubaneswar,Odisha,2023-12-16
CUST01689,Riya Singh,Male,46.0,Chennai,Tamil Nadu,2024-02-10
CUST01690,Priya Verma,Male,65.0,Surat,Gujarat,2024-03-11
CUST01691,Vikram Mehta,Female,46.0,Kolkata,West Bengal,2024-01-28
CUST01692,Priya Kumar,Female,23.0,Noida,Uttar Pradesh,2023-08-12
CUST01693,Vikram Kumar,Female,19.0,Ranchi,Jharkhand,2023-09-13
CUST01694,Riya Roy,Male,18.0,Surat,Gujarat,2024-04-25
CUST01695,Aarav Jha,Male,24.0,Mumbai,Maharashtra,2024-06-28
CUST01696,Aarav Das,Female,49.0,Pune,Maharashtra,2025-12-05
CUST01697,Meera Das,Female,41.0,Chandigarh,Chandigarh,2024-11-21
CUST01698,Sneha Patel,Female,42.0,Patna,Bihar,2024-10-07
CUST01699,Pooja Shah,Female,24.0,Noida,Uttar Pradesh,2023-04-28
CUST01700,Karan Sinha,Male,19.0,Delhi,Delhi,2025-07-24
CUST01701,Nikhil Gupta,Male,41.0,Noida,Uttar Pradesh,2023-09-09
CUST01702,Nikhil Das,Male,18.0,Guwahati,Assam,2025-08-31
CUST01703,Pooja Shah,Male,65.0,Patna,Bihar,2023-02-04
CUST01704,Sneha Yadav,Female,43.0,Patna,Bihar,2025-06-28
CUST01705,Pooja Das,Female,60.0,Noida,Uttar Pradesh,2023-06-16
CUST01706,Neha Yadav,Male,63.0,Hyderabad,Telangana,2025-02-27
CUST01707,Sanjay Choudhary,Male,26.0,Chennai,Tamil Nadu,2025-12-01
CUST01708,Neha Shah,Female,28.0,Chandigarh,Chandigarh,2023-06-28
CUST01709,Riya Jha,Male,33.0,Guwahati,Assam,2023-08-25
CUST01710,Arjun Kumar,Female,63.0,Pune,Maharashtra,2023-12-16
CUST01711,Aditya Mehta,Female,35.0,Delhi,Delhi,2023-11-25
CUST01712,Riya Mehta,Male,60.0,Ahmedabad,Gujarat,2024-06-11
CUST01713,Riya Kumar,Female,32.0,Chennai,Tamil Nadu,2025-12-30
CUST01714,Aditya Das,Female,59.0,Surat,Gujarat,2023-05-13
CUST01715,Sneha Verma,Female,25.0,Nagpur,Maharashtra,2025-06-13
CUST01716,Ananya Kumar,Female,65.0,Lucknow,Uttar Pradesh,2023-06-29
CUST01717,Ananya Yadav,Female,26.0,Surat,Gujarat,2024-01-21
CUST01718,Sanjay Sinha,Male,37.0,Patna,Bihar,2025-02-17
CUST01719,Karan Das,Female,41.0,Mumbai,Maharashtra,2024-01-24
CUST01720,Meera Yadav,Male,24.0,Chennai,Tamil Nadu,2025-11-30
CUST01721,Shreya Shah,Female,38.0,Ranchi,Jharkhand,2023-01-19
CUST01722,Sneha Roy,Female,27.0,Chennai,Tamil Nadu,2024-08-30
CUST01723,Rahul Sinha,Male,56.0,Noida,Uttar Pradesh,2024-08-03
CUST01724,Nikhil Sinha,Male,35.0,Patna,Bihar,2024-09-24
CUST01725,Rohan Roy,Female,63.0,Surat,Gujarat,2025-09-06
CUST01726,Aditya Singh,Male,64.0,Ranchi,Jharkhand,2023-05-01
CUST01727,Priya Shah,Female,64.0,Ahmedabad,Gujarat,2023-04-18
CUST01728,Priya Sharma,Female,39.0,Ranchi,Jharkhand,2024-09-04
CUST01729,Pooja Choudhary,Female,43.0,Bhubaneswar,Odisha,2025-08-27
CUST01730,Neha Gupta,Male,62.0,Bengaluru,Karnataka,2025-12-17
CUST01731,Ananya Singh,Female,55.0,Nagpur,Maharashtra,2025-03-17
CUST01732,Amit Jha,Male,54.0,Mumbai,Maharashtra,2024-09-14
CUST01733,Riya Gupta,Male,31.0,Chennai,Tamil Nadu,2025-06-23
CUST01734,Aarav Patel,Male,61.0,Pune,Maharashtra,2024-02-05
CUST01735,Kavya Jha,Male,21.0,Chennai,Tamil Nadu,2025-02-10
CUST01736,Riya Singh,Male,25.0,Hyderabad,Telangana,2024-12-29
CUST01737,Sanjay Das,Male,58.0,Indore,Madhya Pradesh,2024-11-24
CUST01738,Aditi Kumar,Male,43.0,Ranchi,Jharkhand,2024-05-16
CUST01739,Meera Singh,Female,62.0,Chandigarh,Chandigarh,2024-09-11
CUST01740,Karan Gupta,Female,41.0,Bengaluru,Karnataka,2025-08-07
CUST01741,Ananya Kumar,Male,49.0,Delhi,Delhi,2023-09-03
CUST01742,Aarav Yadav,Female,35.0,Indore,Madhya Pradesh,2024-04-05
CUST01743,Karan Roy,Female,37.0,Hyderabad,Telangana,2024-01-06
CUST01744,Ananya Patel,Male,63.0,Surat,Gujarat,2023-09-14
CUST01745,Karan Shah,Male,,Nagpur,Maharashtra,2024-01-14
CUST01746,Riya Kumar,Male,31.0,Nagpur,Maharashtra,2025-12-21
CUST01747,Meera Sinha,Male,18.0,Hyderabad,Telangana,2024-01-06
CUST01748,Aditya Kumar,Male,26.0,Nagpur,Maharashtra,2025-07-04
CUST01749,Priya Kumar,Female,20.0,Surat,Gujarat,2024-02-27
CUST01750,Nikhil Gupta,Female,52.0,Bengaluru,Karnataka,2023-09-13
CUST01751,Aarav Verma,Female,20.0,Kolkata,West Bengal,2025-05-16
CUST01752,Shreya Roy,Male,54.0,Indore,Madhya Pradesh,2024-08-23
CUST01753,Nikhil Mehta,Female,56.0,Chandigarh,Chandigarh,2024-10-02
CUST01754,Rohan Sinha,Male,60.0,Nagpur,Maharashtra,2025-11-11
CUST01755,Aditi Verma,Male,37.0,Mumbai,Maharashtra,2024-04-30
CUST01756,Meera Mishra,Male,,Pune,Maharashtra,2023-10-02
CUST01757,Rahul Sinha,Female,22.0,Bhopal,Madhya Pradesh,2024-07-22
CUST01758,Vikram Das,Male,43.0,Nagpur,Maharashtra,2024-06-06
CUST01759,Vikram Jha,Female,62.0,Guwahati,Assam,2023-06-20
CUST01760,Arjun Jha,Female,58.0,Chennai,Tamil Nadu,2024-02-22
CUST01761,Sanjay Jha,Male,44.0,Pune,Maharashtra,2025-02-01
CUST01762,Kavya Das,Male,56.0,Chennai,Tamil Nadu,2024-10-09
CUST01763,Vikram Kumar,Male,61.0,Ahmedabad,Gujarat,2023-06-08
CUST01764,Arjun Patel,Male,41.0,Nagpur,Maharashtra,2025-04-13
CUST01765,Rahul Shah,Male,35.0,Patna,Bihar,2024-07-13
CUST01766,Karan Verma,Female,24.0,Delhi,Delhi,2023-07-20
CUST01767,Nikhil Sinha,Female,55.0,Hyderabad,Telangana,2023-12-26
CUST01768,Nikhil Patel,Female,53.0,Chandigarh,Chandigarh,2023-07-15
CUST01769,Aditi Singh,Female,42.0,Jaipur,Rajasthan,2023-07-22
CUST01770,Shreya Mishra,Female,48.0,Kolkata,West Bengal,2024-12-07
CUST01771,Vikram Sharma,Male,60.0,Surat,Gujarat,2023-09-19
CUST01772,Karan Yadav,Female,21.0,Chennai,Tamil Nadu,2023-10-20
CUST01773,Meera Das,Female,29.0,Bhopal,Madhya Pradesh,2024-05-25
CUST01774,Amit Mishra,Female,35.0,Guwahati,Assam,2024-12-25
CUST01775,Sneha Gupta,Male,37.0,Bhubaneswar,Odisha,2025-12-02
CUST01776,Arjun Jha,Male,22.0,Bhubaneswar,Odisha,2024-10-02
CUST01777,Priya Yadav,Male,23.0,Ahmedabad,Gujarat,2023-07-11
CUST01778,Aarav Das,Male,48.0,Lucknow,Uttar Pradesh,2025-10-06
CUST01779,Shreya Sinha,Male,43.0,Chandigarh,Chandigarh,2025-11-20
CUST01780,Aarav Sinha,Female,62.0,Delhi,Delhi,2024-01-25
CUST01781,Sneha Sinha,Male,56.0,Nagpur,Maharashtra,2024-12-07
CUST01782,Nikhil Mehta,Male,29.0,Guwahati,Assam,2023-12-12
CUST01783,Rahul Mishra,Female,21.0,Bengaluru,Karnataka,2025-01-21
CUST01784,Karan Singh,Female,25.0,Bhubaneswar,Odisha,2025-10-11
CUST01785,Shreya Shah,Male,36.0,Patna,Bihar,2024-05-26
CUST01786,Neha Gupta,Male,18.0,Lucknow,Uttar Pradesh,2025-09-16
CUST01787,Rohan Mehta,Female,59.0,Surat,Gujarat,2025-03-17
CUST01788,Amit Mehta,Female,21.0,Indore,Madhya Pradesh,2023-03-14
CUST01789,Meera Roy,Female,37.0,Bhopal,Madhya Pradesh,2023-01-13
CUST01790,Aarav Patel,Male,43.0,Bhopal,Madhya Pradesh,2023-08-08
CUST01791,Ananya Das,Female,30.0,Bhopal,Madhya Pradesh,2023-01-19
CUST01792,Nikhil Mehta,Male,44.0,Bengaluru,Karnataka,2025-12-19
CUST01793,Aarav Singh,Female,32.0,Hyderabad,Telangana,2025-09-25
CUST01794,Pooja Gupta,Female,45.0,Chandigarh,Chandigarh,2025-03-20
CUST01795,Ananya Roy,Female,28.0,Kolkata,West Bengal,2024-07-05
CUST01796,Kavya Sharma,Female,63.0,Chennai,Tamil Nadu,2024-12-25
CUST01797,Rohan Gupta,Male,26.0,Pune,Maharashtra,2023-08-15
CUST01798,Aditya Mehta,Male,28.0,Ranchi,Jharkhand,2025-05-12
CUST01799,Vikram Kumar,Female,49.0,Pune,Maharashtra,2025-09-08
CUST01800,Rahul Patel,Female,50.0,Nagpur,Maharashtra,2025-10-11
CUST01801,Ananya Kumar,Male,26.0,Ranchi,Jharkhand,2023-09-27
CUST01802,Nikhil Sharma,Male,21.0,Chennai,Tamil Nadu,2024-12-05
CUST01803,Meera Sinha,Male,45.0,Patna,Bihar,2025-05-29
CUST01804,Neha Roy,Male,45.0,Chandigarh,Chandigarh,2024-08-15
CUST01805,Nikhil Singh,Male,35.0,Ahmedabad,Gujarat,2023-11-09
CUST01806,Sneha Jha,Female,30.0,Hyderabad,Telangana,2024-06-23
CUST01807,Nikhil Yadav,Male,30.0,Chandigarh,Chandigarh,2023-07-31
CUST01808,Sneha Kumar,Male,43.0,Surat,Gujarat,2023-11-01
CUST01809,Rohan Mehta,Male,45.0,Mumbai,Maharashtra,2024-07-14
CUST01810,Arjun Shah,Male,42.0,Delhi,Delhi,2024-02-13
CUST01811,Neha Sinha,Male,32.0,Bhubaneswar,Odisha,2025-12-11
CUST01812,Riya Sharma,Female,59.0,Patna,Bihar,2025-05-22
CUST01813,Ananya Gupta,Female,35.0,Mumbai,Maharashtra,2024-09-15
CUST01814,Sneha Patel,Male,29.0,Bhopal,Madhya Pradesh,2025-05-06
CUST01815,Aditi Jha,Female,31.0,Mumbai,Maharashtra,2023-01-02
CUST01816,Vikram Mehta,Male,45.0,Lucknow,Uttar Pradesh,2025-08-24
CUST01817,Riya Patel,Female,37.0,Kolkata,West Bengal,2024-05-31
CUST01818,Aarav Jha,Male,39.0,Hyderabad,Telangana,2023-07-18
CUST01819,Sanjay Mishra,Female,33.0,Bhopal,Madhya Pradesh,2025-01-10
CUST01820,Sanjay Das,Male,24.0,Jaipur,Rajasthan,2024-03-06
CUST01821,Aditi Yadav,Male,30.0,Chennai,Tamil Nadu,2023-09-04
CUST01822,Arjun Mishra,Female,37.0,Guwahati,Assam,2023-07-22
CUST01823,Shreya Sinha,Male,20.0,Chandigarh,Chandigarh,2024-02-18
CUST01824,Kavya Mishra,Female,53.0,Chennai,Tamil Nadu,2024-01-28
CUST01825,Amit Jha,Male,45.0,Bhopal,Madhya Pradesh,2025-01-19
CUST01826,Kavya Mishra,Male,28.0,Bengaluru,Karnataka,2025-09-15
CUST01827,Rahul Gupta,Male,54.0,Noida,Uttar Pradesh,2024-07-15
CUST01828,Karan Roy,Male,28.0,Mumbai,Maharashtra,2024-01-25
CUST01829,Karan Mishra,Female,43.0,Guwahati,Assam,2025-11-09
CUST01830,Rohan Singh,Male,28.0,Noida,Uttar Pradesh,2024-07-10
CUST01831,Sanjay Sinha,Male,50.0,Surat,Gujarat,2024-03-22
CUST01832,Nikhil Gupta,Female,32.0,Guwahati,Assam,2025-10-28
CUST01833,Shreya Kumar,Male,32.0,Lucknow,Uttar Pradesh,2024-07-03
CUST01834,Sneha Gupta,Male,58.0,Mumbai,Maharashtra,2025-12-28
CUST01835,Rahul Gupta,Male,59.0,Chennai,Tamil Nadu,2024-07-22
CUST01836,Shreya Kumar,Male,59.0,Ahmedabad,Gujarat,2024-03-06
CUST01837,Aditya Kumar,Female,64.0,Bhopal,Madhya Pradesh,2025-01-25
CUST01838,Meera Gupta,Female,21.0,Chennai,Tamil Nadu,2025-04-16
CUST01839,Sneha Sinha,Female,29.0,Delhi,Delhi,2024-12-29
CUST01840,Shreya Jha,Male,64.0,Jaipur,Rajasthan,2023-02-02
CUST01841,Meera Mishra,Male,46.0,Ranchi,Jharkhand,2024-06-11
CUST01842,Vikram Verma,Female,27.0,Ahmedabad,Gujarat,2024-10-26
CUST01843,Kavya Patel,Male,48.0,Guwahati,Assam,2024-04-19
CUST01844,Priya Roy,Male,29.0,Bengaluru,Karnataka,2025-10-12
CUST01845,Priya Jha,Female,19.0,Pune,Maharashtra,2025-10-01
CUST01846,Priya Shah,Female,61.0,Lucknow,Uttar Pradesh,2023-11-30
CUST01847,Arjun Singh,Male,45.0,Noida,Uttar Pradesh,2024-01-20
CUST01848,Karan Kumar,Male,64.0,Ahmedabad,Gujarat,2025-07-20
CUST01849,Karan Das,Male,25.0,Delhi,Delhi,2023-07-24
CUST01850,Rahul Verma,Male,35.0,Delhi,Delhi,2023-03-31
CUST01851,Aarav Choudhary,Male,52.0,Chennai,Tamil Nadu,2023-01-28
CUST01852,Rohan Singh,Female,54.0,Patna,Bihar,2023-06-24
CUST01853,Neha Patel,Female,27.0,Guwahati,Assam,2023-12-01
CUST01854,Shreya Sinha,Female,58.0,Ahmedabad,Gujarat,2023-04-25
CUST01855,Aarav Shah,Male,24.0,Nagpur,Maharashtra,2023-09-10
CUST01856,Ananya Mishra,Female,27.0,Nagpur,Maharashtra,2024-08-30
CUST01857,Aarav Verma,Female,42.0,Delhi,Delhi,2024-04-04
CUST01858,Neha Verma,Female,61.0,Chennai,Tamil Nadu,2024-12-24
CUST01859,Priya Kumar,Male,24.0,Hyderabad,Telangana,2025-10-04
CUST01860,Arjun Yadav,Female,25.0,Lucknow,Uttar Pradesh,2025-01-01
CUST01861,Aditi Yadav,Male,29.0,Bhopal,Madhya Pradesh,2023-06-23
CUST01862,Aditya Yadav,Male,61.0,Bhubaneswar,Odisha,2025-12-22
CUST01863,Neha Yadav,Female,40.0,Bhubaneswar,Odisha,2023-11-04
CUST01864,Riya Jha,Female,34.0,Hyderabad,Telangana,2024-07-09
CUST01865,Rahul Choudhary,Male,38.0,Bengaluru,Karnataka,2023-01-05
CUST01866,Amit Sinha,Female,22.0,Chennai,Tamil Nadu,2025-03-10
CUST01867,Vikram Singh,Male,38.0,Hyderabad,Telangana,2025-05-25
CUST01868,Karan Patel,Female,49.0,Chennai,Tamil Nadu,2024-01-08
CUST01869,Kavya Yadav,Female,26.0,Bhubaneswar,Odisha,2025-09-12
CUST01870,Kavya Mishra,Female,52.0,Ahmedabad,Gujarat,2025-02-23
CUST01871,Shreya Mishra,Male,42.0,Nagpur,Maharashtra,2025-10-05
CUST01872,Nikhil Yadav,Male,62.0,Bengaluru,Karnataka,2025-05-13
CUST01873,Pooja Sharma,Male,19.0,Bengaluru,Karnataka,2024-04-26
CUST01874,Rahul Mehta,Male,21.0,Bhopal,Madhya Pradesh,2025-08-28
CUST01875,Rahul Gupta,Female,27.0,Bhopal,Madhya Pradesh,2025-01-09
CUST01876,Sneha Verma,Male,21.0,Nagpur,Maharashtra,2025-05-12
CUST01877,Rahul Das,Male,62.0,Chennai,Tamil Nadu,2023-08-29
CUST01878,Aditi Sinha,Male,60.0,Bhubaneswar,Odisha,2025-01-31
CUST01879,Riya Shah,Male,19.0,Surat,Gujarat,2023-06-01
CUST01880,Rahul Kumar,Male,22.0,Chennai,Tamil Nadu,2025-01-18
CUST01881,Rahul Choudhary,Male,48.0,Delhi,Delhi,2025-05-02
CUST01882,Neha Roy,Female,64.0,Chennai,Tamil Nadu,2025-12-16
CUST01883,Aarav Gupta,Male,27.0,Patna,Bihar,2025-06-28
CUST01884,Meera Choudhary,Male,50.0,Mumbai,Maharashtra,2023-03-07
CUST01885,Karan Shah,Female,61.0,Kolkata,West Bengal,2023-01-23
CUST01886,Sanjay Mishra,Female,63.0,Guwahati,Assam,2024-06-12
CUST01887,Priya Gupta,Male,51.0,Ahmedabad,Gujarat,2025-05-17
CUST01888,Rohan Das,Male,32.0,Ranchi,Jharkhand,2023-09-14
CUST01889,Shreya Yadav,Male,62.0,Ranchi,Jharkhand,2024-01-12
CUST01890,Aditya Jha,Female,42.0,Guwahati,Assam,2025-09-04
CUST01891,Pooja Jha,Female,30.0,Kolkata,West Bengal,2023-04-22
CUST01892,Ananya Kumar,Female,56.0,Jaipur,Rajasthan,2023-08-11
CUST01893,Sneha Gupta,Male,52.0,Patna,Bihar,2023-02-27
CUST01894,Rohan Yadav,Male,37.0,Hyderabad,Telangana,2023-05-14
CUST01895,Aditi Verma,Female,23.0,Pune,Maharashtra,2024-02-18
CUST01896,Sanjay Choudhary,Female,20.0,Surat,Gujarat,2023-04-02
CUST01897,Arjun Gupta,Male,40.0,Mumbai,Maharashtra,2024-10-06
CUST01898,Nikhil Verma,Female,43.0,Lucknow,Uttar Pradesh,2025-03-26
CUST01899,Ananya Patel,Female,65.0,Bhopal,Madhya Pradesh,2023-09-23
CUST01900,Nikhil Choudhary,Male,19.0,Indore,Madhya Pradesh,2023-07-26
CUST01901,Riya Yadav,Male,36.0,Surat,Gujarat,2025-02-21
CUST01902,Amit Kumar,Male,63.0,Kolkata,West Bengal,2023-11-07
CUST01903,Rahul Choudhary,Male,50.0,Ahmedabad,Gujarat,2024-03-17
CUST01904,Aditya Roy,Male,39.0,Indore,Madhya Pradesh,2025-12-07
CUST01905,Meera Shah,Female,20.0,Lucknow,Uttar Pradesh,2025-01-07
CUST01906,Rohan Yadav,Male,27.0,Ranchi,Jharkhand,2024-05-04
CUST01907,Ananya Choudhary,Male,27.0,Surat,Gujarat,2025-10-15
CUST01908,Riya Kumar,Female,38.0,Lucknow,Uttar Pradesh,2023-06-28
CUST01909,Priya Kumar,Female,54.0,Kolkata,West Bengal,2024-08-28
CUST01910,Arjun Kumar,Male,63.0,Bhopal,Madhya Pradesh,2024-12-24
CUST01911,Riya Gupta,Female,59.0,Guwahati,Assam,2024-06-12
CUST01912,Sanjay Roy,Male,41.0,Chennai,Tamil Nadu,2023-09-11
CUST01913,Kavya Shah,Male,46.0,Lucknow,Uttar Pradesh,2025-04-01
CUST01914,Meera Patel,Female,23.0,Bhopal,Madhya Pradesh,2025-11-15
CUST01915,Amit Gupta,Male,57.0,Bhubaneswar,Odisha,2025-11-02
CUST01916,Shreya Sharma,Male,24.0,Mumbai,Maharashtra,2024-05-16
CUST01917,Priya Yadav,Female,22.0,Lucknow,Uttar Pradesh,2025-02-08
CUST01918,Amit Jha,Male,40.0,Ahmedabad,Gujarat,2025-03-06
CUST01919,Shreya Mehta,Female,24.0,Guwahati,Assam,2025-08-17
CUST01920,Ananya Mehta,Female,45.0,Bengaluru,Karnataka,2024-01-05
CUST01921,Aditya Kumar,Female,39.0,Pune,Maharashtra,2025-04-02
CUST01922,Rohan Sinha,Female,25.0,Noida,Uttar Pradesh,2025-09-22
CUST01923,Aditi Mishra,Male,48.0,Jaipur,Rajasthan,2025-07-19
CUST01924,Aditya Yadav,Male,56.0,Chennai,Tamil Nadu,2024-03-13
CUST01925,Pooja Choudhary,Female,48.0,Ranchi,Jharkhand,2023-05-08
CUST01926,Rohan Shah,Male,61.0,Pune,Maharashtra,2023-04-21
CUST01927,Vikram Jha,Male,23.0,Bhubaneswar,Odisha,2024-07-06
CUST01928,Vikram Das,Male,37.0,Chennai,Tamil Nadu,2023-05-22
CUST01929,Nikhil Verma,Female,29.0,Guwahati,Assam,2025-05-09
CUST01930,Kavya Patel,Female,28.0,Mumbai,Maharashtra,2023-07-09
CUST01931,Kavya Roy,Female,52.0,Pune,Maharashtra,2024-12-16
CUST01932,Pooja Mehta,Female,18.0,Kolkata,West Bengal,2025-06-13
CUST01933,Arjun Sinha,Male,38.0,Nagpur,Maharashtra,2024-02-11
CUST01934,Rahul Mehta,Female,27.0,Patna,Bihar,2023-01-30
CUST01935,Ananya Choudhary,Female,34.0,Chandigarh,Chandigarh,2024-10-10
CUST01936,Amit Shah,Male,58.0,Indore,Madhya Pradesh,2023-01-08
CUST01937,Aditi Verma,Male,44.0,Guwahati,Assam,2023-07-19
CUST01938,Meera Das,Male,40.0,Nagpur,Maharashtra,2023-12-07
CUST01939,Sanjay Sharma,Female,41.0,Pune,Maharashtra,2024-01-27
CUST01940,Neha Mishra,Male,62.0,Delhi,Delhi,2024-09-10
CUST01941,Kavya Das,Female,40.0,Chandigarh,Chandigarh,2025-07-22
CUST01942,Nikhil Choudhary,Female,25.0,Nagpur,Maharashtra,2025-05-22
CUST01943,Kavya Patel,Male,53.0,Kolkata,West Bengal,2025-07-28
CUST01944,Shreya Das,Female,36.0,Noida,Uttar Pradesh,2023-11-30
CUST01945,Meera Mehta,Male,23.0,Bhubaneswar,Odisha,2024-08-03
CUST01946,Aarav Yadav,Female,24.0,Hyderabad,Telangana,2023-07-03
CUST01947,Amit Mishra,Male,60.0,Chandigarh,Chandigarh,2023-07-24
CUST01948,Rohan Verma,Female,53.0,Lucknow,Uttar Pradesh,2025-05-11
CUST01949,Rohan Shah,Female,25.0,Ranchi,Jharkhand,2023-08-23
CUST01950,Kavya Mehta,Female,18.0,Bhopal,Madhya Pradesh,2025-08-08
CUST01951,Nikhil Gupta,Female,60.0,Bhopal,Madhya Pradesh,2024-04-03
CUST01952,Kavya Jha,Male,18.0,Jaipur,Rajasthan,2024-09-21
CUST01953,Aarav Sharma,Male,41.0,Bhubaneswar,Odisha,2023-03-08
CUST01954,Aditya Singh,Female,33.0,Indore,Madhya Pradesh,2024-10-12
CUST01955,Rohan Yadav,Female,21.0,Nagpur,Maharashtra,2025-03-12
CUST01956,Rahul Jha,Female,64.0,Surat,Gujarat,2025-05-28
CUST01957,Aditya Mishra,Male,45.0,Kolkata,West Bengal,2025-04-05
CUST01958,Rahul Mishra,Male,58.0,Ahmedabad,Gujarat,2023-07-23
CUST01959,Vikram Shah,Male,38.0,Surat,Gujarat,2025-03-13
CUST01960,Arjun Sharma,Female,18.0,Pune,Maharashtra,2023-07-10
CUST01961,Aarav Yadav,Male,54.0,Surat,Gujarat,2023-11-10
CUST01962,Rahul Roy,Female,29.0,Ranchi,Jharkhand,2023-02-21
CUST01963,Neha Verma,Male,,Ahmedabad,Gujarat,2024-03-30
CUST01964,Aditi Gupta,Male,27.0,Ranchi,Jharkhand,2024-06-17
CUST01965,Ananya Roy,Male,24.0,Delhi,Delhi,2023-07-31
CUST01966,Vikram Mehta,Male,23.0,Chennai,Tamil Nadu,2024-08-01
CUST01967,Pooja Mehta,Male,43.0,Bengaluru,Karnataka,2025-10-09
CUST01968,Aarav Das,Male,49.0,Hyderabad,Telangana,2025-10-02
CUST01969,Kavya Das,Female,58.0,Bengaluru,Karnataka,2024-03-06
CUST01970,Priya Gupta,Male,29.0,Guwahati,Assam,2023-11-26
CUST01971,Ananya Patel,Female,48.0,Surat,Gujarat,2023-03-06
CUST01972,Priya Mishra,Female,25.0,Noida,Uttar Pradesh,2023-01-11
CUST01973,Shreya Sharma,Male,31.0,Pune,Maharashtra,2023-03-02
CUST01974,Rohan Sharma,Female,26.0,Bhopal,Madhya Pradesh,2023-08-24
CUST01975,Rahul Gupta,Female,48.0,Ahmedabad,Gujarat,2023-06-20
CUST01976,Pooja Sinha,Female,47.0,Pune,Maharashtra,2023-07-08
CUST01977,Nikhil Das,Male,34.0,Chandigarh,Chandigarh,2025-06-12
CUST01978,Vikram Das,Male,55.0,Kolkata,West Bengal,2024-02-10
CUST01979,Priya Choudhary,Male,64.0,Surat,Gujarat,2024-09-30
CUST01980,Amit Das,Female,38.0,Chandigarh,Chandigarh,2025-06-06
CUST01981,Meera Das,Female,30.0,Noida,Uttar Pradesh,2023-08-09
CUST01982,Pooja Mehta,Male,46.0,Surat,Gujarat,2024-12-23
CUST01983,Nikhil Gupta,Female,36.0,Kolkata,West Bengal,2023-03-11
CUST01984,Pooja Das,Male,25.0,Noida,Uttar Pradesh,2025-12-22
CUST01985,Kavya Choudhary,Male,40.0,Kolkata,West Bengal,2024-10-22
CUST01986,Rohan Jha,Female,41.0,Ahmedabad,Gujarat,2023-05-29
CUST01987,Ananya Sharma,Female,62.0,Chennai,Tamil Nadu,2024-10-05
CUST01988,Rohan Roy,Female,32.0,Delhi,Delhi,2024-11-04
CUST01989,Karan Gupta,Male,51.0,Nagpur,Maharashtra,2023-05-16
CUST01990,Shreya Gupta,Male,54.0,Pune,Maharashtra,2023-07-30
CUST01991,Aditya Shah,Female,30.0,Bhubaneswar,Odisha,2025-06-10
CUST01992,Riya Roy,Male,35.0,Pune,Maharashtra,2023-04-12
CUST01993,Ananya Roy,Male,56.0,Bhubaneswar,Odisha,2023-09-02
CUST01994,Sneha Yadav,Male,36.0,Patna,Bihar,2025-02-23
CUST01995,Amit Gupta,Male,43.0,Delhi,Delhi,2023-01-10
CUST01996,Nikhil Sharma,Female,59.0,Mumbai,Maharashtra,2025-12-28
CUST01997,Riya Kumar,Female,64.0,Delhi,Delhi,2023-05-23
CUST01998,Aditya Choudhary,Female,43.0,Lucknow,Uttar Pradesh,2024-07-16
CUST01999,Riya Yadav,Male,43.0,Bengaluru,Karnataka,2024-10-03
CUST02000,Riya Shah,Male,41.0,Lucknow,Uttar Pradesh,2025-07-19
CUST02001,Aarav Verma,Male,18.0,Noida,Uttar Pradesh,2023-07-30
CUST02002,Aditya Shah,Female,32.0,Chennai,Tamil Nadu,2023-08-04
CUST02003,Rohan Sinha,Female,52.0,Kolkata,West Bengal,2023-06-30
CUST02004,Vikram Mehta,Male,25.0,Delhi,Delhi,2023-04-18
CUST02005,Arjun Gupta,Female,62.0,Mumbai,Maharashtra,2024-09-15
CUST02006,Vikram Sinha,Male,26.0,Noida,Uttar Pradesh,2025-02-16
CUST02007,Ananya Singh,Female,27.0,Surat,Gujarat,2025-08-01
CUST02008,Amit Jha,Male,51.0,Surat,Gujarat,2025-04-26
CUST02009,Sanjay Roy,Female,35.0,Indore,Madhya Pradesh,2024-05-07
CUST02010,Sneha Kumar,Female,36.0,Patna,Bihar,2025-09-15
CUST02011,Shreya Shah,Male,60.0,Bengaluru,Karnataka,2024-12-23
CUST02012,Arjun Roy,Male,31.0,Pune,Maharashtra,2023-06-09
CUST02013,Amit Shah,Female,30.0,Delhi,Delhi,2024-03-18
CUST02014,Aditya Verma,Female,37.0,Chandigarh,Chandigarh,2023-08-03
CUST02015,Nikhil Kumar,Male,32.0,Guwahati,Assam,2023-11-12
CUST02016,Amit Shah,Male,43.0,Bhopal,Madhya Pradesh,2025-02-28
CUST02017,Vikram Das,Male,61.0,Pune,Maharashtra,2023-05-21
CUST02018,Rahul Roy,Male,65.0,Lucknow,Uttar Pradesh,2023-07-29
CUST02019,Aarav Mehta,Female,29.0,Hyderabad,Telangana,2024-05-07
CUST02020,Riya Jha,Female,40.0,Jaipur,Rajasthan,2023-02-28
CUST02021,Shreya Kumar,Female,45.0,Jaipur,Rajasthan,2023-08-31
CUST02022,Karan Mishra,Female,50.0,Pune,Maharashtra,2023-11-05
CUST02023,Amit Gupta,Female,24.0,Patna,Bihar,2023-04-19
CUST02024,Kavya Verma,Female,30.0,Mumbai,Maharashtra,2025-02-22
CUST02025,Meera Gupta,Female,51.0,Ranchi,Jharkhand,2023-12-28
CUST02026,Aditi Jha,Male,25.0,Bhubaneswar,Odisha,2023-08-12
CUST02027,Aditi Mehta,Male,54.0,Ahmedabad,Gujarat,2023-08-24
CUST02028,Arjun Mishra,Male,35.0,Jaipur,Rajasthan,2024-05-03
CUST02029,Karan Das,Male,32.0,Ahmedabad,Gujarat,2025-04-08
CUST02030,Rohan Singh,Male,40.0,Jaipur,Rajasthan,2025-10-11
CUST02031,Aarav Kumar,Male,50.0,Lucknow,Uttar Pradesh,2024-08-12
CUST02032,Neha Shah,Male,28.0,Noida,Uttar Pradesh,2025-09-03
CUST02033,Priya Singh,Female,47.0,Patna,Bihar,2023-05-23
CUST02034,Riya Das,Female,19.0,Chennai,Tamil Nadu,2023-01-27
CUST02035,Arjun Singh,Male,56.0,Kolkata,West Bengal,2024-06-24
CUST02036,Sanjay Sharma,Female,33.0,Bhopal,Madhya Pradesh,2025-08-28
CUST02037,Aditi Shah,Male,54.0,Chandigarh,Chandigarh,2023-08-13
CUST02038,Nikhil Mishra,Male,27.0,Lucknow,Uttar Pradesh,2024-04-12
CUST02039,Neha Choudhary,Female,46.0,Hyderabad,Telangana,2023-07-24
CUST02040,Shreya Gupta,Female,34.0,Chandigarh,Chandigarh,2024-12-19
CUST02041,Aarav Shah,Female,37.0,Bhopal,Madhya Pradesh,2025-07-28
CUST02042,Meera Roy,Male,35.0,Patna,Bihar,2025-11-26
CUST02043,Rahul Das,Male,60.0,Indore,Madhya Pradesh,2023-02-12
CUST02044,Riya Sharma,Male,54.0,Chennai,Tamil Nadu,2025-01-01
CUST02045,Rohan Sinha,Male,30.0,Bhubaneswar,Odisha,2025-01-06
CUST02046,Vikram Mehta,Female,51.0,Ranchi,Jharkhand,2023-08-10
CUST02047,Pooja Mehta,Female,43.0,Kolkata,West Bengal,2024-06-27
CUST02048,Vikram Gupta,Male,20.0,Surat,Gujarat,2025-05-04
CUST02049,Aditya Shah,Male,45.0,Surat,Gujarat,2025-12-01
CUST02050,Neha Kumar,Male,49.0,Guwahati,Assam,2024-12-11
CUST02051,Rahul Mishra,Female,57.0,Chennai,Tamil Nadu,2025-08-13
CUST02052,Neha Roy,Female,22.0,Nagpur,Maharashtra,2023-11-30
CUST02053,Amit Sharma,Male,36.0,Lucknow,Uttar Pradesh,2023-02-01
CUST02054,Aditi Roy,Female,18.0,Surat,Gujarat,2023-09-10
CUST02055,Aarav Sharma,Female,26.0,Bhubaneswar,Odisha,2024-12-22
CUST02056,Nikhil Jha,Male,23.0,Bhopal,Madhya Pradesh,2024-08-03
CUST02057,Rohan Das,Male,36.0,Jaipur,Rajasthan,2023-10-20
CUST02058,Riya Mehta,Female,33.0,Ahmedabad,Gujarat,2023-03-07
CUST02059,Karan Mehta,Male,34.0,Ranchi,Jharkhand,2025-05-15
CUST02060,Priya Yadav,Female,61.0,Lucknow,Uttar Pradesh,2024-09-28
CUST02061,Rohan Gupta,Male,44.0,Patna,Bihar,2023-10-13
CUST02062,Neha Gupta,Male,37.0,Nagpur,Maharashtra,2024-02-13
CUST02063,Shreya Singh,Female,45.0,Surat,Gujarat,2025-08-02
CUST02064,Nikhil Roy,Female,50.0,Hyderabad,Telangana,2023-10-11
CUST02065,Pooja Das,Female,44.0,Bhopal,Madhya Pradesh,2025-08-17
CUST02066,Aarav Mehta,Male,44.0,Bhubaneswar,Odisha,2025-08-02
CUST02067,Meera Mehta,Female,33.0,Bengaluru,Karnataka,2023-10-15
CUST02068,Pooja Singh,Female,21.0,Surat,Gujarat,2025-11-14
CUST02069,Karan Jha,Male,47.0,Ranchi,Jharkhand,2023-09-15
CUST02070,Aditi Kumar,Male,35.0,Indore,Madhya Pradesh,2025-07-31
CUST02071,Meera Kumar,Female,54.0,Hyderabad,Telangana,2024-11-13
CUST02072,Aditi Kumar,Male,62.0,Chandigarh,Chandigarh,2024-11-09
CUST02073,Rahul Mishra,Female,26.0,Pune,Maharashtra,2025-11-23
CUST02074,Neha Jha,Female,64.0,Ahmedabad,Gujarat,2023-11-13
CUST02075,Meera Sinha,Male,25.0,Delhi,Delhi,2025-09-20
CUST02076,Rahul Yadav,Male,51.0,Bengaluru,Karnataka,2023-01-01
CUST02077,Rohan Kumar,Female,19.0,Hyderabad,Telangana,2024-05-21
CUST02078,Karan Sharma,Male,37.0,Indore,Madhya Pradesh,2025-06-27
CUST02079,Priya Shah,Male,52.0,Ranchi,Jharkhand,2025-09-17
CUST02080,Meera Kumar,Female,27.0,Jaipur,Rajasthan,2025-06-18
CUST02081,Rahul Shah,Male,28.0,Delhi,Delhi,2024-01-14
CUST02082,Riya Roy,Female,36.0,Indore,Madhya Pradesh,2024-02-15
CUST02083,Pooja Jha,Female,43.0,Hyderabad,Telangana,2025-10-06
CUST02084,Amit Das,Female,27.0,Ranchi,Jharkhand,2023-08-08
CUST02085,Amit Kumar,Female,18.0,Delhi,Delhi,2024-08-03
CUST02086,Aditi Jha,Female,20.0,Surat,Gujarat,2024-09-12
CUST02087,Amit Mehta,Female,35.0,Bhopal,Madhya Pradesh,2023-10-13
CUST02088,Pooja Mishra,Male,40.0,Delhi,Delhi,2023-11-21
CUST02089,Nikhil Kumar,Male,59.0,Indore,Madhya Pradesh,2025-03-10
CUST02090,Sanjay Patel,Female,63.0,Chennai,Tamil Nadu,2024-12-21
CUST02091,Neha Mehta,Female,22.0,Chennai,Tamil Nadu,2024-07-24
CUST02092,Riya Yadav,Male,54.0,Chandigarh,Chandigarh,2025-02-10
CUST02093,Vikram Singh,Female,55.0,Indore,Madhya Pradesh,2025-12-12
CUST02094,Sanjay Yadav,Female,22.0,Surat,Gujarat,2024-12-13
CUST02095,Priya Verma,Male,60.0,Mumbai,Maharashtra,2023-03-02
CUST02096,Riya Patel,Male,64.0,Hyderabad,Telangana,2025-10-19
CUST02097,Priya Sinha,Female,44.0,Ahmedabad,Gujarat,2023-08-04
CUST02098,Meera Gupta,Male,20.0,Bengaluru,Karnataka,2023-05-07
CUST02099,Pooja Yadav,Male,29.0,Bengaluru,Karnataka,2025-06-23
CUST02100,Amit Das,Male,,Patna,Bihar,2023-08-09
CUST02101,Rohan Gupta,Female,46.0,Surat,Gujarat,2024-02-14
CUST02102,Rohan Sinha,Male,45.0,Lucknow,Uttar Pradesh,2024-04-06
CUST02103,Arjun Yadav,Male,58.0,Indore,Madhya Pradesh,2024-01-29
CUST02104,Aditi Choudhary,Male,18.0,Hyderabad,Telangana,2024-02-21
CUST02105,Sanjay Mishra,Male,39.0,Bhopal,Madhya Pradesh,2025-04-15
CUST02106,Riya Verma,Male,54.0,Kolkata,West Bengal,2025-12-17
CUST02107,Pooja Patel,Male,22.0,Chandigarh,Chandigarh,2025-10-22
CUST02108,Karan Shah,Male,54.0,Guwahati,Assam,2025-05-25
CUST02109,Nikhil Gupta,Male,25.0,Bengaluru,Karnataka,2023-09-18
CUST02110,Aditi Yadav,Female,19.0,Chandigarh,Chandigarh,2024-04-17
CUST02111,Vikram Das,Female,22.0,Ahmedabad,Gujarat,2024-08-16
CUST02112,Arjun Mishra,Male,51.0,Kolkata,West Bengal,2024-08-12
CUST02113,Neha Das,Male,52.0,Noida,Uttar Pradesh,2025-10-21
CUST02114,Vikram Jha,Male,20.0,Hyderabad,Telangana,2025-08-22
CUST02115,Vikram Verma,Female,21.0,Patna,Bihar,2025-05-13
CUST02116,Shreya Shah,Female,60.0,Chennai,Tamil Nadu,2024-02-23
CUST02117,Riya Kumar,Male,40.0,Mumbai,Maharashtra,2024-04-27
CUST02118,Meera Sinha,Male,53.0,Bengaluru,Karnataka,2025-05-02
CUST02119,Vikram Sinha,Male,24.0,Chandigarh,Chandigarh,2023-09-23
CUST02120,Nikhil Verma,Female,45.0,Mumbai,Maharashtra,2025-10-14
CUST02121,Sneha Sharma,Male,19.0,Chandigarh,Chandigarh,2024-09-13
CUST02122,Meera Shah,Female,61.0,Pune,Maharashtra,2025-12-30
CUST02123,Aditi Das,Female,62.0,Delhi,Delhi,2025-09-14
CUST02124,Kavya Mishra,Male,25.0,Chennai,Tamil Nadu,2025-05-30
CUST02125,Meera Mehta,Female,40.0,Guwahati,Assam,2023-08-30
CUST02126,Kavya Mehta,Male,33.0,Pune,Maharashtra,2024-12-03
CUST02127,Sanjay Sharma,Male,44.0,Ahmedabad,Gujarat,2023-07-08
CUST02128,Aarav Shah,Male,21.0,Nagpur,Maharashtra,2023-04-04
CUST02129,Rahul Roy,Male,36.0,Bengaluru,Karnataka,2023-04-27
CUST02130,Pooja Yadav,Male,36.0,Mumbai,Maharashtra,2024-10-05
CUST02131,Riya Jha,Male,60.0,Chennai,Tamil Nadu,2025-03-25
CUST02132,Vikram Mishra,Male,49.0,Bengaluru,Karnataka,2023-06-06
CUST02133,Amit Sinha,Female,41.0,Bhopal,Madhya Pradesh,2024-03-27
CUST02134,Sneha Mishra,Female,38.0,Nagpur,Maharashtra,2024-08-22
CUST02135,Ananya Sharma,Female,44.0,Nagpur,Maharashtra,2025-10-28
CUST02136,Vikram Kumar,Male,26.0,Noida,Uttar Pradesh,2025-09-22
CUST02137,Neha Sinha,Male,25.0,Indore,Madhya Pradesh,2024-04-17
CUST02138,Aditi Verma,Female,59.0,Bhopal,Madhya Pradesh,2023-10-18
CUST02139,Aarav Roy,Male,35.0,Guwahati,Assam,2023-08-22
CUST02140,Neha Shah,Male,21.0,Jaipur,Rajasthan,2025-02-25
CUST02141,Riya Sharma,Female,42.0,Jaipur,Rajasthan,2025-02-25
CUST02142,Sneha Verma,Female,29.0,Guwahati,Assam,2023-04-01
CUST02143,Aditi Jha,Female,20.0,Bhubaneswar,Odisha,2025-12-26
CUST02144,Aarav Mehta,Female,34.0,Nagpur,Maharashtra,2024-12-13
CUST02145,Aarav Patel,Female,45.0,Surat,Gujarat,2024-03-19
CUST02146,Shreya Das,Female,52.0,Mumbai,Maharashtra,2023-08-12
CUST02147,Sanjay Sinha,Female,28.0,Guwahati,Assam,2025-05-18
CUST02148,Sneha Singh,Male,35.0,Ranchi,Jharkhand,2025-08-15
CUST02149,Sneha Choudhary,Female,39.0,Jaipur,Rajasthan,2023-06-25
CUST02150,Aditi Yadav,Female,41.0,Surat,Gujarat,2025-03-19
CUST02151,Meera Sharma,Male,37.0,Jaipur,Rajasthan,2024-05-28
CUST02152,Vikram Shah,Male,46.0,Surat,Gujarat,2024-10-19
CUST02153,Amit Sharma,Female,20.0,Guwahati,Assam,2023-02-05
CUST02154,Shreya Verma,Female,21.0,Bhopal,Madhya Pradesh,2025-09-10
CUST02155,Vikram Mehta,Female,22.0,Surat,Gujarat,2023-06-12
CUST02156,Vikram Choudhary,Female,34.0,Guwahati,Assam,2024-01-04
CUST02157,Sneha Jha,Male,27.0,Chandigarh,Chandigarh,2023-09-18
CUST02158,Sneha Kumar,Male,29.0,Noida,Uttar Pradesh,2023-04-12
CUST02159,Sanjay Patel,Male,53.0,Indore,Madhya Pradesh,2025-06-20
CUST02160,Vikram Gupta,Male,61.0,Ahmedabad,Gujarat,2023-05-05
CUST02161,Meera Verma,Female,24.0,Bhopal,Madhya Pradesh,2023-04-02
CUST02162,Amit Kumar,Male,33.0,Bengaluru,Karnataka,2025-11-04
CUST02163,Sanjay Patel,Female,22.0,Pune,Maharashtra,2024-10-29
CUST02164,Rahul Sharma,Female,56.0,Bhubaneswar,Odisha,2024-08-02
CUST02165,Kavya Mehta,Female,48.0,Bhopal,Madhya Pradesh,2024-11-17
CUST02166,Priya Patel,Male,36.0,Lucknow,Uttar Pradesh,2023-03-05
CUST02167,Ananya Yadav,Male,38.0,Chennai,Tamil Nadu,2023-02-22
CUST02168,Sanjay Sinha,Female,31.0,Indore,Madhya Pradesh,2025-11-06
CUST02169,Rahul Das,Male,22.0,Ranchi,Jharkhand,2023-03-08
CUST02170,Sanjay Jha,Female,52.0,Ahmedabad,Gujarat,2025-10-28
CUST02171,Aditi Yadav,Female,60.0,Hyderabad,Telangana,2025-12-16
CUST02172,Amit Patel,Female,30.0,Indore,Madhya Pradesh,2025-12-01
CUST02173,Sneha Patel,Male,41.0,Surat,Gujarat,2024-08-23
CUST02174,Aditya Sinha,Male,62.0,Ahmedabad,Gujarat,2025-07-22
CUST02175,Kavya Patel,Male,40.0,Ahmedabad,Gujarat,2025-06-30
CUST02176,Arjun Mehta,Female,59.0,Nagpur,Maharashtra,2025-11-01
CUST02177,Amit Choudhary,Female,32.0,Chandigarh,Chandigarh,2024-04-16
CUST02178,Shreya Verma,Female,61.0,Surat,Gujarat,2023-09-14
CUST02179,Meera Gupta,Female,39.0,Surat,Gujarat,2023-10-10
CUST02180,Arjun Das,Female,50.0,Patna,Bihar,2023-08-30
CUST02181,Rohan Mehta,Male,47.0,Chennai,Tamil Nadu,2025-10-09
CUST02182,Ananya Das,Female,53.0,Delhi,Delhi,2023-12-08
CUST02183,Rahul Shah,Male,45.0,Chandigarh,Chandigarh,2023-07-26
CUST02184,Arjun Singh,Female,45.0,Delhi,Delhi,2023-12-08
CUST02185,Karan Sinha,Male,63.0,Bhopal,Madhya Pradesh,2023-09-19
CUST02186,Aditya Mehta,Female,55.0,Lucknow,Uttar Pradesh,2023-09-01
CUST02187,Aditi Kumar,Female,46.0,Noida,Uttar Pradesh,2023-08-09
CUST02188,Kavya Gupta,Female,62.0,Bhubaneswar,Odisha,2025-07-10
CUST02189,Sanjay Mehta,Male,27.0,Chennai,Tamil Nadu,2024-01-11
CUST02190,Amit Das,Female,46.0,Delhi,Delhi,2025-01-27
CUST02191,Sanjay Gupta,Male,32.0,Kolkata,West Bengal,2025-11-07
CUST02192,Aditya Sharma,Female,36.0,Lucknow,Uttar Pradesh,2025-10-07
CUST02193,Aditya Choudhary,Male,27.0,Patna,Bihar,2025-02-25
CUST02194,Kavya Mishra,Female,54.0,Mumbai,Maharashtra,2024-03-07
CUST02195,Ananya Patel,Female,28.0,Noida,Uttar Pradesh,2024-10-05
CUST02196,Vikram Roy,Female,32.0,Hyderabad,Telangana,2024-08-12
CUST02197,Vikram Yadav,Male,32.0,Kolkata,West Bengal,2024-08-13
CUST02198,Ananya Verma,Male,19.0,Jaipur,Rajasthan,2023-10-16
CUST02199,Shreya Mishra,Male,18.0,Noida,Uttar Pradesh,2023-03-23
CUST02200,Pooja Verma,Female,54.0,Chandigarh,Chandigarh,2023-02-22
CUST02201,Nikhil Singh,Female,36.0,Bhubaneswar,Odisha,2025-06-30
CUST02202,Amit Mehta,Female,49.0,Hyderabad,Telangana,2023-09-03
CUST02203,Rahul Gupta,Male,40.0,Jaipur,Rajasthan,2023-06-27
CUST02204,Arjun Patel,Male,50.0,Bengaluru,Karnataka,2024-03-31
CUST02205,Amit Jha,Male,63.0,Patna,Bihar,2024-07-19
CUST02206,Kavya Kumar,Female,30.0,Patna,Bihar,2023-03-20
CUST02207,Aarav Verma,Male,55.0,Nagpur,Maharashtra,2023-03-14
CUST02208,Rohan Gupta,Female,27.0,Ranchi,Jharkhand,2024-03-26
CUST02209,Riya Gupta,Male,30.0,Chandigarh,Chandigarh,2024-01-19
CUST02210,Rohan Sharma,Female,22.0,Bengaluru,Karnataka,2025-11-23
CUST02211,Priya Sharma,Female,62.0,Chandigarh,Chandigarh,2024-03-03
CUST02212,Sanjay Verma,Female,48.0,Jaipur,Rajasthan,2025-02-17
CUST02213,Neha Shah,Male,36.0,Indore,Madhya Pradesh,2024-01-04
CUST02214,Karan Yadav,Female,52.0,Chandigarh,Chandigarh,2025-09-30
CUST02215,Ananya Verma,Male,36.0,Chandigarh,Chandigarh,2024-08-28
CUST02216,Aditya Verma,Female,25.0,Bhubaneswar,Odisha,2025-07-04
CUST02217,Aditya Jha,Male,40.0,Kolkata,West Bengal,2025-08-09
CUST02218,Riya Shah,Female,56.0,Ranchi,Jharkhand,2023-09-20
CUST02219,Aarav Gupta,Female,50.0,Bhubaneswar,Odisha,2024-04-25
CUST02220,Aditi Mishra,Female,34.0,Pune,Maharashtra,2025-04-17
CUST02221,Karan Choudhary,Female,45.0,Patna,Bihar,2025-04-22
CUST02222,Aditi Gupta,Female,64.0,Ranchi,Jharkhand,2024-06-17
CUST02223,Aditi Gupta,Female,44.0,Ahmedabad,Gujarat,2024-11-26
CUST02224,Shreya Verma,Male,57.0,Ahmedabad,Gujarat,2023-12-08
CUST02225,Rahul Yadav,Male,64.0,Noida,Uttar Pradesh,2024-11-06
CUST02226,Arjun Choudhary,Female,40.0,Delhi,Delhi,2025-02-15
CUST02227,Aditi Mishra,Male,41.0,Nagpur,Maharashtra,2023-05-10
CUST02228,Priya Shah,Female,63.0,Nagpur,Maharashtra,2024-02-11
CUST02229,Priya Mehta,Female,39.0,Ahmedabad,Gujarat,2024-08-17
CUST02230,Shreya Sinha,Male,18.0,Bhubaneswar,Odisha,2024-03-17
CUST02231,Nikhil Kumar,Female,49.0,Mumbai,Maharashtra,2023-02-11
CUST02232,Neha Gupta,Male,32.0,Mumbai,Maharashtra,2023-11-18
CUST02233,Vikram Sinha,Male,42.0,Ahmedabad,Gujarat,2023-03-11
CUST02234,Vikram Shah,Male,22.0,Ranchi,Jharkhand,2023-09-26
CUST02235,Kavya Sharma,Male,65.0,Bengaluru,Karnataka,2025-10-30
CUST02236,Ananya Sinha,Female,30.0,Nagpur,Maharashtra,2023-11-07
CUST02237,Aditya Das,Male,37.0,Noida,Uttar Pradesh,2024-10-01
CUST02238,Rohan Kumar,Female,59.0,Jaipur,Rajasthan,2025-07-28
CUST02239,Karan Gupta,Female,23.0,Surat,Gujarat,2025-08-23
CUST02240,Shreya Gupta,Female,36.0,Ahmedabad,Gujarat,2025-04-12
CUST02241,Sneha Das,Male,49.0,Nagpur,Maharashtra,2025-11-03
CUST02242,Shreya Sinha,Male,46.0,Ranchi,Jharkhand,2025-02-02
CUST02243,Karan Choudhary,Male,46.0,Ahmedabad,Gujarat,2023-02-20
CUST02244,Sanjay Kumar,Female,39.0,Bhopal,Madhya Pradesh,2025-09-03
CUST02245,Ananya Mishra,Male,31.0,Chennai,Tamil Nadu,2023-06-21
CUST02246,Arjun Singh,Female,57.0,Chandigarh,Chandigarh,2024-05-26
CUST02247,Sanjay Choudhary,Male,21.0,Chandigarh,Chandigarh,2025-12-07
CUST02248,Kavya Gupta,Female,27.0,Chandigarh,Chandigarh,2024-05-31
CUST02249,Sanjay Yadav,Female,18.0,Mumbai,Maharashtra,2024-10-20
CUST02250,Shreya Choudhary,Female,52.0,Jaipur,Rajasthan,2024-03-04
CUST02251,Sneha Patel,Female,63.0,Chandigarh,Chandigarh,2024-10-03
CUST02252,Shreya Shah,Male,24.0,Chandigarh,Chandigarh,2025-11-19
CUST02253,Karan Singh,Male,28.0,Bhubaneswar,Odisha,2023-06-08
CUST02254,Priya Verma,Female,25.0,Indore,Madhya Pradesh,2023-09-06
CUST02255,Riya Singh,Female,26.0,Mumbai,Maharashtra,2025-05-18
CUST02256,Karan Sharma,Female,25.0,Nagpur,Maharashtra,2025-05-06
CUST02257,Vikram Mishra,Female,57.0,Bhubaneswar,Odisha,2024-08-25
CUST02258,Rahul Gupta,Male,57.0,Bhopal,Madhya Pradesh,2023-12-06
CUST02259,Meera Gupta,Female,47.0,Bhopal,Madhya Pradesh,2025-11-29
CUST02260,Rahul Singh,Female,18.0,Pune,Maharashtra,2024-11-07
CUST02261,Priya Singh,Female,22.0,Patna,Bihar,2025-05-02
CUST02262,Rohan Verma,Male,52.0,Delhi,Delhi,2024-09-30
CUST02263,Ananya Sharma,Female,56.0,Guwahati,Assam,2024-11-08
CUST02264,Pooja Jha,Male,40.0,Kolkata,West Bengal,2023-05-17
CUST02265,Vikram Gupta,Female,55.0,Delhi,Delhi,2024-01-30
CUST02266,Meera Choudhary,Female,34.0,Lucknow,Uttar Pradesh,2025-01-22
CUST02267,Arjun Yadav,Male,24.0,Nagpur,Maharashtra,2024-02-19
CUST02268,Priya Gupta,Male,26.0,Pune,Maharashtra,2024-07-27
CUST02269,Aditya Yadav,Female,65.0,Indore,Madhya Pradesh,2025-02-23
CUST02270,Rohan Singh,Male,32.0,Noida,Uttar Pradesh,2025-08-27
CUST02271,Meera Singh,Male,28.0,Pune,Maharashtra,2023-07-07
CUST02272,Aditya Kumar,Male,26.0,Chandigarh,Chandigarh,2023-01-01
CUST02273,Kavya Jha,Female,38.0,Indore,Madhya Pradesh,2025-06-19
CUST02274,Ananya Verma,Female,42.0,Lucknow,Uttar Pradesh,2025-10-21
CUST02275,Pooja Gupta,Female,51.0,Ranchi,Jharkhand,2025-08-29
CUST02276,Priya Jha,Female,63.0,Bengaluru,Karnataka,2024-03-14
CUST02277,Shreya Roy,Female,62.0,Chennai,Tamil Nadu,2025-06-14
CUST02278,Shreya Mehta,Female,59.0,Jaipur,Rajasthan,2023-09-04
CUST02279,Aarav Shah,Female,47.0,Bhopal,Madhya Pradesh,2023-12-31
CUST02280,Rohan Yadav,Male,42.0,Bhopal,Madhya Pradesh,2025-05-18
CUST02281,Aarav Verma,Female,41.0,Bhopal,Madhya Pradesh,2024-01-02
CUST02282,Aarav Yadav,Female,39.0,Indore,Madhya Pradesh,2024-02-04
CUST02283,Vikram Mishra,Male,56.0,Hyderabad,Telangana,2025-01-25
CUST02284,Vikram Jha,Female,43.0,Jaipur,Rajasthan,2023-03-10
CUST02285,Vikram Jha,Male,54.0,Mumbai,Maharashtra,2024-06-02
CUST02286,Meera Jha,Female,49.0,Delhi,Delhi,2025-08-22
CUST02287,Shreya Choudhary,Male,20.0,Kolkata,West Bengal,2025-08-27
CUST02288,Meera Mehta,Male,63.0,Bhopal,Madhya Pradesh,2023-03-01
CUST02289,Arjun Das,Male,21.0,Kolkata,West Bengal,2023-09-27
CUST02290,Aditya Kumar,Female,30.0,Guwahati,Assam,2023-05-08
CUST02291,Aditya Shah,Female,63.0,Noida,Uttar Pradesh,2023-02-04
CUST02292,Nikhil Sharma,Female,44.0,Kolkata,West Bengal,2025-01-20
CUST02293,Rohan Shah,Male,64.0,Mumbai,Maharashtra,2023-05-14
CUST02294,Priya Roy,Male,35.0,Jaipur,Rajasthan,2023-06-21
CUST02295,Nikhil Das,Male,58.0,Noida,Uttar Pradesh,2024-02-11
CUST02296,Vikram Mishra,Female,25.0,Delhi,Delhi,2024-09-29
CUST02297,Sanjay Shah,Male,54.0,Patna,Bihar,2025-08-12
CUST02298,Ananya Mehta,Male,29.0,Guwahati,Assam,2023-06-30
CUST02299,Aditya Yadav,Male,28.0,Bengaluru,Karnataka,2024-01-16
CUST02300,Pooja Roy,Male,64.0,Delhi,Delhi,2024-03-21
CUST02301,Rohan Sinha,Male,37.0,Ahmedabad,Gujarat,2024-09-22
CUST02302,Neha Singh,Female,26.0,Mumbai,Maharashtra,2025-02-15
CUST02303,Kavya Verma,Male,35.0,Surat,Gujarat,2024-10-08
CUST02304,Neha Gupta,Female,34.0,Pune,Maharashtra,2023-12-29
CUST02305,Pooja Yadav,Female,40.0,Bengaluru,Karnataka,2025-09-30
CUST02306,Priya Sharma,Female,27.0,Indore,Madhya Pradesh,2025-07-09
CUST02307,Kavya Patel,Female,31.0,Nagpur,Maharashtra,2024-03-07
CUST02308,Shreya Shah,Female,23.0,Patna,Bihar,2025-10-28
CUST02309,Vikram Verma,Female,34.0,Indore,Madhya Pradesh,2024-03-07
CUST02310,Nikhil Jha,Male,48.0,Mumbai,Maharashtra,2023-08-25
CUST02311,Sanjay Patel,Female,54.0,Chennai,Tamil Nadu,2025-08-14
CUST02312,Aditya Sinha,Male,58.0,Ranchi,Jharkhand,2023-03-11
CUST02313,Priya Das,Female,39.0,Bhopal,Madhya Pradesh,2023-01-17
CUST02314,Priya Mehta,Female,37.0,Patna,Bihar,2023-07-25
CUST02315,Shreya Singh,Male,46.0,Kolkata,West Bengal,2025-08-14
CUST02316,Sanjay Yadav,Female,64.0,Noida,Uttar Pradesh,2025-07-23
CUST02317,Sneha Gupta,Female,56.0,Ranchi,Jharkhand,2025-08-27
CUST02318,Karan Gupta,Male,32.0,Patna,Bihar,2025-09-15
CUST02319,Kavya Das,Female,54.0,Indore,Madhya Pradesh,2023-08-09
CUST02320,Priya Mishra,Male,37.0,Ranchi,Jharkhand,2023-02-28
CUST02321,Rohan Yadav,Male,26.0,Noida,Uttar Pradesh,2025-12-09
CUST02322,Arjun Gupta,Male,40.0,Patna,Bihar,2023-04-21
CUST02323,Priya Roy,Male,60.0,Guwahati,Assam,2025-03-21
CUST02324,Priya Gupta,Female,23.0,Chennai,Tamil Nadu,2024-02-15
CUST02325,Rohan Das,Male,64.0,Kolkata,West Bengal,2024-04-28
CUST02326,Shreya Shah,Female,18.0,Ahmedabad,Gujarat,2023-11-12
CUST02327,Pooja Kumar,Female,53.0,Chandigarh,Chandigarh,2023-11-23
CUST02328,Riya Jha,Female,47.0,Ranchi,Jharkhand,2024-03-11
CUST02329,Karan Singh,Female,26.0,Ahmedabad,Gujarat,2023-07-16
CUST02330,Neha Shah,Female,56.0,Ranchi,Jharkhand,2024-10-31
CUST02331,Arjun Patel,Female,60.0,Ranchi,Jharkhand,2025-12-29
CUST02332,Sneha Mehta,Male,33.0,Surat,Gujarat,2023-02-25
CUST02333,Aditya Mishra,Male,57.0,Bhopal,Madhya Pradesh,2025-01-11
CUST02334,Arjun Jha,Male,26.0,Noida,Uttar Pradesh,2025-03-26
CUST02335,Aditi Verma,Female,45.0,Chandigarh,Chandigarh,2024-01-20
CUST02336,Karan Jha,Male,45.0,Bengaluru,Karnataka,2024-11-26
CUST02337,Neha Das,Female,20.0,Chennai,Tamil Nadu,2024-08-06
CUST02338,Priya Singh,Female,61.0,Jaipur,Rajasthan,2025-05-13
CUST02339,Amit Choudhary,Male,40.0,Indore,Madhya Pradesh,2023-08-06
CUST02340,Aarav Singh,Female,26.0,Hyderabad,Telangana,2025-04-08
CUST02341,Karan Jha,Female,18.0,Surat,Gujarat,2025-11-04
CUST02342,Kavya Choudhary,Male,37.0,Chandigarh,Chandigarh,2025-04-02
CUST02343,Ananya Yadav,Female,50.0,Bhubaneswar,Odisha,2024-06-13
CUST02344,Aditya Shah,Female,25.0,Bhopal,Madhya Pradesh,2025-08-27
CUST02345,Shreya Choudhary,Female,61.0,Kolkata,West Bengal,2025-05-18
CUST02346,Aarav Patel,Female,30.0,Bengaluru,Karnataka,2023-11-04
CUST02347,Kavya Sharma,Female,36.0,Indore,Madhya Pradesh,2025-07-20
CUST02348,Riya Roy,Female,21.0,Mumbai,Maharashtra,2023-09-06
CUST02349,Vikram Das,Female,61.0,Noida,Uttar Pradesh,2025-01-26
CUST02350,Shreya Gupta,Male,36.0,Lucknow,Uttar Pradesh,2023-02-18
CUST02351,Aarav Roy,Female,37.0,Bhopal,Madhya Pradesh,2025-05-04
CUST02352,Pooja Sinha,Male,52.0,Mumbai,Maharashtra,2023-08-17
CUST02353,Priya Kumar,Male,26.0,Ranchi,Jharkhand,2024-05-24
CUST02354,Kavya Mehta,Female,40.0,Chennai,Tamil Nadu,2025-10-07
CUST02355,Nikhil Yadav,Female,20.0,Guwahati,Assam,2024-05-14
CUST02356,Pooja Sharma,Male,56.0,Bengaluru,Karnataka,2024-10-30
CUST02357,Nikhil Sinha,Male,39.0,Hyderabad,Telangana,2025-02-21
CUST02358,Karan Sharma,Male,65.0,Lucknow,Uttar Pradesh,2025-05-15
CUST02359,Kavya Kumar,Male,54.0,Jaipur,Rajasthan,2023-06-12
CUST02360,Meera Mishra,Male,62.0,Jaipur,Rajasthan,2024-09-12
CUST02361,Sanjay Roy,Male,45.0,Mumbai,Maharashtra,2025-02-05
CUST02362,Vikram Mishra,Male,56.0,Jaipur,Rajasthan,2024-01-16
CUST02363,Neha Gupta,Male,44.0,Ranchi,Jharkhand,2024-01-07
CUST02364,Kavya Jha,Male,35.0,Pune,Maharashtra,2023-02-08
CUST02365,Meera Choudhary,Female,24.0,Jaipur,Rajasthan,2025-08-05
CUST02366,Aarav Sinha,Female,32.0,Ahmedabad,Gujarat,2024-04-05
CUST02367,Meera Shah,Female,55.0,Bengaluru,Karnataka,2024-08-12
CUST02368,Shreya Das,Female,53.0,Bhubaneswar,Odisha,2024-11-04
CUST02369,Aditya Patel,Female,46.0,Delhi,Delhi,2024-12-03
CUST02370,Riya Verma,Male,61.0,Chennai,Tamil Nadu,2025-08-04
CUST02371,Karan Sharma,Male,58.0,Ranchi,Jharkhand,2024-06-07
CUST02372,Arjun Verma,Female,37.0,Chandigarh,Chandigarh,2024-12-08
CUST02373,Amit Jha,Female,19.0,Lucknow,Uttar Pradesh,2024-10-07
CUST02374,Meera Patel,Female,44.0,Chennai,Tamil Nadu,2023-12-08
CUST02375,Shreya Sinha,Female,33.0,Delhi,Delhi,2024-08-04
CUST02376,Karan Yadav,Male,24.0,Ranchi,Jharkhand,2023-09-27
CUST02377,Rohan Kumar,Female,29.0,Ranchi,Jharkhand,2024-03-23
CUST02378,Shreya Das,Female,31.0,Kolkata,West Bengal,2025-04-01
CUST02379,Aditya Choudhary,Female,58.0,Bhubaneswar,Odisha,2024-07-25
CUST02380,Nikhil Mishra,Female,32.0,Hyderabad,Telangana,2024-10-12
CUST02381,Amit Gupta,Female,28.0,Ranchi,Jharkhand,2025-10-10
CUST02382,Neha Sharma,Female,47.0,Kolkata,West Bengal,2025-03-30
CUST02383,Karan Yadav,Female,44.0,Kolkata,West Bengal,2023-07-21
CUST02384,Aarav Yadav,Male,26.0,Bhubaneswar,Odisha,2024-01-22
CUST02385,Arjun Yadav,Female,19.0,Noida,Uttar Pradesh,2025-10-27
CUST02386,Priya Yadav,Female,61.0,Patna,Bihar,2024-05-26
CUST02387,Aarav Sinha,Female,53.0,Bengaluru,Karnataka,2025-01-28
CUST02388,Priya Roy,Female,64.0,Indore,Madhya Pradesh,2024-01-31
CUST02389,Riya Mehta,Male,38.0,Ahmedabad,Gujarat,2023-12-25
CUST02390,Arjun Mehta,Male,31.0,Chennai,Tamil Nadu,2024-08-23
CUST02391,Amit Verma,Female,33.0,Surat,Gujarat,2025-08-02
CUST02392,Nikhil Jha,Male,56.0,Kolkata,West Bengal,2025-08-02
CUST02393,Sneha Roy,Male,18.0,Patna,Bihar,2023-11-23
CUST02394,Nikhil Roy,Female,22.0,Mumbai,Maharashtra,2025-04-12
CUST02395,Shreya Kumar,Male,46.0,Bhubaneswar,Odisha,2024-06-16
CUST02396,Neha Choudhary,Female,64.0,Chandigarh,Chandigarh,2023-05-03
CUST02397,Karan Sinha,Female,45.0,Mumbai,Maharashtra,2025-01-14
CUST02398,Rahul Shah,Female,55.0,Hyderabad,Telangana,2023-08-01
CUST02399,Pooja Das,Female,27.0,Hyderabad,Telangana,2023-12-13
CUST02400,Rohan Gupta,Male,39.0,Ahmedabad,Gujarat,2025-09-15
CUST02401,Riya Choudhary,Male,34.0,Bengaluru,Karnataka,2025-07-27
CUST02402,Amit Patel,Female,62.0,Patna,Bihar,2024-08-27
CUST02403,Meera Sharma,Male,27.0,Jaipur,Rajasthan,2024-07-17
CUST02404,Aarav Verma,Female,54.0,Indore,Madhya Pradesh,2024-08-13
CUST02405,Neha Sinha,Male,54.0,Bhopal,Madhya Pradesh,2024-08-19
CUST02406,Amit Jha,Female,27.0,Lucknow,Uttar Pradesh,2025-08-31
CUST02407,Meera Gupta,Female,34.0,Chennai,Tamil Nadu,2023-10-28
CUST02408,Rohan Yadav,Female,27.0,Ahmedabad,Gujarat,2023-02-27
CUST02409,Vikram Patel,Female,48.0,Surat,Gujarat,2023-01-25
CUST02410,Pooja Jha,Male,55.0,Noida,Uttar Pradesh,2023-12-15
CUST02411,Nikhil Patel,Female,49.0,Indore,Madhya Pradesh,2024-10-05
CUST02412,Riya Singh,Female,42.0,Kolkata,West Bengal,2025-12-11
CUST02413,Aditya Verma,Female,31.0,Delhi,Delhi,2023-05-13
CUST02414,Vikram Yadav,Male,,Ahmedabad,Gujarat,2023-11-04
CUST02415,Riya Roy,Male,65.0,Pune,Maharashtra,2024-12-31
CUST02416,Rohan Patel,Male,43.0,Indore,Madhya Pradesh,2024-04-12
CUST02417,Nikhil Kumar,Female,53.0,Hyderabad,Telangana,2024-11-05
CUST02418,Aditi Roy,Male,33.0,Nagpur,Maharashtra,2023-06-12
CUST02419,Sneha Verma,Female,29.0,Jaipur,Rajasthan,2024-01-10
CUST02420,Shreya Gupta,Male,65.0,Mumbai,Maharashtra,2024-06-28
CUST02421,Rahul Mishra,Female,21.0,Pune,Maharashtra,2023-05-11
CUST02422,Sneha Yadav,Female,47.0,Pune,Maharashtra,2024-04-11
CUST02423,Aditya Choudhary,Male,30.0,Hyderabad,Telangana,2023-04-15
CUST02424,Amit Kumar,Female,30.0,Chandigarh,Chandigarh,2023-08-27
CUST02425,Meera Roy,Female,54.0,Hyderabad,Telangana,2024-03-16
CUST02426,Ananya Sinha,Female,59.0,Delhi,Delhi,2025-05-30
CUST02427,Aarav Gupta,Female,56.0,Pune,Maharashtra,2025-07-23
CUST02428,Priya Patel,Female,50.0,Jaipur,Rajasthan,2025-10-05
CUST02429,Vikram Shah,Male,39.0,Lucknow,Uttar Pradesh,2024-09-05
CUST02430,Neha Jha,Female,25.0,Jaipur,Rajasthan,2025-10-27
CUST02431,Aarav Patel,Female,49.0,Kolkata,West Bengal,2025-09-25
CUST02432,Arjun Choudhary,Female,61.0,Kolkata,West Bengal,2024-01-02
CUST02433,Amit Patel,Male,30.0,Lucknow,Uttar Pradesh,2023-07-13
CUST02434,Rohan Gupta,Female,38.0,Hyderabad,Telangana,2024-04-19
CUST02435,Ananya Jha,Female,57.0,Indore,Madhya Pradesh,2025-08-24
CUST02436,Aditya Singh,Male,43.0,Pune,Maharashtra,2023-11-13
CUST02437,Meera Jha,Male,38.0,Kolkata,West Bengal,2023-11-20
CUST02438,Meera Choudhary,Female,64.0,Indore,Madhya Pradesh,2025-08-28
CUST02439,Vikram Roy,Female,41.0,Jaipur,Rajasthan,2024-04-13
CUST02440,Aditya Sinha,Female,65.0,Chennai,Tamil Nadu,2024-09-19
CUST02441,Neha Das,Female,44.0,Patna,Bihar,2025-07-10
CUST02442,Aditi Das,Female,59.0,Delhi,Delhi,2025-04-07
CUST02443,Vikram Sharma,Male,31.0,Chennai,Tamil Nadu,2025-07-24
CUST02444,Pooja Sharma,Female,45.0,Jaipur,Rajasthan,2024-08-26
CUST02445,Shreya Mishra,Male,31.0,Ranchi,Jharkhand,2024-10-29
CUST02446,Amit Shah,Female,24.0,Noida,Uttar Pradesh,2025-10-27
CUST02447,Priya Patel,Female,64.0,Bengaluru,Karnataka,2024-05-12
CUST02448,Aditi Choudhary,Female,62.0,Surat,Gujarat,2025-08-20
CUST02449,Vikram Yadav,Female,21.0,Chandigarh,Chandigarh,2024-05-26
CUST02450,Aditya Gupta,Female,46.0,Hyderabad,Telangana,2023-04-25
CUST02451,Riya Singh,Male,38.0,Lucknow,Uttar Pradesh,2023-08-16
CUST02452,Rahul Yadav,Female,54.0,Bhubaneswar,Odisha,2023-11-07
CUST02453,Amit Verma,Female,54.0,Pune,Maharashtra,2023-06-30
CUST02454,Shreya Mishra,Female,62.0,Nagpur,Maharashtra,2024-06-17
CUST02455,Arjun Shah,Female,41.0,Delhi,Delhi,2023-10-15
CUST02456,Priya Patel,Female,32.0,Guwahati,Assam,2024-03-15
CUST02457,Aditya Verma,Female,34.0,Guwahati,Assam,2025-01-11
CUST02458,Rahul Kumar,Female,45.0,Noida,Uttar Pradesh,2023-02-17
CUST02459,Aditi Shah,Male,50.0,Ranchi,Jharkhand,2025-09-23
CUST02460,Sanjay Das,Male,50.0,Bhopal,Madhya Pradesh,2023-02-03
CUST02461,Neha Yadav,Female,58.0,Patna,Bihar,2025-10-04
CUST02462,Sanjay Kumar,Male,52.0,Bengaluru,Karnataka,2023-06-04
CUST02463,Arjun Yadav,Female,57.0,Kolkata,West Bengal,2025-11-17
CUST02464,Kavya Shah,Female,47.0,Pune,Maharashtra,2023-05-30
CUST02465,Aditya Kumar,Male,,Guwahati,Assam,2023-11-08
CUST02466,Amit Mishra,Female,19.0,Surat,Gujarat,2024-11-26
CUST02467,Aarav Yadav,Female,19.0,Ranchi,Jharkhand,2024-08-24
CUST02468,Aditya Das,Male,34.0,Delhi,Delhi,2024-04-06
CUST02469,Shreya Roy,Male,,Ahmedabad,Gujarat,2024-10-30
CUST02470,Rohan Choudhary,Male,31.0,Bhopal,Madhya Pradesh,2023-11-09
CUST02471,Ananya Sharma,Male,26.0,Lucknow,Uttar Pradesh,2024-01-07
CUST02472,Arjun Patel,Female,32.0,Nagpur,Maharashtra,2024-12-14
CUST02473,Neha Singh,Female,35.0,Pune,Maharashtra,2024-02-18
CUST02474,Pooja Sharma,Male,46.0,Ahmedabad,Gujarat,2024-03-20
CUST02475,Aarav Roy,Male,42.0,Hyderabad,Telangana,2025-02-07
CUST02476,Amit Das,Male,31.0,Mumbai,Maharashtra,2025-07-04
CUST02477,Arjun Singh,Male,28.0,Ranchi,Jharkhand,2023-09-13
CUST02478,Riya Sinha,Female,65.0,Pune,Maharashtra,2023-09-04
CUST02479,Rohan Verma,Male,50.0,Patna,Bihar,2025-04-30
CUST02480,Vikram Mishra,Male,47.0,Bhopal,Madhya Pradesh,2025-09-05
CUST02481,Karan Choudhary,Female,43.0,Delhi,Delhi,2023-01-15
CUST02482,Pooja Gupta,Male,45.0,Hyderabad,Telangana,2024-12-27
CUST02483,Arjun Jha,Female,48.0,Lucknow,Uttar Pradesh,2024-04-14
CUST02484,Aditya Sharma,Male,33.0,Delhi,Delhi,2024-07-16
CUST02485,Rahul Mishra,Male,26.0,Kolkata,West Bengal,2023-01-19
CUST02486,Aditi Yadav,Male,65.0,Chandigarh,Chandigarh,2023-03-21
CUST02487,Meera Das,Male,44.0,Lucknow,Uttar Pradesh,2025-01-31
CUST02488,Nikhil Singh,Male,41.0,Kolkata,West Bengal,2023-12-24
CUST02489,Aarav Roy,Male,37.0,Hyderabad,Telangana,2023-11-29
CUST02490,Vikram Yadav,Female,19.0,Ranchi,Jharkhand,2025-02-03
CUST02491,Aarav Mehta,Female,20.0,Delhi,Delhi,2024-11-10
CUST02492,Aditi Mishra,Female,56.0,Chennai,Tamil Nadu,2025-04-14
CUST02493,Priya Kumar,Male,40.0,Indore,Madhya Pradesh,2023-12-14
CUST02494,Kavya Kumar,Male,48.0,Ahmedabad,Gujarat,2023-07-08
CUST02495,Shreya Roy,Male,56.0,Guwahati,Assam,2025-04-30
CUST02496,Riya Roy,Female,26.0,Delhi,Delhi,2024-09-29
CUST02497,Meera Jha,Male,48.0,Patna,Bihar,2025-01-18
CUST02498,Rahul Verma,Male,27.0,Chandigarh,Chandigarh,2024-02-06
CUST02499,Ananya Sinha,Female,36.0,Ahmedabad,Gujarat,2023-06-18
CUST02500,Sneha Verma,Female,29.0,Noida,Uttar Pradesh,2023-08-04
CUST02501,Amit Jha,Female,26.0,Lucknow,Uttar Pradesh,2024-11-04
CUST02502,Pooja Jha,Male,55.0,Patna,Bihar,2025-05-14
CUST02503,Aditi Choudhary,Male,29.0,Mumbai,Maharashtra,2025-02-27
CUST02504,Aditi Shah,Male,28.0,Delhi,Delhi,2023-10-20
CUST02505,Aarav Yadav,Female,48.0,Ranchi,Jharkhand,2024-10-22
CUST02506,Sanjay Das,Female,31.0,Bhopal,Madhya Pradesh,2024-01-20
CUST02507,Shreya Roy,Male,65.0,Guwahati,Assam,2024-06-22
CUST02508,Aditya Patel,Male,34.0,Jaipur,Rajasthan,2025-11-19
CUST02509,Shreya Roy,Male,60.0,Patna,Bihar,2025-09-25
CUST02510,Vikram Kumar,Female,45.0,Patna,Bihar,2025-11-29
CUST02511,Ananya Verma,Female,25.0,Delhi,Delhi,2023-09-16
CUST02512,Rahul Shah,Female,37.0,Hyderabad,Telangana,2024-08-28
CUST02513,Shreya Kumar,Male,43.0,Guwahati,Assam,2025-06-12
CUST02514,Rahul Shah,Male,19.0,Indore,Madhya Pradesh,2024-02-04
CUST02515,Nikhil Yadav,Male,54.0,Pune,Maharashtra,2024-12-25
CUST02516,Aditi Choudhary,Female,,Indore,Madhya Pradesh,2025-12-11
CUST02517,Priya Patel,Male,24.0,Ahmedabad,Gujarat,2025-12-23
CUST02518,Rahul Mishra,Female,30.0,Kolkata,West Bengal,2024-04-08
CUST02519,Karan Gupta,Female,51.0,Jaipur,Rajasthan,2023-04-11
CUST02520,Amit Patel,Male,64.0,Bhubaneswar,Odisha,2025-09-02
CUST02521,Arjun Gupta,Female,31.0,Lucknow,Uttar Pradesh,2023-01-01
CUST02522,Aditi Choudhary,Female,26.0,Noida,Uttar Pradesh,2023-05-17
CUST02523,Priya Choudhary,Male,43.0,Chennai,Tamil Nadu,2025-09-11
CUST02524,Karan Yadav,Male,33.0,Kolkata,West Bengal,2025-05-08
CUST02525,Sneha Gupta,Male,43.0,Bhopal,Madhya Pradesh,2023-05-25
CUST02526,Rohan Roy,Male,61.0,Hyderabad,Telangana,2023-11-07
CUST02527,Aarav Jha,Male,51.0,Jaipur,Rajasthan,2024-11-01
CUST02528,Ananya Choudhary,Female,32.0,Lucknow,Uttar Pradesh,2025-12-09
CUST02529,Ananya Mishra,Female,27.0,Guwahati,Assam,2024-09-03
CUST02530,Vikram Sharma,Female,34.0,Bengaluru,Karnataka,2024-11-30
CUST02531,Kavya Yadav,Male,63.0,Hyderabad,Telangana,2025-08-13
CUST02532,Sneha Mishra,Male,23.0,Chandigarh,Chandigarh,2024-08-19
CUST02533,Sneha Shah,Female,62.0,Noida,Uttar Pradesh,2025-01-12
CUST02534,Aditi Jha,Male,35.0,Bhubaneswar,Odisha,2025-05-13
CUST02535,Nikhil Patel,Female,60.0,Jaipur,Rajasthan,2024-05-30
CUST02536,Arjun Sharma,Male,63.0,Jaipur,Rajasthan,2024-12-31
CUST02537,Sanjay Roy,Male,55.0,Chandigarh,Chandigarh,2024-05-12
CUST02538,Ananya Choudhary,Female,53.0,Bhubaneswar,Odisha,2024-06-28
CUST02539,Meera Mishra,Female,20.0,Noida,Uttar Pradesh,2025-02-08
CUST02540,Sanjay Shah,Male,54.0,Noida,Uttar Pradesh,2023-08-09
CUST02541,Sneha Patel,Female,43.0,Hyderabad,Telangana,2023-08-29
CUST02542,Amit Shah,Female,54.0,Mumbai,Maharashtra,2024-12-12
CUST02543,Karan Shah,Female,60.0,Indore,Madhya Pradesh,2023-03-18
CUST02544,Sanjay Singh,Male,58.0,Delhi,Delhi,2024-03-18
CUST02545,Neha Mehta,Female,19.0,Patna,Bihar,2023-07-22
CUST02546,Pooja Shah,Female,40.0,Guwahati,Assam,2024-06-03
CUST02547,Amit Choudhary,Male,38.0,Ahmedabad,Gujarat,2024-07-20
CUST02548,Priya Verma,Female,65.0,Guwahati,Assam,2024-06-22
CUST02549,Priya Shah,Female,23.0,Ranchi,Jharkhand,2024-12-14
CUST02550,Meera Mishra,Male,38.0,Patna,Bihar,2024-12-21
CUST02551,Arjun Jha,Female,38.0,Lucknow,Uttar Pradesh,2023-07-27
CUST02552,Priya Choudhary,Female,30.0,Noida,Uttar Pradesh,2025-10-15
CUST02553,Pooja Patel,Female,41.0,Jaipur,Rajasthan,2025-09-21
CUST02554,Aditya Sharma,Male,30.0,Kolkata,West Bengal,2023-12-12
CUST02555,Nikhil Sinha,Female,53.0,Surat,Gujarat,2024-09-27
CUST02556,Karan Yadav,Male,30.0,Nagpur,Maharashtra,2023-12-31
CUST02557,Meera Mehta,Female,34.0,Bengaluru,Karnataka,2023-07-05
CUST02558,Shreya Patel,Female,26.0,Chennai,Tamil Nadu,2024-11-27
CUST02559,Neha Yadav,Male,38.0,Ranchi,Jharkhand,2023-08-01
CUST02560,Aditi Verma,Male,60.0,Ahmedabad,Gujarat,2025-06-25
CUST02561,Riya Verma,Male,33.0,Jaipur,Rajasthan,2023-02-23
CUST02562,Rohan Singh,Male,36.0,Ahmedabad,Gujarat,2025-06-20
CUST02563,Meera Roy,Female,44.0,Ahmedabad,Gujarat,2023-02-12
CUST02564,Kavya Singh,Female,58.0,Nagpur,Maharashtra,2024-01-29
CUST02565,Vikram Sinha,Female,34.0,Surat,Gujarat,2025-03-03
CUST02566,Pooja Mehta,Male,38.0,Bhubaneswar,Odisha,2025-01-28
CUST02567,Arjun Sinha,Male,38.0,Nagpur,Maharashtra,2025-01-01
CUST02568,Ananya Mehta,Female,52.0,Ahmedabad,Gujarat,2023-09-21
CUST02569,Meera Verma,Female,63.0,Patna,Bihar,2023-08-03
CUST02570,Amit Gupta,Male,47.0,Nagpur,Maharashtra,2024-04-03
CUST02571,Riya Yadav,Female,22.0,Noida,Uttar Pradesh,2025-06-15
CUST02572,Shreya Roy,Male,40.0,Kolkata,West Bengal,2023-02-15
CUST02573,Arjun Jha,Female,22.0,Chandigarh,Chandigarh,2023-10-30
CUST02574,Aarav Sinha,Female,45.0,Jaipur,Rajasthan,2024-05-31
CUST02575,Rohan Jha,Female,37.0,Chennai,Tamil Nadu,2025-03-22
CUST02576,Aditya Verma,Female,27.0,Nagpur,Maharashtra,2024-09-15
CUST02577,Aarav Yadav,Male,63.0,Nagpur,Maharashtra,2024-10-06
CUST02578,Arjun Yadav,Male,51.0,Bhopal,Madhya Pradesh,2023-09-03
CUST02579,Rohan Verma,Male,29.0,Bhubaneswar,Odisha,2023-11-27
CUST02580,Ananya Patel,Male,24.0,Delhi,Delhi,2025-10-10
CUST02581,Kavya Das,Female,26.0,Ranchi,Jharkhand,2025-03-04
CUST02582,Ananya Gupta,Female,29.0,Patna,Bihar,2024-01-10
CUST02583,Riya Kumar,Male,34.0,Bhubaneswar,Odisha,2024-05-31
CUST02584,Sneha Patel,Male,39.0,Ranchi,Jharkhand,2024-02-15
CUST02585,Nikhil Gupta,Male,56.0,Guwahati,Assam,2023-07-12
CUST02586,Pooja Kumar,Male,18.0,Mumbai,Maharashtra,2023-05-02
CUST02587,Aarav Patel,Female,,Indore,Madhya Pradesh,2023-01-26
CUST02588,Arjun Singh,Male,58.0,Delhi,Delhi,2025-02-06
CUST02589,Priya Mishra,Male,40.0,Noida,Uttar Pradesh,2025-10-17
CUST02590,Meera Patel,Male,46.0,Hyderabad,Telangana,2023-11-13
CUST02591,Rahul Shah,Female,19.0,Kolkata,West Bengal,2025-11-05
CUST02592,Shreya Mehta,Male,37.0,Noida,Uttar Pradesh,2023-03-21
CUST02593,Pooja Jha,Male,55.0,Lucknow,Uttar Pradesh,2023-08-09
CUST02594,Ananya Roy,Male,56.0,Indore,Madhya Pradesh,2023-12-09
CUST02595,Amit Mehta,Female,46.0,Chennai,Tamil Nadu,2024-11-21
CUST02596,Aditya Verma,Female,27.0,Hyderabad,Telangana,2023-05-15
CUST02597,Rohan Choudhary,Female,20.0,Ahmedabad,Gujarat,2025-10-02
CUST02598,Riya Choudhary,Male,51.0,Bhopal,Madhya Pradesh,2023-05-01
CUST02599,Nikhil Yadav,Female,52.0,Bengaluru,Karnataka,2024-10-18
CUST02600,Aditya Singh,Female,30.0,Pune,Maharashtra,2024-08-01
CUST02601,Karan Das,Female,23.0,Lucknow,Uttar Pradesh,2025-05-23
CUST02602,Riya Kumar,Female,53.0,Chandigarh,Chandigarh,2023-02-18
CUST02603,Neha Roy,Female,61.0,Chandigarh,Chandigarh,2025-03-07
CUST02604,Aditi Verma,Male,37.0,Mumbai,Maharashtra,2025-12-16
CUST02605,Aditya Sinha,Male,52.0,Surat,Gujarat,2023-12-22
CUST02606,Neha Das,Male,40.0,Delhi,Delhi,2023-04-07
CUST02607,Kavya Sinha,Male,50.0,Nagpur,Maharashtra,2023-04-18
CUST02608,Rohan Kumar,Female,29.0,Bhopal,Madhya Pradesh,2023-04-02
CUST02609,Arjun Sinha,Male,49.0,Ahmedabad,Gujarat,2024-10-17
CUST02610,Aditi Mehta,Female,31.0,Pune,Maharashtra,2023-02-01
CUST02611,Aarav Mehta,Male,60.0,Hyderabad,Telangana,2024-08-17
CUST02612,Karan Shah,Male,41.0,Patna,Bihar,2023-12-29
CUST02613,Rahul Singh,Male,57.0,Ranchi,Jharkhand,2023-04-02
CUST02614,Sanjay Sinha,Female,31.0,Jaipur,Rajasthan,2025-05-15
CUST02615,Aarav Das,Female,42.0,Jaipur,Rajasthan,2025-04-18
CUST02616,Riya Gupta,Male,58.0,Jaipur,Rajasthan,2024-01-24
CUST02617,Amit Singh,Male,22.0,Ranchi,Jharkhand,2023-03-27
CUST02618,Priya Mehta,Female,22.0,Hyderabad,Telangana,2023-08-25
CUST02619,Priya Sinha,Female,61.0,Kolkata,West Bengal,2024-11-01
CUST02620,Shreya Gupta,Female,54.0,Ranchi,Jharkhand,2024-08-06
CUST02621,Ananya Das,Male,23.0,Jaipur,Rajasthan,2023-08-11
CUST02622,Rohan Singh,Male,48.0,Nagpur,Maharashtra,2025-10-16
CUST02623,Ananya Verma,Male,42.0,Chandigarh,Chandigarh,2023-08-12
CUST02624,Arjun Verma,Female,57.0,Kolkata,West Bengal,2023-06-21
CUST02625,Rahul Roy,Male,60.0,Bhopal,Madhya Pradesh,2025-06-16
CUST02626,Rohan Sinha,Female,20.0,Indore,Madhya Pradesh,2024-01-23
CUST02627,Rahul Patel,Female,29.0,Surat,Gujarat,2023-01-30
CUST02628,Rohan Mehta,Male,43.0,Bhopal,Madhya Pradesh,2025-08-04
CUST02629,Neha Mishra,Male,32.0,Ranchi,Jharkhand,2023-11-10
CUST02630,Aditya Jha,Female,19.0,Kolkata,West Bengal,2024-02-03
CUST02631,Sneha Yadav,Female,53.0,Guwahati,Assam,2023-05-23
CUST02632,Shreya Patel,Male,25.0,Kolkata,West Bengal,2023-10-21
CUST02633,Nikhil Mishra,Male,57.0,Bengaluru,Karnataka,2025-04-19
CUST02634,Pooja Sharma,Male,24.0,Kolkata,West Bengal,2024-10-20
CUST02635,Karan Sharma,Male,42.0,Ahmedabad,Gujarat,2023-01-13
CUST02636,Sneha Choudhary,Male,54.0,Surat,Gujarat,2023-09-03
CUST02637,Aarav Jha,Female,54.0,Nagpur,Maharashtra,2023-06-01
CUST02638,Meera Das,Female,65.0,Ranchi,Jharkhand,2024-08-01
CUST02639,Meera Gupta,Female,58.0,Ahmedabad,Gujarat,2025-10-01
CUST02640,Rahul Roy,Female,32.0,Guwahati,Assam,2025-09-08
CUST02641,Priya Das,Female,28.0,Chennai,Tamil Nadu,2024-08-10
CUST02642,Kavya Choudhary,Female,27.0,Bhopal,Madhya Pradesh,2023-02-12
CUST02643,Kavya Sinha,Male,43.0,Mumbai,Maharashtra,2025-07-30
CUST02644,Rohan Das,Female,44.0,Chennai,Tamil Nadu,2024-12-23
CUST02645,Amit Das,Female,41.0,Guwahati,Assam,2025-07-15
CUST02646,Karan Singh,Male,33.0,Patna,Bihar,2024-10-29
CUST02647,Sanjay Verma,Female,47.0,Pune,Maharashtra,2024-01-27
CUST02648,Pooja Jha,Female,31.0,Nagpur,Maharashtra,2025-04-16
CUST02649,Riya Kumar,Female,37.0,Ranchi,Jharkhand,2023-10-17
CUST02650,Aditi Verma,Male,39.0,Noida,Uttar Pradesh,2025-04-24
CUST02651,Karan Mehta,Female,29.0,Nagpur,Maharashtra,2023-11-17
CUST02652,Rohan Das,Male,35.0,Guwahati,Assam,2023-02-18
CUST02653,Karan Yadav,Male,27.0,Surat,Gujarat,2023-11-16
CUST02654,Amit Verma,Male,,Bhubaneswar,Odisha,2024-10-10
CUST02655,Aditi Jha,Male,22.0,Patna,Bihar,2025-12-22
CUST02656,Aarav Mehta,Male,39.0,Bengaluru,Karnataka,2023-02-13
CUST02657,Pooja Verma,Male,31.0,Bengaluru,Karnataka,2024-10-03
CUST02658,Pooja Yadav,Female,55.0,Lucknow,Uttar Pradesh,2023-05-16
CUST02659,Aditya Sinha,Male,36.0,Guwahati,Assam,2025-08-30
CUST02660,Shreya Singh,Male,,Lucknow,Uttar Pradesh,2023-07-27
CUST02661,Shreya Mehta,Female,28.0,Bhubaneswar,Odisha,2023-08-31
CUST02662,Vikram Sinha,Male,25.0,Nagpur,Maharashtra,2025-08-19
CUST02663,Ananya Choudhary,Male,26.0,Chennai,Tamil Nadu,2025-06-30
CUST02664,Karan Roy,Male,19.0,Ranchi,Jharkhand,2025-08-26
CUST02665,Amit Yadav,Male,46.0,Surat,Gujarat,2025-01-12
CUST02666,Sanjay Patel,Female,23.0,Delhi,Delhi,2025-10-04
CUST02667,Priya Singh,Female,61.0,Bhopal,Madhya Pradesh,2023-05-22
CUST02668,Ananya Mehta,Male,58.0,Ranchi,Jharkhand,2023-11-03
CUST02669,Arjun Patel,Female,19.0,Patna,Bihar,2024-08-21
CUST02670,Priya Patel,Female,30.0,Noida,Uttar Pradesh,2025-05-05
CUST02671,Nikhil Mehta,Male,49.0,Indore,Madhya Pradesh,2024-07-27
CUST02672,Aditi Jha,Male,62.0,Patna,Bihar,2023-12-08
CUST02673,Amit Das,Female,20.0,Lucknow,Uttar Pradesh,2024-06-22
CUST02674,Arjun Patel,Male,26.0,Jaipur,Rajasthan,2025-07-27
CUST02675,Sanjay Sharma,Female,42.0,Noida,Uttar Pradesh,2023-01-22
CUST02676,Karan Das,Male,62.0,Pune,Maharashtra,2025-08-20
CUST02677,Aditya Patel,Female,44.0,Jaipur,Rajasthan,2025-02-07
CUST02678,Pooja Sinha,Female,53.0,Patna,Bihar,2023-09-29
CUST02679,Neha Gupta,Male,46.0,Pune,Maharashtra,2025-09-28
CUST02680,Nikhil Mehta,Male,19.0,Bengaluru,Karnataka,2024-10-14
CUST02681,Sneha Kumar,Male,41.0,Chennai,Tamil Nadu,2023-08-08
CUST02682,Sanjay Choudhary,Male,23.0,Bengaluru,Karnataka,2023-11-12
CUST02683,Aarav Sinha,Female,57.0,Bengaluru,Karnataka,2023-01-20
CUST02684,Sanjay Jha,Female,58.0,Bengaluru,Karnataka,2023-11-16
CUST02685,Meera Kumar,Male,63.0,Patna,Bihar,2023-08-05
CUST02686,Arjun Singh,Male,63.0,Chennai,Tamil Nadu,2024-02-13
CUST02687,Kavya Choudhary,Male,31.0,Bengaluru,Karnataka,2023-01-08
CUST02688,Karan Patel,Male,48.0,Mumbai,Maharashtra,2023-06-12
CUST02689,Meera Sinha,Male,48.0,Pune,Maharashtra,2025-10-11
CUST02690,Amit Singh,Male,23.0,Lucknow,Uttar Pradesh,2023-05-06
CUST02691,Vikram Singh,Male,62.0,Kolkata,West Bengal,2024-02-09
CUST02692,Rohan Singh,Female,32.0,Hyderabad,Telangana,2023-06-05
CUST02693,Sanjay Gupta,Female,50.0,Kolkata,West Bengal,2025-03-19
CUST02694,Kavya Gupta,Female,65.0,Lucknow,Uttar Pradesh,2024-03-22
CUST02695,Aarav Jha,Female,36.0,Ahmedabad,Gujarat,2025-12-22
CUST02696,Aditi Kumar,Female,40.0,Kolkata,West Bengal,2023-05-13
CUST02697,Arjun Jha,Female,18.0,Mumbai,Maharashtra,2025-05-30
CUST02698,Sanjay Choudhary,Female,62.0,Bengaluru,Karnataka,2024-10-14
CUST02699,Sanjay Gupta,Female,46.0,Noida,Uttar Pradesh,2023-05-15
CUST02700,Pooja Roy,Female,49.0,Bhopal,Madhya Pradesh,2025-09-10
CUST02701,Sneha Yadav,Male,20.0,Patna,Bihar,2024-01-25
CUST02702,Amit Mehta,Female,38.0,Bhopal,Madhya Pradesh,2025-04-19
CUST02703,Amit Roy,Male,27.0,Ranchi,Jharkhand,2025-08-07
CUST02704,Aarav Shah,Male,38.0,Ranchi,Jharkhand,2025-05-09
CUST02705,Karan Patel,Male,45.0,Ranchi,Jharkhand,2023-11-02
CUST02706,Sanjay Singh,Male,24.0,Kolkata,West Bengal,2023-11-06
CUST02707,Riya Singh,Female,39.0,Delhi,Delhi,2025-03-12
CUST02708,Riya Das,Male,37.0,Pune,Maharashtra,2023-02-14
CUST02709,Sneha Verma,Female,56.0,Nagpur,Maharashtra,2024-07-22
CUST02710,Kavya Shah,Male,49.0,Chandigarh,Chandigarh,2025-06-05
CUST02711,Ananya Kumar,Female,63.0,Mumbai,Maharashtra,2024-12-24
CUST02712,Rahul Verma,Female,31.0,Chandigarh,Chandigarh,2024-08-15
CUST02713,Aarav Gupta,Male,39.0,Bhubaneswar,Odisha,2025-10-01
CUST02714,Meera Kumar,Male,51.0,Lucknow,Uttar Pradesh,2025-05-28
CUST02715,Pooja Choudhary,Male,41.0,Lucknow,Uttar Pradesh,2024-11-29
CUST02716,Arjun Sharma,Female,41.0,Surat,Gujarat,2025-08-27
CUST02717,Rohan Patel,Male,38.0,Bhubaneswar,Odisha,2024-05-19
CUST02718,Shreya Patel,Female,62.0,Chandigarh,Chandigarh,2024-07-28
CUST02719,Aditya Choudhary,Male,63.0,Pune,Maharashtra,2023-09-18
CUST02720,Sneha Roy,Female,19.0,Surat,Gujarat,2024-04-30
CUST02721,Ananya Das,Male,57.0,Patna,Bihar,2025-11-12
CUST02722,Nikhil Roy,Female,56.0,Patna,Bihar,2023-06-16
CUST02723,Amit Das,Male,35.0,Jaipur,Rajasthan,2023-05-18
CUST02724,Aditi Roy,Male,32.0,Chennai,Tamil Nadu,2025-01-15
CUST02725,Pooja Shah,Female,53.0,Delhi,Delhi,2024-11-01
CUST02726,Aditya Roy,Female,56.0,Chennai,Tamil Nadu,2024-07-12
CUST02727,Rohan Mehta,Male,36.0,Nagpur,Maharashtra,2024-02-14
CUST02728,Nikhil Choudhary,Female,33.0,Mumbai,Maharashtra,2024-02-04
CUST02729,Aarav Gupta,Female,31.0,Ranchi,Jharkhand,2025-05-16
CUST02730,Aarav Sharma,Female,23.0,Chennai,Tamil Nadu,2024-08-29
CUST02731,Rahul Roy,Female,53.0,Bhopal,Madhya Pradesh,2025-08-10
CUST02732,Aditya Kumar,Female,47.0,Kolkata,West Bengal,2025-06-28
CUST02733,Meera Roy,Female,28.0,Jaipur,Rajasthan,2024-02-10
CUST02734,Aditya Sharma,Male,21.0,Surat,Gujarat,2023-09-21
CUST02735,Pooja Singh,Female,64.0,Patna,Bihar,2025-09-04
CUST02736,Kavya Jha,Female,43.0,Ranchi,Jharkhand,2023-02-22
CUST02737,Meera Shah,Male,59.0,Kolkata,West Bengal,2024-10-30
CUST02738,Sanjay Choudhary,Male,50.0,Lucknow,Uttar Pradesh,2024-10-25
CUST02739,Riya Kumar,Male,26.0,Mumbai,Maharashtra,2023-09-28
CUST02740,Nikhil Singh,Male,23.0,Chennai,Tamil Nadu,2023-07-29
CUST02741,Aditya Kumar,Female,39.0,Bhopal,Madhya Pradesh,2025-01-01
CUST02742,Karan Mishra,Male,51.0,Bengaluru,Karnataka,2025-10-05
CUST02743,Rahul Mishra,Male,31.0,Bhubaneswar,Odisha,2025-03-21
CUST02744,Ananya Choudhary,Female,32.0,Guwahati,Assam,2023-11-22
CUST02745,Shreya Sharma,Male,59.0,Ahmedabad,Gujarat,2023-04-26
CUST02746,Aditi Sharma,Male,32.0,Ahmedabad,Gujarat,2025-09-07
CUST02747,Nikhil Patel,Female,42.0,Chennai,Tamil Nadu,2023-10-09
CUST02748,Nikhil Choudhary,Female,49.0,Ranchi,Jharkhand,2023-02-09
CUST02749,Shreya Kumar,Male,30.0,Delhi,Delhi,2025-04-29
CUST02750,Rohan Verma,Female,18.0,Surat,Gujarat,2023-03-15
CUST02751,Sanjay Mehta,Female,50.0,Bhopal,Madhya Pradesh,2023-06-15
CUST02752,Rohan Singh,Male,58.0,Kolkata,West Bengal,2025-03-24
CUST02753,Vikram Mishra,Female,50.0,Noida,Uttar Pradesh,2024-07-30
CUST02754,Rohan Choudhary,Female,39.0,Ranchi,Jharkhand,2023-11-24
CUST02755,Vikram Das,Male,59.0,Pune,Maharashtra,2024-10-31
CUST02756,Aarav Roy,Female,31.0,Lucknow,Uttar Pradesh,2025-07-13
CUST02757,Aditi Das,Male,65.0,Kolkata,West Bengal,2023-08-19
CUST02758,Sanjay Sinha,Female,62.0,Pune,Maharashtra,2024-02-14
CUST02759,Pooja Roy,Male,59.0,Pune,Maharashtra,2024-09-13
CUST02760,Rohan Mishra,Male,37.0,Ahmedabad,Gujarat,2024-05-31
CUST02761,Priya Shah,Female,31.0,Delhi,Delhi,2024-03-19
CUST02762,Aditya Roy,Female,56.0,Chandigarh,Chandigarh,2025-03-06
CUST02763,Riya Mishra,Female,60.0,Kolkata,West Bengal,2025-10-03
CUST02764,Meera Kumar,Male,19.0,Ahmedabad,Gujarat,2023-06-09
CUST02765,Aarav Gupta,Male,37.0,Noida,Uttar Pradesh,2023-04-13
CUST02766,Sanjay Singh,Male,21.0,Guwahati,Assam,2025-02-20
CUST02767,Rohan Das,Female,22.0,Bhopal,Madhya Pradesh,2024-03-16
CUST02768,Aarav Gupta,Male,25.0,Jaipur,Rajasthan,2025-05-05
CUST02769,Vikram Roy,Male,25.0,Lucknow,Uttar Pradesh,2023-10-18
CUST02770,Priya Sharma,Male,23.0,Delhi,Delhi,2025-09-02
CUST02771,Sanjay Sinha,Female,35.0,Ahmedabad,Gujarat,2025-07-21
CUST02772,Arjun Sinha,Male,31.0,Delhi,Delhi,2025-09-09
CUST02773,Karan Sharma,Male,49.0,Bengaluru,Karnataka,2025-03-25
CUST02774,Kavya Singh,Male,54.0,Bhubaneswar,Odisha,2025-08-11
CUST02775,Vikram Sinha,Female,64.0,Mumbai,Maharashtra,2023-05-10
CUST02776,Vikram Sharma,Female,30.0,Chandigarh,Chandigarh,2024-02-20
CUST02777,Aarav Jha,Male,54.0,Ahmedabad,Gujarat,2025-07-06
CUST02778,Sneha Sinha,Male,36.0,Bhubaneswar,Odisha,2025-09-27
CUST02779,Meera Patel,Female,48.0,Bhopal,Madhya Pradesh,2023-07-01
CUST02780,Pooja Jha,Female,64.0,Nagpur,Maharashtra,2023-12-02
CUST02781,Aditya Sinha,Female,44.0,Nagpur,Maharashtra,2023-10-26
CUST02782,Pooja Roy,Female,36.0,Kolkata,West Bengal,2025-04-02
CUST02783,Shreya Das,Female,45.0,Chennai,Tamil Nadu,2025-10-09
CUST02784,Rahul Patel,Female,59.0,Bengaluru,Karnataka,2024-06-02
CUST02785,Shreya Shah,Male,20.0,Guwahati,Assam,2025-07-12
CUST02786,Rahul Yadav,Female,52.0,Patna,Bihar,2025-11-03
CUST02787,Rohan Shah,Female,23.0,Kolkata,West Bengal,2023-10-13
CUST02788,Nikhil Mishra,Male,51.0,Bhubaneswar,Odisha,2023-08-18
CUST02789,Vikram Mehta,Male,65.0,Hyderabad,Telangana,2023-01-09
CUST02790,Riya Kumar,Female,64.0,Ahmedabad,Gujarat,2024-11-16
CUST02791,Nikhil Jha,Female,32.0,Bhopal,Madhya Pradesh,2025-03-19
CUST02792,Kavya Sinha,Male,32.0,Surat,Gujarat,2024-12-20
CUST02793,Rohan Sinha,Male,50.0,Guwahati,Assam,2023-11-15
CUST02794,Rahul Mehta,Male,62.0,Hyderabad,Telangana,2025-10-11
CUST02795,Karan Gupta,Male,52.0,Lucknow,Uttar Pradesh,2024-05-10
CUST02796,Aarav Sharma,Male,36.0,Hyderabad,Telangana,2024-01-27
CUST02797,Priya Shah,Male,22.0,Hyderabad,Telangana,2024-02-29
CUST02798,Ananya Das,Female,60.0,Jaipur,Rajasthan,2025-07-15
CUST02799,Meera Gupta,Female,42.0,Ranchi,Jharkhand,2023-01-22
CUST02800,Neha Das,Female,58.0,Bhopal,Madhya Pradesh,2024-03-02
CUST02801,Riya Sharma,Female,38.0,Noida,Uttar Pradesh,2023-03-27
CUST02802,Vikram Sinha,Female,42.0,Bhopal,Madhya Pradesh,2023-03-05
CUST02803,Kavya Sinha,Female,61.0,Nagpur,Maharashtra,2023-07-20
CUST02804,Karan Sharma,Female,23.0,Chandigarh,Chandigarh,2023-02-25
CUST02805,Shreya Kumar,Male,33.0,Chandigarh,Chandigarh,2024-05-31
CUST02806,Karan Sinha,Female,33.0,Hyderabad,Telangana,2025-07-20
CUST02807,Aditi Patel,Female,53.0,Noida,Uttar Pradesh,2025-08-19
CUST02808,Meera Das,Male,18.0,Guwahati,Assam,2024-03-19
CUST02809,Nikhil Roy,Male,50.0,Chennai,Tamil Nadu,2023-02-27
CUST02810,Vikram Sinha,Female,52.0,Kolkata,West Bengal,2025-08-06
CUST02811,Sanjay Kumar,Female,29.0,Mumbai,Maharashtra,2024-06-02
CUST02812,Priya Sharma,Female,56.0,Guwahati,Assam,2024-08-23
CUST02813,Ananya Jha,Male,22.0,Patna,Bihar,2025-05-23
CUST02814,Riya Verma,Male,42.0,Pune,Maharashtra,2025-09-14
CUST02815,Aditi Gupta,Male,32.0,Kolkata,West Bengal,2025-02-10
CUST02816,Sneha Sinha,Female,62.0,Patna,Bihar,2025-10-07
CUST02817,Priya Singh,Male,65.0,Hyderabad,Telangana,2023-07-27
CUST02818,Amit Roy,Female,62.0,Noida,Uttar Pradesh,2023-02-18
CUST02819,Nikhil Mehta,Female,58.0,Bhubaneswar,Odisha,2023-02-12
CUST02820,Kavya Roy,Male,35.0,Nagpur,Maharashtra,2023-08-06
CUST02821,Arjun Kumar,Male,34.0,Bhubaneswar,Odisha,2025-05-14
CUST02822,Karan Mishra,Male,26.0,Bhopal,Madhya Pradesh,2025-08-30
CUST02823,Priya Kumar,Male,60.0,Hyderabad,Telangana,2023-02-19
CUST02824,Shreya Patel,Female,48.0,Pune,Maharashtra,2025-07-02
CUST02825,Sanjay Das,Male,53.0,Bengaluru,Karnataka,2024-01-15
CUST02826,Rohan Singh,Female,26.0,Mumbai,Maharashtra,2024-04-20
CUST02827,Pooja Sharma,Male,25.0,Ranchi,Jharkhand,2023-01-23
CUST02828,Sanjay Mishra,Male,37.0,Indore,Madhya Pradesh,2024-06-28
CUST02829,Sneha Shah,Female,31.0,Chennai,Tamil Nadu,2024-10-16
CUST02830,Riya Roy,Male,24.0,Pune,Maharashtra,2025-08-30
CUST02831,Shreya Jha,Male,27.0,Kolkata,West Bengal,2025-03-05
CUST02832,Rahul Shah,Male,48.0,Chennai,Tamil Nadu,2025-11-10
CUST02833,Sanjay Singh,Male,58.0,Indore,Madhya Pradesh,2023-05-29
CUST02834,Sneha Shah,Female,44.0,Bhubaneswar,Odisha,2025-01-10
CUST02835,Aditi Shah,Female,43.0,Mumbai,Maharashtra,2025-06-03
CUST02836,Pooja Das,Female,56.0,Delhi,Delhi,2024-01-30
CUST02837,Riya Yadav,Female,59.0,Ahmedabad,Gujarat,2023-09-18
CUST02838,Meera Mishra,Female,49.0,Kolkata,West Bengal,2024-05-09
CUST02839,Meera Sharma,Female,22.0,Bengaluru,Karnataka,2025-06-05
CUST02840,Rahul Choudhary,Male,41.0,Nagpur,Maharashtra,2023-06-23
CUST02841,Vikram Roy,Female,37.0,Jaipur,Rajasthan,2025-03-16
CUST02842,Neha Shah,Female,50.0,Nagpur,Maharashtra,2024-10-31
CUST02843,Sanjay Sinha,Male,48.0,Chandigarh,Chandigarh,2025-03-01
CUST02844,Riya Patel,Male,34.0,Patna,Bihar,2023-07-06
CUST02845,Neha Yadav,Male,38.0,Jaipur,Rajasthan,2024-07-09
CUST02846,Sanjay Verma,Female,37.0,Patna,Bihar,2024-05-05
CUST02847,Nikhil Jha,Female,35.0,Pune,Maharashtra,2024-11-17
CUST02848,Rohan Choudhary,Male,62.0,Jaipur,Rajasthan,2025-05-18
CUST02849,Pooja Sinha,Female,31.0,Lucknow,Uttar Pradesh,2024-01-25
CUST02850,Priya Kumar,Female,58.0,Guwahati,Assam,2025-12-01
CUST02851,Meera Choudhary,Female,29.0,Ahmedabad,Gujarat,2024-02-26
CUST02852,Sneha Das,Female,63.0,Chandigarh,Chandigarh,2025-02-06
CUST02853,Shreya Patel,Male,34.0,Jaipur,Rajasthan,2025-07-29
CUST02854,Vikram Kumar,Female,53.0,Noida,Uttar Pradesh,2023-05-28
CUST02855,Arjun Verma,Female,49.0,Ranchi,Jharkhand,2023-01-07
CUST02856,Nikhil Yadav,Female,30.0,Guwahati,Assam,2024-07-21
CUST02857,Kavya Jha,Female,56.0,Jaipur,Rajasthan,2023-04-15
CUST02858,Kavya Das,Female,25.0,Hyderabad,Telangana,2025-09-02
CUST02859,Ananya Patel,Male,20.0,Chennai,Tamil Nadu,2024-01-06
CUST02860,Ananya Mishra,Female,26.0,Bengaluru,Karnataka,2024-07-22
CUST02861,Rohan Sharma,Male,18.0,Hyderabad,Telangana,2025-05-16
CUST02862,Meera Sinha,Female,36.0,Hyderabad,Telangana,2024-11-22
CUST02863,Sneha Verma,Female,53.0,Bhubaneswar,Odisha,2024-05-07
CUST02864,Rahul Sharma,Female,32.0,Bhopal,Madhya Pradesh,2024-04-29
CUST02865,Rohan Mishra,Male,28.0,Kolkata,West Bengal,2025-02-23
CUST02866,Riya Kumar,Male,33.0,Bengaluru,Karnataka,2024-07-06
CUST02867,Sneha Roy,Male,29.0,Bhubaneswar,Odisha,2024-03-28
CUST02868,Ananya Sharma,Male,60.0,Ahmedabad,Gujarat,2024-07-26
CUST02869,Sanjay Shah,Female,46.0,Lucknow,Uttar Pradesh,2025-06-10
CUST02870,Ananya Shah,Male,44.0,Pune,Maharashtra,2024-04-20
CUST02871,Rahul Sinha,Female,57.0,Guwahati,Assam,2025-06-25
CUST02872,Shreya Choudhary,Female,31.0,Ranchi,Jharkhand,2023-02-17
CUST02873,Nikhil Patel,Female,19.0,Chandigarh,Chandigarh,2025-06-13
CUST02874,Meera Das,Female,56.0,Chandigarh,Chandigarh,2025-11-05
CUST02875,Rahul Sinha,Male,56.0,Pune,Maharashtra,2025-02-02
CUST02876,Karan Verma,Male,38.0,Ranchi,Jharkhand,2023-12-11
CUST02877,Vikram Verma,Female,32.0,Bhopal,Madhya Pradesh,2025-04-09
CUST02878,Aarav Jha,Male,59.0,Ranchi,Jharkhand,2025-08-19
CUST02879,Aarav Das,Female,41.0,Bengaluru,Karnataka,2025-07-15
CUST02880,Riya Das,Female,45.0,Ranchi,Jharkhand,2023-02-11
CUST02881,Vikram Patel,Male,35.0,Bengaluru,Karnataka,2025-06-14
CUST02882,Riya Singh,Male,32.0,Bhopal,Madhya Pradesh,2024-06-16
CUST02883,Meera Mishra,Male,20.0,Surat,Gujarat,2025-11-25
CUST02884,Aditi Choudhary,Male,23.0,Ranchi,Jharkhand,2025-01-16
CUST02885,Meera Sinha,Male,34.0,Kolkata,West Bengal,2023-07-09
CUST02886,Vikram Roy,Male,36.0,Bengaluru,Karnataka,2025-12-11
CUST02887,Vikram Shah,Male,32.0,Chennai,Tamil Nadu,2025-06-11
CUST02888,Priya Mishra,Male,32.0,Bhubaneswar,Odisha,2024-09-30
CUST02889,Sanjay Jha,Male,36.0,Bengaluru,Karnataka,2023-04-17
CUST02890,Kavya Mehta,Male,33.0,Nagpur,Maharashtra,2025-08-21
CUST02891,Meera Sinha,Male,22.0,Delhi,Delhi,2024-02-05
CUST02892,Priya Mishra,Male,47.0,Hyderabad,Telangana,2024-07-05
CUST02893,Priya Singh,Male,33.0,Nagpur,Maharashtra,2025-01-25
CUST02894,Priya Choudhary,Female,50.0,Delhi,Delhi,2024-10-28
CUST02895,Nikhil Mehta,Male,43.0,Delhi,Delhi,2025-10-22
CUST02896,Aditi Roy,Male,26.0,Chennai,Tamil Nadu,2023-12-09
CUST02897,Sanjay Choudhary,Female,47.0,Ahmedabad,Gujarat,2025-01-22
CUST02898,Priya Sinha,Male,63.0,Ahmedabad,Gujarat,2025-07-20
CUST02899,Meera Choudhary,Male,22.0,Ahmedabad,Gujarat,2023-11-28
CUST02900,Aarav Gupta,Female,51.0,Ranchi,Jharkhand,2023-10-06
CUST02901,Shreya Mishra,Female,51.0,Chandigarh,Chandigarh,2025-03-19
CUST02902,Pooja Choudhary,Female,34.0,Guwahati,Assam,2025-11-30
CUST02903,Priya Mishra,Female,26.0,Indore,Madhya Pradesh,2025-04-14
CUST02904,Arjun Yadav,Female,37.0,Mumbai,Maharashtra,2024-02-28
CUST02905,Karan Das,Female,41.0,Hyderabad,Telangana,2025-04-24
CUST02906,Riya Verma,Male,31.0,Delhi,Delhi,2024-10-06
CUST02907,Amit Shah,Male,59.0,Bhubaneswar,Odisha,2023-10-29
CUST02908,Sneha Singh,Male,32.0,Lucknow,Uttar Pradesh,2025-03-22
CUST02909,Riya Das,Female,63.0,Guwahati,Assam,2024-06-01
CUST02910,Rohan Roy,Male,44.0,Guwahati,Assam,2025-01-30
CUST02911,Rahul Mehta,Male,36.0,Mumbai,Maharashtra,2024-05-17
CUST02912,Pooja Roy,Female,59.0,Bhopal,Madhya Pradesh,2023-04-19
CUST02913,Meera Gupta,Female,50.0,Bhubaneswar,Odisha,2023-06-09
CUST02914,Aditi Mehta,Female,22.0,Nagpur,Maharashtra,2025-09-04
CUST02915,Rohan Gupta,Male,18.0,Bhopal,Madhya Pradesh,2024-11-09
CUST02916,Shreya Gupta,Male,19.0,Hyderabad,Telangana,2023-10-26
CUST02917,Nikhil Patel,Male,46.0,Indore,Madhya Pradesh,2024-03-23
CUST02918,Meera Roy,Female,57.0,Ranchi,Jharkhand,2024-11-15
CUST02919,Pooja Sharma,Male,46.0,Patna,Bihar,2024-08-06
CUST02920,Nikhil Sharma,Male,27.0,Chandigarh,Chandigarh,2025-06-06
CUST02921,Amit Sinha,Female,27.0,Ranchi,Jharkhand,2024-11-07
CUST02922,Arjun Yadav,Female,35.0,Chennai,Tamil Nadu,2024-02-07
CUST02923,Aditi Sharma,Female,18.0,Ranchi,Jharkhand,2024-03-27
CUST02924,Kavya Yadav,Male,44.0,Chennai,Tamil Nadu,2024-02-03
CUST02925,Shreya Yadav,Female,31.0,Chennai,Tamil Nadu,2025-05-24
CUST02926,Priya Shah,Male,34.0,Delhi,Delhi,2023-05-16
CUST02927,Sneha Roy,Male,61.0,Chandigarh,Chandigarh,2023-05-16
CUST02928,Arjun Jha,Female,39.0,Chandigarh,Chandigarh,2023-08-22
CUST02929,Riya Gupta,Female,58.0,Noida,Uttar Pradesh,2025-02-01
CUST02930,Rahul Jha,Female,56.0,Patna,Bihar,2025-12-14
CUST02931,Aarav Das,Female,35.0,Ahmedabad,Gujarat,2024-04-08
CUST02932,Neha Roy,Female,21.0,Patna,Bihar,2025-11-08
CUST02933,Vikram Kumar,Male,53.0,Surat,Gujarat,2024-09-07
CUST02934,Sneha Roy,Male,24.0,Ahmedabad,Gujarat,2024-03-24
CUST02935,Pooja Das,Female,44.0,Nagpur,Maharashtra,2025-11-01
CUST02936,Neha Kumar,Male,28.0,Surat,Gujarat,2024-11-09
CUST02937,Arjun Choudhary,Female,21.0,Noida,Uttar Pradesh,2025-09-12
CUST02938,Kavya Singh,Female,48.0,Bhubaneswar,Odisha,2025-04-11
CUST02939,Pooja Kumar,Female,33.0,Delhi,Delhi,2024-11-14
CUST02940,Karan Yadav,Male,43.0,Chandigarh,Chandigarh,2025-10-04
CUST02941,Neha Verma,Male,39.0,Bhubaneswar,Odisha,2024-04-26
CUST02942,Sanjay Das,Male,24.0,Kolkata,West Bengal,2024-10-31
CUST02943,Aarav Singh,Female,49.0,Bengaluru,Karnataka,2023-06-18
CUST02944,Aditi Sharma,Female,29.0,Bengaluru,Karnataka,2023-11-08
CUST02945,Neha Shah,Female,61.0,Mumbai,Maharashtra,2023-10-01
CUST02946,Aditi Singh,Female,39.0,Bhopal,Madhya Pradesh,2023-06-29
CUST02947,Sanjay Kumar,Male,57.0,Hyderabad,Telangana,2023-03-21
CUST02948,Priya Mehta,Female,49.0,Delhi,Delhi,2024-01-29
CUST02949,Sanjay Gupta,Male,57.0,Hyderabad,Telangana,2024-07-01
CUST02950,Arjun Roy,Female,28.0,Lucknow,Uttar Pradesh,2023-10-11
CUST02951,Riya Yadav,Male,62.0,Indore,Madhya Pradesh,2023-07-16
CUST02952,Karan Shah,Female,60.0,Lucknow,Uttar Pradesh,2023-03-07
CUST02953,Amit Patel,Female,36.0,Kolkata,West Bengal,2025-08-26
CUST02954,Sneha Choudhary,Female,60.0,Ranchi,Jharkhand,2025-05-06
CUST02955,Sneha Roy,Male,63.0,Patna,Bihar,2024-03-07
CUST02956,Arjun Sharma,Male,27.0,Chennai,Tamil Nadu,2023-03-17
CUST02957,Rahul Singh,Male,36.0,Hyderabad,Telangana,2025-07-08
CUST02958,Sanjay Verma,Female,45.0,Patna,Bihar,2024-10-17
CUST02959,Shreya Sinha,Female,63.0,Bhubaneswar,Odisha,2023-09-09
CUST02960,Aditi Patel,Male,43.0,Pune,Maharashtra,2025-08-27
CUST02961,Arjun Sharma,Male,34.0,Pune,Maharashtra,2024-12-07
CUST02962,Riya Roy,Female,63.0,Ranchi,Jharkhand,2024-01-18
CUST02963,Rahul Shah,Female,65.0,Patna,Bihar,2025-07-09
CUST02964,Sanjay Shah,Male,18.0,Bhubaneswar,Odisha,2024-10-06
CUST02965,Kavya Kumar,Female,39.0,Kolkata,West Bengal,2024-05-28
CUST02966,Rahul Verma,Female,35.0,Chennai,Tamil Nadu,2023-03-28
CUST02967,Kavya Sharma,Male,58.0,Pune,Maharashtra,2024-01-05
CUST02968,Meera Patel,Female,18.0,Bhopal,Madhya Pradesh,2024-12-03
CUST02969,Nikhil Verma,Male,27.0,Hyderabad,Telangana,2025-09-15
CUST02970,Vikram Mishra,Female,51.0,Patna,Bihar,2025-10-31
CUST02971,Kavya Choudhary,Male,47.0,Surat,Gujarat,2024-02-07
CUST02972,Shreya Choudhary,Female,20.0,Surat,Gujarat,2024-08-17
CUST02973,Aarav Das,Male,48.0,Lucknow,Uttar Pradesh,2024-11-12
CUST02974,Meera Yadav,Male,38.0,Bhubaneswar,Odisha,2025-08-07
CUST02975,Amit Gupta,Female,59.0,Surat,Gujarat,2024-04-01
CUST02976,Sanjay Gupta,Female,34.0,Mumbai,Maharashtra,2024-04-14
CUST02977,Sneha Sharma,Male,46.0,Delhi,Delhi,2025-12-22
CUST02978,Aarav Das,Male,22.0,Ahmedabad,Gujarat,2025-03-24
CUST02979,Aarav Mishra,Female,56.0,Jaipur,Rajasthan,2025-05-03
CUST02980,Sanjay Verma,Female,25.0,Mumbai,Maharashtra,2025-10-14
CUST02981,Shreya Sinha,Female,29.0,Ahmedabad,Gujarat,2025-03-07
CUST02982,Aarav Jha,Female,23.0,Nagpur,Maharashtra,2024-02-15
CUST02983,Riya Sharma,Male,26.0,Patna,Bihar,2024-05-17
CUST02984,Neha Jha,Female,44.0,Jaipur,Rajasthan,2023-12-13
CUST02985,Rohan Sinha,Male,41.0,Kolkata,West Bengal,2025-05-23
CUST02986,Neha Mishra,Male,22.0,Hyderabad,Telangana,2024-08-14
CUST02987,Aarav Verma,Male,35.0,Chennai,Tamil Nadu,2023-09-06
CUST02988,Amit Patel,Male,50.0,Kolkata,West Bengal,2023-08-21
CUST02989,Nikhil Kumar,Female,60.0,Nagpur,Maharashtra,2025-08-10
CUST02990,Arjun Patel,Male,40.0,Noida,Uttar Pradesh,2024-07-23
CUST02991,Rohan Mishra,Female,64.0,Kolkata,West Bengal,2025-03-05
CUST02992,Arjun Singh,Male,39.0,Delhi,Delhi,2023-06-26
CUST02993,Shreya Verma,Female,58.0,Kolkata,West Bengal,2025-12-05
CUST02994,Aditya Shah,Female,45.0,Bhopal,Madhya Pradesh,2023-03-03
CUST02995,Karan Verma,Male,30.0,Hyderabad,Telangana,2025-11-15
CUST02996,Sanjay Sinha,Male,65.0,Noida,Uttar Pradesh,2025-09-17
CUST02997,Shreya Choudhary,Female,42.0,Ahmedabad,Gujarat,2025-10-09
CUST02998,Rohan Mehta,Male,20.0,Patna,Bihar,2025-01-25
CUST02999,Aarav Yadav,Female,19.0,Guwahati,Assam,2024-01-21
CUST03000,Kavya Sinha,Male,38.0,Bhopal,Madhya Pradesh,2024-11-24
CUST03001,Rahul Shah,Male,56.0,Guwahati,Assam,2023-06-24
CUST03002,Sanjay Singh,Female,49.0,Indore,Madhya Pradesh,2023-08-27
CUST03003,Ananya Yadav,Male,58.0,Nagpur,Maharashtra,2024-11-28
CUST03004,Neha Mishra,Female,36.0,Patna,Bihar,2024-05-18
CUST03005,Aditi Gupta,Male,62.0,Mumbai,Maharashtra,2023-08-07
CUST03006,Rahul Gupta,Female,44.0,Jaipur,Rajasthan,2025-02-16
CUST03007,Pooja Kumar,Female,37.0,Bengaluru,Karnataka,2025-12-23
CUST03008,Aarav Sharma,Female,38.0,Lucknow,Uttar Pradesh,2025-04-13
CUST03009,Rahul Mehta,Male,41.0,Kolkata,West Bengal,2023-07-10
CUST03010,Vikram Choudhary,Female,38.0,Hyderabad,Telangana,2023-07-14
CUST03011,Sanjay Verma,Male,32.0,Hyderabad,Telangana,2024-01-10
CUST03012,Neha Shah,Male,63.0,Mumbai,Maharashtra,2024-07-20
CUST03013,Shreya Jha,Female,24.0,Nagpur,Maharashtra,2024-08-31
CUST03014,Neha Mehta,Female,23.0,Ranchi,Jharkhand,2023-03-25
CUST03015,Aditi Singh,Male,24.0,Patna,Bihar,2024-07-05
CUST03016,Ananya Mehta,Female,20.0,Surat,Gujarat,2023-01-09
CUST03017,Karan Mishra,Male,34.0,Chandigarh,Chandigarh,2025-01-09
CUST03018,Arjun Patel,Male,29.0,Kolkata,West Bengal,2024-05-22
CUST03019,Aarav Roy,Male,64.0,Surat,Gujarat,2023-08-01
CUST03020,Nikhil Verma,Female,18.0,Chennai,Tamil Nadu,2023-12-13
CUST03021,Sanjay Choudhary,Male,49.0,Indore,Madhya Pradesh,2024-07-13
CUST03022,Aditi Das,Male,,Nagpur,Maharashtra,2024-05-02
CUST03023,Nikhil Gupta,Female,26.0,Ranchi,Jharkhand,2024-01-30
CUST03024,Sanjay Gupta,Female,33.0,Ranchi,Jharkhand,2025-04-22
CUST03025,Kavya Gupta,Female,18.0,Noida,Uttar Pradesh,2023-09-13
CUST03026,Sanjay Verma,Female,62.0,Hyderabad,Telangana,2025-04-10
CUST03027,Sanjay Kumar,Male,26.0,Chennai,Tamil Nadu,2024-01-13
CUST03028,Sneha Sinha,Male,64.0,Mumbai,Maharashtra,2024-04-17
CUST03029,Rahul Verma,Female,25.0,Bengaluru,Karnataka,2025-03-19
CUST03030,Rohan Sinha,Male,62.0,Surat,Gujarat,2023-01-06
CUST03031,Ananya Patel,Male,46.0,Delhi,Delhi,2025-04-26
CUST03032,Ananya Shah,Female,38.0,Chennai,Tamil Nadu,2023-10-29
CUST03033,Nikhil Jha,Female,46.0,Bhubaneswar,Odisha,2025-02-14
CUST03034,Rohan Das,Female,30.0,Pune,Maharashtra,2023-10-26
CUST03035,Riya Gupta,Female,21.0,Ahmedabad,Gujarat,2025-09-30
CUST03036,Kavya Roy,Male,21.0,Jaipur,Rajasthan,2023-01-07
CUST03037,Nikhil Gupta,Male,44.0,Mumbai,Maharashtra,2025-07-28
CUST03038,Rahul Gupta,Female,29.0,Hyderabad,Telangana,2024-08-11
CUST03039,Riya Choudhary,Male,55.0,Bhubaneswar,Odisha,2023-01-29
CUST03040,Neha Jha,Male,46.0,Guwahati,Assam,2024-12-13
CUST03041,Riya Das,Female,28.0,Pune,Maharashtra,2024-07-18
CUST03042,Amit Mehta,Male,19.0,Chandigarh,Chandigarh,2024-03-27
CUST03043,Karan Verma,Male,25.0,Ahmedabad,Gujarat,2025-09-22
CUST03044,Nikhil Gupta,Male,35.0,Jaipur,Rajasthan,2025-01-29
CUST03045,Karan Sharma,Male,54.0,Indore,Madhya Pradesh,2024-09-27
CUST03046,Neha Gupta,Male,60.0,Hyderabad,Telangana,2024-05-09
CUST03047,Priya Jha,Female,51.0,Nagpur,Maharashtra,2025-12-21
CUST03048,Aarav Patel,Female,54.0,Delhi,Delhi,2023-11-02
CUST03049,Riya Verma,Male,24.0,Patna,Bihar,2023-01-03
CUST03050,Vikram Sinha,Female,,Lucknow,Uttar Pradesh,2025-05-20
CUST03051,Meera Yadav,Female,24.0,Pune,Maharashtra,2025-04-03
CUST03052,Meera Verma,Male,38.0,Ranchi,Jharkhand,2025-08-24
CUST03053,Pooja Roy,Male,52.0,Mumbai,Maharashtra,2024-11-19
CUST03054,Sneha Das,Male,62.0,Patna,Bihar,2025-10-06
CUST03055,Sanjay Mehta,Male,32.0,Bengaluru,Karnataka,2023-07-31
CUST03056,Rohan Roy,Female,52.0,Bhubaneswar,Odisha,2023-03-31
CUST03057,Shreya Roy,Male,32.0,Bengaluru,Karnataka,2023-07-30
CUST03058,Pooja Kumar,Male,34.0,Pune,Maharashtra,2024-03-23
CUST03059,Ananya Gupta,Female,31.0,Delhi,Delhi,2025-04-17
CUST03060,Sneha Yadav,Male,23.0,Bengaluru,Karnataka,2024-11-28
CUST03061,Aditi Roy,Female,52.0,Jaipur,Rajasthan,2024-05-08
CUST03062,Riya Shah,Male,44.0,Kolkata,West Bengal,2023-01-14
CUST03063,Arjun Mishra,Male,54.0,Patna,Bihar,2023-07-24
CUST03064,Kavya Sinha,Female,40.0,Jaipur,Rajasthan,2023-01-01
CUST03065,Aarav Sinha,Male,58.0,Guwahati,Assam,2023-12-03
CUST03066,Vikram Verma,Male,28.0,Surat,Gujarat,2023-02-13
CUST03067,Priya Verma,Male,30.0,Ahmedabad,Gujarat,2023-04-03
CUST03068,Amit Sharma,Female,32.0,Chennai,Tamil Nadu,2024-08-27
CUST03069,Aditi Kumar,Male,41.0,Noida,Uttar Pradesh,2023-10-03
CUST03070,Rahul Sinha,Male,28.0,Lucknow,Uttar Pradesh,2025-06-03
CUST03071,Aarav Singh,Female,20.0,Chandigarh,Chandigarh,2025-02-13
CUST03072,Kavya Kumar,Male,28.0,Nagpur,Maharashtra,2023-12-25
CUST03073,Rahul Das,Male,45.0,Pune,Maharashtra,2023-05-30
CUST03074,Vikram Sinha,Female,46.0,Ahmedabad,Gujarat,2023-12-07
CUST03075,Sanjay Verma,Female,45.0,Kolkata,West Bengal,2025-12-27
CUST03076,Vikram Patel,Female,56.0,Kolkata,West Bengal,2025-06-30
CUST03077,Rohan Das,Female,42.0,Pune,Maharashtra,2023-02-11
CUST03078,Arjun Shah,Male,62.0,Nagpur,Maharashtra,2025-08-10
CUST03079,Sneha Sinha,Male,53.0,Chennai,Tamil Nadu,2023-04-21
CUST03080,Sanjay Sinha,Male,21.0,Chandigarh,Chandigarh,2025-03-19
CUST03081,Shreya Mehta,Male,26.0,Indore,Madhya Pradesh,2024-01-04
CUST03082,Nikhil Shah,Male,33.0,Ahmedabad,Gujarat,2023-04-14
CUST03083,Aditya Mishra,Male,34.0,Nagpur,Maharashtra,2023-06-21
CUST03084,Shreya Singh,Male,20.0,Jaipur,Rajasthan,2024-11-11
CUST03085,Rohan Singh,Male,62.0,Bhubaneswar,Odisha,2025-10-01
CUST03086,Rahul Yadav,Female,22.0,Bengaluru,Karnataka,2025-11-26
CUST03087,Aditya Roy,Male,61.0,Bhubaneswar,Odisha,2023-06-14
CUST03088,Aarav Sharma,Male,19.0,Jaipur,Rajasthan,2024-11-22
CUST03089,Arjun Patel,Male,65.0,Delhi,Delhi,2023-03-04
CUST03090,Arjun Sinha,Male,48.0,Surat,Gujarat,2023-06-16
CUST03091,Shreya Jha,Female,21.0,Hyderabad,Telangana,2025-06-18
CUST03092,Rahul Patel,Female,42.0,Noida,Uttar Pradesh,2023-02-22
CUST03093,Neha Choudhary,Female,34.0,Hyderabad,Telangana,2025-10-29
CUST03094,Shreya Shah,Male,56.0,Kolkata,West Bengal,2023-06-24
CUST03095,Neha Roy,Male,27.0,Surat,Gujarat,2025-09-03
CUST03096,Nikhil Yadav,Male,38.0,Kolkata,West Bengal,2024-08-14
CUST03097,Aditi Mishra,Female,47.0,Ranchi,Jharkhand,2025-08-18
CUST03098,Meera Sharma,Male,60.0,Delhi,Delhi,2023-04-01
CUST03099,Karan Patel,Female,23.0,Jaipur,Rajasthan,2024-05-18
CUST03100,Vikram Mishra,Male,43.0,Bhopal,Madhya Pradesh,2025-11-22
CUST03101,Sneha Das,Male,35.0,Ranchi,Jharkhand,2023-09-09
CUST03102,Aditya Patel,Male,41.0,Indore,Madhya Pradesh,2024-04-11
CUST03103,Sanjay Das,Male,53.0,Lucknow,Uttar Pradesh,2023-12-15
CUST03104,Aditi Das,Male,33.0,Mumbai,Maharashtra,2025-08-20
CUST03105,Meera Patel,Male,57.0,Bhubaneswar,Odisha,2025-07-31
CUST03106,Rahul Kumar,Male,35.0,Indore,Madhya Pradesh,2024-01-14
CUST03107,Karan Gupta,Male,53.0,Mumbai,Maharashtra,2023-09-08
CUST03108,Vikram Jha,Female,59.0,Indore,Madhya Pradesh,2023-01-11
CUST03109,Riya Mehta,Male,51.0,Kolkata,West Bengal,2025-08-28
CUST03110,Rohan Mishra,Male,43.0,Pune,Maharashtra,2025-02-13
CUST03111,Rahul Jha,Male,27.0,Jaipur,Rajasthan,2024-05-11
CUST03112,Priya Mishra,Female,44.0,Ranchi,Jharkhand,2024-08-27
CUST03113,Aarav Verma,Female,63.0,Lucknow,Uttar Pradesh,2023-11-21
CUST03114,Nikhil Das,Male,24.0,Chennai,Tamil Nadu,2025-01-24
CUST03115,Arjun Roy,Male,42.0,Lucknow,Uttar Pradesh,2024-05-30
CUST03116,Priya Patel,Female,36.0,Lucknow,Uttar Pradesh,2025-03-09
CUST03117,Karan Choudhary,Male,64.0,Mumbai,Maharashtra,2024-01-18
CUST03118,Shreya Jha,Male,36.0,Bhopal,Madhya Pradesh,2024-11-27
CUST03119,Arjun Roy,Female,37.0,Pune,Maharashtra,2023-02-17
CUST03120,Neha Mishra,Male,32.0,Bhubaneswar,Odisha,2024-07-27
CUST03121,Sneha Mishra,Male,35.0,Hyderabad,Telangana,2025-01-24
CUST03122,Amit Yadav,Male,61.0,Patna,Bihar,2023-10-02
CUST03123,Neha Jha,Male,36.0,Patna,Bihar,2023-03-18
CUST03124,Rohan Verma,Female,30.0,Ahmedabad,Gujarat,2024-02-24
CUST03125,Sanjay Patel,Male,43.0,Indore,Madhya Pradesh,2024-06-11
CUST03126,Ananya Kumar,Male,63.0,Ahmedabad,Gujarat,2023-10-17
CUST03127,Nikhil Roy,Male,52.0,Noida,Uttar Pradesh,2025-07-20
CUST03128,Sneha Yadav,Male,58.0,Mumbai,Maharashtra,2024-02-11
CUST03129,Rohan Singh,Female,59.0,Pune,Maharashtra,2025-10-05
CUST03130,Aditi Mehta,Female,20.0,Patna,Bihar,2024-04-07
CUST03131,Meera Choudhary,Female,38.0,Bengaluru,Karnataka,2023-06-21
CUST03132,Amit Mishra,Female,53.0,Ranchi,Jharkhand,2023-07-15
CUST03133,Aarav Mehta,Male,31.0,Indore,Madhya Pradesh,2023-01-18
CUST03134,Sanjay Kumar,Female,44.0,Delhi,Delhi,2023-03-02
CUST03135,Meera Mishra,Male,33.0,Hyderabad,Telangana,2023-09-19
CUST03136,Riya Jha,Female,34.0,Ranchi,Jharkhand,2024-11-14
CUST03137,Kavya Mehta,Male,57.0,Lucknow,Uttar Pradesh,2023-09-03
CUST03138,Pooja Yadav,Female,26.0,Pune,Maharashtra,2025-03-13
CUST03139,Neha Yadav,Male,25.0,Mumbai,Maharashtra,2023-06-06
CUST03140,Ananya Mishra,Female,32.0,Indore,Madhya Pradesh,2024-08-10
CUST03141,Nikhil Roy,Female,19.0,Ahmedabad,Gujarat,2025-03-24
CUST03142,Kavya Verma,Male,64.0,Surat,Gujarat,2023-10-13
CUST03143,Meera Yadav,Male,22.0,Kolkata,West Bengal,2024-03-17
CUST03144,Vikram Patel,Female,44.0,Ahmedabad,Gujarat,2025-07-13
CUST03145,Vikram Mehta,Male,62.0,Bengaluru,Karnataka,2023-07-08
CUST03146,Nikhil Mishra,Female,65.0,Lucknow,Uttar Pradesh,2023-09-24
CUST03147,Aarav Choudhary,Female,33.0,Mumbai,Maharashtra,2025-01-21
CUST03148,Kavya Das,Male,51.0,Chandigarh,Chandigarh,2025-03-20
CUST03149,Rahul Das,Male,20.0,Hyderabad,Telangana,2023-08-27
CUST03150,Nikhil Mehta,Male,41.0,Pune,Maharashtra,2023-04-24
CUST03151,Meera Kumar,Male,42.0,Ranchi,Jharkhand,2025-03-25
CUST03152,Arjun Patel,Male,24.0,Chennai,Tamil Nadu,2025-07-22
CUST03153,Vikram Mehta,Female,40.0,Kolkata,West Bengal,2024-03-23
CUST03154,Nikhil Mishra,Male,45.0,Mumbai,Maharashtra,2025-05-30
CUST03155,Riya Jha,Female,45.0,Surat,Gujarat,2023-08-11
CUST03156,Meera Verma,Female,36.0,Nagpur,Maharashtra,2023-10-20
CUST03157,Sneha Gupta,Male,51.0,Mumbai,Maharashtra,2023-08-26
CUST03158,Aditya Gupta,Male,48.0,Guwahati,Assam,2024-02-02
CUST03159,Rahul Das,Male,31.0,Nagpur,Maharashtra,2025-12-18
CUST03160,Meera Sinha,Male,21.0,Ahmedabad,Gujarat,2025-02-05
CUST03161,Amit Sinha,Male,56.0,Hyderabad,Telangana,2025-01-28
CUST03162,Pooja Yadav,Male,,Mumbai,Maharashtra,2025-11-05
CUST03163,Aarav Sinha,Female,34.0,Lucknow,Uttar Pradesh,2024-01-08
CUST03164,Karan Choudhary,Female,57.0,Surat,Gujarat,2023-12-06
CUST03165,Neha Shah,Female,23.0,Surat,Gujarat,2025-02-08
CUST03166,Rahul Mishra,Female,55.0,Indore,Madhya Pradesh,2024-08-28
CUST03167,Rahul Patel,Male,36.0,Ranchi,Jharkhand,2024-05-23
CUST03168,Neha Yadav,Male,29.0,Delhi,Delhi,2025-10-21
CUST03169,Priya Shah,Male,36.0,Pune,Maharashtra,2023-08-10
CUST03170,Karan Yadav,Male,44.0,Chennai,Tamil Nadu,2025-05-30
CUST03171,Shreya Roy,Male,43.0,Noida,Uttar Pradesh,2023-02-17
CUST03172,Kavya Mehta,Male,59.0,Hyderabad,Telangana,2025-07-25
CUST03173,Rohan Gupta,Male,51.0,Guwahati,Assam,2023-12-23
CUST03174,Aditya Jha,Female,59.0,Noida,Uttar Pradesh,2024-03-27
CUST03175,Rahul Jha,Male,36.0,Ahmedabad,Gujarat,2025-12-01
CUST03176,Kavya Mehta,Male,27.0,Delhi,Delhi,2024-12-06
CUST03177,Aditya Sharma,Male,43.0,Surat,Gujarat,2025-06-08
CUST03178,Shreya Jha,Male,45.0,Surat,Gujarat,2025-01-04
CUST03179,Shreya Das,Female,40.0,Jaipur,Rajasthan,2023-07-11
CUST03180,Rohan Sharma,Female,45.0,Bhubaneswar,Odisha,2023-05-30
CUST03181,Rohan Choudhary,Female,54.0,Hyderabad,Telangana,2023-10-26
CUST03182,Vikram Shah,Male,35.0,Patna,Bihar,2023-09-04
CUST03183,Sneha Yadav,Female,50.0,Ranchi,Jharkhand,2023-11-02
CUST03184,Aarav Shah,Male,48.0,Jaipur,Rajasthan,2023-03-25
CUST03185,Aarav Jha,Female,56.0,Ahmedabad,Gujarat,2023-01-03
CUST03186,Arjun Sharma,Male,42.0,Ranchi,Jharkhand,2025-03-08
CUST03187,Arjun Kumar,Male,57.0,Indore,Madhya Pradesh,2024-02-18
CUST03188,Aditi Kumar,Female,51.0,Patna,Bihar,2023-02-22
CUST03189,Arjun Gupta,Male,65.0,Mumbai,Maharashtra,2024-07-25
CUST03190,Amit Das,Male,58.0,Patna,Bihar,2023-04-22
CUST03191,Sanjay Roy,Female,58.0,Indore,Madhya Pradesh,2024-02-06
CUST03192,Pooja Verma,Female,35.0,Chennai,Tamil Nadu,2023-04-14
CUST03193,Amit Roy,Female,43.0,Delhi,Delhi,2025-10-11
CUST03194,Amit Mehta,Male,64.0,Kolkata,West Bengal,2023-04-30
CUST03195,Rahul Yadav,Male,40.0,Ranchi,Jharkhand,2025-04-23
CUST03196,Riya Sinha,Female,42.0,Delhi,Delhi,2023-07-08
CUST03197,Sanjay Sinha,Male,34.0,Mumbai,Maharashtra,2023-11-26
CUST03198,Nikhil Jha,Female,22.0,Delhi,Delhi,2025-03-24
CUST03199,Rohan Roy,Male,23.0,Pune,Maharashtra,2024-02-11
CUST03200,Pooja Sinha,Male,30.0,Chennai,Tamil Nadu,2024-10-05
CUST03201,Ananya Roy,Male,47.0,Bhopal,Madhya Pradesh,2025-04-01
CUST03202,Priya Jha,Male,23.0,Delhi,Delhi,2024-02-24
CUST03203,Aarav Das,Male,32.0,Noida,Uttar Pradesh,2023-12-01
CUST03204,Nikhil Jha,Female,26.0,Bhubaneswar,Odisha,2024-05-02
CUST03205,Shreya Yadav,Female,42.0,Guwahati,Assam,2025-10-12
CUST03206,Rohan Roy,Male,60.0,Hyderabad,Telangana,2024-01-25
CUST03207,Neha Gupta,Male,64.0,Nagpur,Maharashtra,2024-08-30
CUST03208,Aditi Singh,Female,36.0,Kolkata,West Bengal,2024-10-23
CUST03209,Ananya Das,Female,36.0,Indore,Madhya Pradesh,2023-03-30
CUST03210,Amit Verma,Female,24.0,Mumbai,Maharashtra,2024-04-29
CUST03211,Shreya Kumar,Male,47.0,Ranchi,Jharkhand,2025-08-21
CUST03212,Priya Mehta,Male,22.0,Chandigarh,Chandigarh,2025-11-17
CUST03213,Arjun Mehta,Female,55.0,Delhi,Delhi,2023-11-27
CUST03214,Ananya Jha,Male,34.0,Nagpur,Maharashtra,2024-01-09
CUST03215,Priya Yadav,Female,65.0,Indore,Madhya Pradesh,2025-05-09
CUST03216,Sneha Choudhary,Female,32.0,Chandigarh,Chandigarh,2025-06-15
CUST03217,Ananya Shah,Male,52.0,Nagpur,Maharashtra,2024-05-12
CUST03218,Aarav Patel,Male,54.0,Patna,Bihar,2025-04-16
CUST03219,Riya Choudhary,Female,43.0,Guwahati,Assam,2023-02-16
CUST03220,Riya Sinha,Male,43.0,Hyderabad,Telangana,2025-07-17
CUST03221,Karan Mishra,Male,18.0,Chandigarh,Chandigarh,2024-04-28
CUST03222,Karan Mishra,Male,23.0,Bhopal,Madhya Pradesh,2023-01-05
CUST03223,Sneha Jha,Female,38.0,Kolkata,West Bengal,2024-01-05
CUST03224,Karan Jha,Female,18.0,Kolkata,West Bengal,2023-06-26
CUST03225,Ananya Jha,Female,43.0,Patna,Bihar,2025-07-05
CUST03226,Arjun Mishra,Male,22.0,Surat,Gujarat,2023-11-04
CUST03227,Aditya Yadav,Female,47.0,Surat,Gujarat,2023-10-12
CUST03228,Shreya Yadav,Female,33.0,Noida,Uttar Pradesh,2023-03-22
CUST03229,Shreya Shah,Male,28.0,Bhubaneswar,Odisha,2024-08-14
CUST03230,Aditya Choudhary,Male,56.0,Chennai,Tamil Nadu,2023-03-19
CUST03231,Meera Sinha,Female,50.0,Ahmedabad,Gujarat,2025-06-06
CUST03232,Neha Mehta,Female,65.0,Lucknow,Uttar Pradesh,2023-09-24
CUST03233,Shreya Jha,Male,59.0,Noida,Uttar Pradesh,2025-11-14
CUST03234,Pooja Roy,Female,20.0,Bengaluru,Karnataka,2024-08-03
CUST03235,Pooja Mehta,Male,33.0,Guwahati,Assam,2023-07-07
CUST03236,Amit Das,Female,30.0,Nagpur,Maharashtra,2025-04-02
CUST03237,Aarav Mehta,Female,35.0,Nagpur,Maharashtra,2024-01-18
CUST03238,Meera Kumar,Female,49.0,Ranchi,Jharkhand,2023-06-09
CUST03239,Riya Das,Male,57.0,Noida,Uttar Pradesh,2025-12-25
CUST03240,Nikhil Roy,Male,26.0,Surat,Gujarat,2025-06-12
CUST03241,Sanjay Verma,Female,65.0,Patna,Bihar,2025-11-23
CUST03242,Aditya Jha,Male,43.0,Mumbai,Maharashtra,2025-12-25
CUST03243,Pooja Sharma,Female,19.0,Kolkata,West Bengal,2024-05-01
CUST03244,Karan Sinha,Female,61.0,Bhopal,Madhya Pradesh,2025-03-10
CUST03245,Aarav Jha,Male,28.0,Guwahati,Assam,2023-03-20
CUST03246,Aditya Shah,Female,35.0,Jaipur,Rajasthan,2023-12-27
CUST03247,Nikhil Das,Female,55.0,Jaipur,Rajasthan,2024-01-09
CUST03248,Rahul Patel,Female,29.0,Ranchi,Jharkhand,2024-02-06
CUST03249,Shreya Sinha,Female,43.0,Ahmedabad,Gujarat,2023-09-30
CUST03250,Shreya Mehta,Male,39.0,Ahmedabad,Gujarat,2024-02-03
CUST03251,Vikram Kumar,Female,29.0,Ranchi,Jharkhand,2023-12-03
CUST03252,Riya Singh,Female,42.0,Nagpur,Maharashtra,2024-11-22
CUST03253,Karan Yadav,Male,62.0,Kolkata,West Bengal,2023-12-18
CUST03254,Nikhil Yadav,Female,24.0,Ahmedabad,Gujarat,2024-12-04
CUST03255,Ananya Mishra,Female,41.0,Ahmedabad,Gujarat,2025-10-30
CUST03256,Riya Mishra,Female,42.0,Bhopal,Madhya Pradesh,2023-02-22
CUST03257,Aarav Yadav,Female,49.0,Nagpur,Maharashtra,2024-10-26
CUST03258,Sneha Sharma,Male,37.0,Lucknow,Uttar Pradesh,2024-06-19
CUST03259,Nikhil Shah,Male,25.0,Noida,Uttar Pradesh,2023-09-03
CUST03260,Priya Sharma,Male,51.0,Chandigarh,Chandigarh,2025-09-18
CUST03261,Vikram Choudhary,Male,23.0,Patna,Bihar,2024-04-28
CUST03262,Karan Gupta,Male,38.0,Bhopal,Madhya Pradesh,2024-03-06
CUST03263,Ananya Patel,Female,30.0,Lucknow,Uttar Pradesh,2025-07-18
CUST03264,Priya Patel,Male,44.0,Hyderabad,Telangana,2024-03-19
CUST03265,Ananya Verma,Female,46.0,Chandigarh,Chandigarh,2025-12-10
CUST03266,Aarav Yadav,Female,27.0,Patna,Bihar,2023-04-04
CUST03267,Arjun Sharma,Female,29.0,Hyderabad,Telangana,2024-08-03
CUST03268,Meera Mishra,Male,62.0,Guwahati,Assam,2025-02-23
CUST03269,Riya Mishra,Male,56.0,Surat,Gujarat,2025-12-08
CUST03270,Aarav Gupta,Female,26.0,Chennai,Tamil Nadu,2025-09-05
CUST03271,Nikhil Mishra,Female,43.0,Ahmedabad,Gujarat,2025-11-19
CUST03272,Aditya Mishra,Female,44.0,Kolkata,West Bengal,2023-10-08
CUST03273,Sanjay Mishra,Female,46.0,Mumbai,Maharashtra,2024-10-26
CUST03274,Vikram Gupta,Male,26.0,Nagpur,Maharashtra,2025-06-24
CUST03275,Nikhil Patel,Female,52.0,Chandigarh,Chandigarh,2024-11-22
CUST03276,Pooja Choudhary,Female,63.0,Patna,Bihar,2025-05-14
CUST03277,Priya Mishra,Male,37.0,Noida,Uttar Pradesh,2024-08-12
CUST03278,Arjun Choudhary,Female,39.0,Noida,Uttar Pradesh,2023-09-01
CUST03279,Aarav Mehta,Male,20.0,Delhi,Delhi,2023-10-06
CUST03280,Pooja Jha,Male,55.0,Chennai,Tamil Nadu,2024-09-20
CUST03281,Sneha Singh,Male,38.0,Ahmedabad,Gujarat,2023-05-29
CUST03282,Rohan Sharma,Female,39.0,Patna,Bihar,2023-05-22
CUST03283,Nikhil Verma,Female,53.0,Chandigarh,Chandigarh,2023-03-11
CUST03284,Neha Gupta,Female,51.0,Kolkata,West Bengal,2023-07-25
CUST03285,Karan Yadav,Female,27.0,Indore,Madhya Pradesh,2025-02-23
CUST03286,Kavya Roy,Female,64.0,Chandigarh,Chandigarh,2024-03-30
CUST03287,Rahul Sinha,Male,26.0,Lucknow,Uttar Pradesh,2025-04-26
CUST03288,Priya Mehta,Female,36.0,Bhopal,Madhya Pradesh,2025-11-21
CUST03289,Nikhil Verma,Male,63.0,Pune,Maharashtra,2023-05-23
CUST03290,Rahul Verma,Male,26.0,Nagpur,Maharashtra,2023-08-05
CUST03291,Aarav Jha,Female,57.0,Pune,Maharashtra,2023-10-21
CUST03292,Karan Sinha,Male,23.0,Bengaluru,Karnataka,2023-05-01
CUST03293,Kavya Gupta,Female,28.0,Indore,Madhya Pradesh,2024-05-16
CUST03294,Pooja Sharma,Male,48.0,Pune,Maharashtra,2025-08-06
CUST03295,Arjun Jha,Female,29.0,Ranchi,Jharkhand,2025-11-28
CUST03296,Riya Roy,Female,34.0,Kolkata,West Bengal,2024-12-17
CUST03297,Riya Singh,Female,27.0,Bhopal,Madhya Pradesh,2024-06-28
CUST03298,Aditya Singh,Male,50.0,Surat,Gujarat,2023-03-08
CUST03299,Shreya Verma,Male,43.0,Guwahati,Assam,2025-02-22
CUST03300,Amit Kumar,Female,29.0,Mumbai,Maharashtra,2024-01-08
CUST03301,Rohan Verma,Female,63.0,Bengaluru,Karnataka,2025-07-25
CUST03302,Aarav Patel,Male,29.0,Pune,Maharashtra,2024-01-17
CUST03303,Kavya Mehta,Male,24.0,Chennai,Tamil Nadu,2024-03-14
CUST03304,Sanjay Kumar,Female,33.0,Bhubaneswar,Odisha,2024-10-31
CUST03305,Sneha Mehta,Male,38.0,Nagpur,Maharashtra,2023-10-22
CUST03306,Sanjay Shah,Male,38.0,Bhopal,Madhya Pradesh,2024-05-15
CUST03307,Vikram Das,Male,49.0,Nagpur,Maharashtra,2024-09-22
CUST03308,Sneha Singh,Female,36.0,Guwahati,Assam,2025-10-06
CUST03309,Sanjay Patel,Female,34.0,Ahmedabad,Gujarat,2023-02-10
CUST03310,Meera Sinha,Male,29.0,Surat,Gujarat,2025-10-17
CUST03311,Aarav Singh,Male,46.0,Guwahati,Assam,2025-06-17
CUST03312,Aditi Patel,Male,60.0,Bengaluru,Karnataka,2023-11-28
CUST03313,Nikhil Mehta,Female,64.0,Noida,Uttar Pradesh,2025-08-17
CUST03314,Riya Sinha,Female,26.0,Hyderabad,Telangana,2024-03-14
CUST03315,Sneha Singh,Male,19.0,Surat,Gujarat,2025-11-28
CUST03316,Pooja Das,Male,53.0,Hyderabad,Telangana,2023-10-03
CUST03317,Aditi Mehta,Male,34.0,Pune,Maharashtra,2023-12-21
CUST03318,Meera Choudhary,Female,51.0,Nagpur,Maharashtra,2025-09-28
CUST03319,Sanjay Roy,Female,61.0,Indore,Madhya Pradesh,2025-11-02
CUST03320,Nikhil Patel,Male,33.0,Pune,Maharashtra,2025-02-01
CUST03321,Aditi Choudhary,Male,30.0,Nagpur,Maharashtra,2025-03-18
CUST03322,Neha Verma,Female,59.0,Delhi,Delhi,2024-07-23
CUST03323,Ananya Roy,Male,40.0,Bengaluru,Karnataka,2024-10-18
CUST03324,Sanjay Mehta,Male,19.0,Kolkata,West Bengal,2024-03-06
CUST03325,Sanjay Sinha,Female,60.0,Chennai,Tamil Nadu,2023-12-09
CUST03326,Neha Verma,Female,35.0,Delhi,Delhi,2023-07-09
CUST03327,Aditi Yadav,Male,18.0,Indore,Madhya Pradesh,2024-01-30
CUST03328,Riya Kumar,Male,61.0,Surat,Gujarat,2025-05-01
CUST03329,Arjun Yadav,Male,27.0,Surat,Gujarat,2025-10-20
CUST03330,Rahul Sinha,Male,25.0,Ranchi,Jharkhand,2023-04-10
CUST03331,Ananya Shah,Female,44.0,Pune,Maharashtra,2023-11-19
CUST03332,Aditi Kumar,Male,25.0,Guwahati,Assam,2023-10-13
CUST03333,Karan Kumar,Male,29.0,Hyderabad,Telangana,2025-02-22
CUST03334,Meera Sinha,Male,46.0,Mumbai,Maharashtra,2023-09-05
CUST03335,Nikhil Choudhary,Female,33.0,Chennai,Tamil Nadu,2024-12-03
CUST03336,Aditi Gupta,Male,45.0,Pune,Maharashtra,2024-03-14
CUST03337,Rohan Mishra,Male,60.0,Ranchi,Jharkhand,2024-11-21
CUST03338,Neha Choudhary,Male,27.0,Kolkata,West Bengal,2025-07-21
CUST03339,Ananya Kumar,Female,19.0,Lucknow,Uttar Pradesh,2023-12-27
CUST03340,Nikhil Singh,Female,18.0,Nagpur,Maharashtra,2025-03-19
CUST03341,Rahul Singh,Female,42.0,Surat,Gujarat,2024-10-30
CUST03342,Sanjay Verma,Female,40.0,Chennai,Tamil Nadu,2023-02-05
CUST03343,Aarav Choudhary,Male,63.0,Ranchi,Jharkhand,2023-05-16
CUST03344,Rahul Choudhary,Female,19.0,Surat,Gujarat,2024-12-08
CUST03345,Amit Kumar,Male,35.0,Hyderabad,Telangana,2024-04-13
CUST03346,Pooja Mishra,Female,52.0,Pune,Maharashtra,2025-05-18
CUST03347,Neha Choudhary,Male,31.0,Bhopal,Madhya Pradesh,2025-03-04
CUST03348,Arjun Mehta,Male,19.0,Delhi,Delhi,2024-06-15
CUST03349,Aditi Das,Male,41.0,Chennai,Tamil Nadu,2025-09-13
CUST03350,Riya Verma,Female,35.0,Noida,Uttar Pradesh,2023-11-28
CUST03351,Meera Yadav,Male,46.0,Mumbai,Maharashtra,2023-12-07
CUST03352,Kavya Shah,Male,,Bengaluru,Karnataka,2025-06-02
CUST03353,Rahul Shah,Female,51.0,Ahmedabad,Gujarat,2023-09-24
CUST03354,Aditya Gupta,Male,61.0,Hyderabad,Telangana,2024-12-02
CUST03355,Neha Sharma,Male,21.0,Delhi,Delhi,2024-03-30
CUST03356,Meera Patel,Female,49.0,Hyderabad,Telangana,2023-02-04
CUST03357,Pooja Das,Female,57.0,Surat,Gujarat,2025-07-13
CUST03358,Amit Yadav,Female,41.0,Bengaluru,Karnataka,2025-01-29
CUST03359,Priya Verma,Female,48.0,Lucknow,Uttar Pradesh,2025-05-20
CUST03360,Vikram Roy,Female,18.0,Hyderabad,Telangana,2023-10-08
CUST03361,Shreya Sharma,Male,50.0,Hyderabad,Telangana,2023-04-01
CUST03362,Rohan Sharma,Female,53.0,Hyderabad,Telangana,2023-03-21
CUST03363,Amit Das,Female,23.0,Ahmedabad,Gujarat,2023-07-25
CUST03364,Kavya Mishra,Male,52.0,Chandigarh,Chandigarh,2023-11-28
CUST03365,Ananya Choudhary,Female,46.0,Delhi,Delhi,2025-11-24
CUST03366,Sanjay Sharma,Male,39.0,Hyderabad,Telangana,2023-10-31
CUST03367,Arjun Verma,Male,44.0,Mumbai,Maharashtra,2025-08-07
CUST03368,Sneha Sharma,Female,63.0,Guwahati,Assam,2023-07-28
CUST03369,Arjun Sharma,Female,41.0,Ahmedabad,Gujarat,2024-11-11
CUST03370,Riya Gupta,Male,43.0,Indore,Madhya Pradesh,2024-07-18
CUST03371,Rohan Sharma,Male,54.0,Kolkata,West Bengal,2023-08-22
CUST03372,Pooja Mishra,Female,46.0,Bhubaneswar,Odisha,2024-01-08
CUST03373,Meera Gupta,Female,19.0,Bhubaneswar,Odisha,2025-05-29
CUST03374,Shreya Sharma,Female,30.0,Pune,Maharashtra,2023-09-04
CUST03375,Priya Shah,Female,34.0,Pune,Maharashtra,2025-04-04
CUST03376,Kavya Shah,Male,23.0,Bhubaneswar,Odisha,2025-03-17
CUST03377,Nikhil Verma,Male,62.0,Bhopal,Madhya Pradesh,2023-05-12
CUST03378,Aditi Sharma,Female,43.0,Chandigarh,Chandigarh,2023-02-08
CUST03379,Ananya Gupta,Female,58.0,Bhubaneswar,Odisha,2025-05-21
CUST03380,Arjun Choudhary,Male,21.0,Surat,Gujarat,2023-02-21
CUST03381,Amit Kumar,Female,20.0,Guwahati,Assam,2025-09-21
CUST03382,Sanjay Verma,Male,63.0,Delhi,Delhi,2024-06-21
CUST03383,Sanjay Sharma,Female,33.0,Surat,Gujarat,2024-07-06
CUST03384,Priya Sharma,Female,57.0,Bengaluru,Karnataka,2024-10-10
CUST03385,Aditi Choudhary,Female,59.0,Noida,Uttar Pradesh,2025-10-24
CUST03386,Karan Choudhary,Female,58.0,Noida,Uttar Pradesh,2025-10-14
CUST03387,Rohan Roy,Female,61.0,Ahmedabad,Gujarat,2023-05-14
CUST03388,Karan Yadav,Female,24.0,Hyderabad,Telangana,2025-04-29
CUST03389,Ananya Singh,Male,49.0,Bhubaneswar,Odisha,2025-02-21
CUST03390,Riya Roy,Female,33.0,Lucknow,Uttar Pradesh,2023-04-11
CUST03391,Aditya Das,Male,31.0,Ahmedabad,Gujarat,2023-12-23
CUST03392,Sanjay Yadav,Male,57.0,Indore,Madhya Pradesh,2024-08-15
CUST03393,Arjun Sinha,Female,28.0,Guwahati,Assam,2023-01-31
CUST03394,Aarav Verma,Female,21.0,Bhubaneswar,Odisha,2023-10-13
CUST03395,Shreya Shah,Male,24.0,Indore,Madhya Pradesh,2025-08-01
CUST03396,Aditi Shah,Male,60.0,Bengaluru,Karnataka,2025-04-21
CUST03397,Ananya Shah,Male,33.0,Delhi,Delhi,2024-06-15
CUST03398,Meera Mishra,Female,27.0,Bhopal,Madhya Pradesh,2025-11-16
CUST03399,Amit Sharma,Female,60.0,Hyderabad,Telangana,2023-06-21
CUST03400,Arjun Mishra,Female,34.0,Indore,Madhya Pradesh,2023-03-04
CUST03401,Rahul Singh,Male,46.0,Lucknow,Uttar Pradesh,2025-12-31
CUST03402,Nikhil Sinha,Male,54.0,Bhopal,Madhya Pradesh,2025-12-04
CUST03403,Pooja Roy,Male,52.0,Guwahati,Assam,2025-11-04
CUST03404,Aarav Gupta,Male,44.0,Kolkata,West Bengal,2023-05-07
CUST03405,Riya Jha,Male,29.0,Chandigarh,Chandigarh,2024-10-17
CUST03406,Sanjay Kumar,Female,56.0,Pune,Maharashtra,2025-02-17
CUST03407,Arjun Mehta,Male,50.0,Ranchi,Jharkhand,2023-07-07
CUST03408,Priya Yadav,Female,53.0,Chandigarh,Chandigarh,2024-07-07
CUST03409,Amit Sinha,Female,55.0,Indore,Madhya Pradesh,2023-11-05
CUST03410,Vikram Sharma,Female,32.0,Chandigarh,Chandigarh,2023-04-13
CUST03411,Arjun Choudhary,Female,25.0,Hyderabad,Telangana,2024-06-13
CUST03412,Aditi Roy,Male,29.0,Bhopal,Madhya Pradesh,2025-05-24
CUST03413,Shreya Mishra,Male,39.0,Chandigarh,Chandigarh,2024-08-04
CUST03414,Ananya Choudhary,Female,55.0,Ranchi,Jharkhand,2024-12-26
CUST03415,Neha Jha,Male,56.0,Ranchi,Jharkhand,2024-01-08
CUST03416,Meera Das,Female,52.0,Bhubaneswar,Odisha,2024-08-02
CUST03417,Meera Das,Male,35.0,Ahmedabad,Gujarat,2024-06-26
CUST03418,Neha Singh,Male,46.0,Guwahati,Assam,2025-11-13
CUST03419,Shreya Patel,Male,42.0,Delhi,Delhi,2023-11-10
CUST03420,Pooja Yadav,Male,58.0,Chennai,Tamil Nadu,2023-11-24
CUST03421,Shreya Mishra,Male,18.0,Bhubaneswar,Odisha,2024-07-17
CUST03422,Vikram Mishra,Female,52.0,Indore,Madhya Pradesh,2024-03-30
CUST03423,Meera Sharma,Female,26.0,Indore,Madhya Pradesh,2024-04-11
CUST03424,Riya Singh,Female,56.0,Jaipur,Rajasthan,2025-03-20
CUST03425,Kavya Sharma,Male,23.0,Surat,Gujarat,2023-05-20
CUST03426,Rohan Shah,Male,55.0,Lucknow,Uttar Pradesh,2023-06-01
CUST03427,Meera Jha,Male,31.0,Ahmedabad,Gujarat,2025-01-02
CUST03428,Sneha Verma,Female,64.0,Bhubaneswar,Odisha,2023-08-10
CUST03429,Aditya Singh,Male,20.0,Bhubaneswar,Odisha,2023-01-01
CUST03430,Shreya Mishra,Male,43.0,Jaipur,Rajasthan,2024-10-19
CUST03431,Priya Patel,Female,37.0,Patna,Bihar,2023-02-14
CUST03432,Vikram Kumar,Male,45.0,Chandigarh,Chandigarh,2023-10-24
CUST03433,Rohan Sinha,Female,35.0,Patna,Bihar,2023-03-06
CUST03434,Karan Shah,Male,48.0,Delhi,Delhi,2025-05-02
CUST03435,Nikhil Singh,Female,56.0,Chandigarh,Chandigarh,2023-05-14
CUST03436,Shreya Mishra,Male,43.0,Nagpur,Maharashtra,2023-03-27
CUST03437,Ananya Gupta,Male,46.0,Guwahati,Assam,2023-10-25
CUST03438,Nikhil Shah,Male,32.0,Jaipur,Rajasthan,2025-04-27
CUST03439,Karan Jha,Female,34.0,Patna,Bihar,2024-01-14
CUST03440,Meera Jha,Male,62.0,Nagpur,Maharashtra,2025-05-14
CUST03441,Meera Mishra,Female,37.0,Surat,Gujarat,2025-03-21
CUST03442,Sanjay Gupta,Male,38.0,Indore,Madhya Pradesh,2025-02-19
CUST03443,Aditya Choudhary,Male,25.0,Patna,Bihar,2024-06-18
CUST03444,Meera Jha,Male,21.0,Hyderabad,Telangana,2023-10-04
CUST03445,Sneha Sinha,Female,62.0,Chandigarh,Chandigarh,2025-01-09
CUST03446,Ananya Kumar,Female,23.0,Mumbai,Maharashtra,2024-12-20
CUST03447,Sneha Shah,Female,31.0,Bhubaneswar,Odisha,2023-05-07
CUST03448,Sneha Das,Male,24.0,Bhubaneswar,Odisha,2024-10-05
CUST03449,Aditya Patel,Male,42.0,Indore,Madhya Pradesh,2024-06-16
CUST03450,Aditi Sharma,Female,26.0,Chandigarh,Chandigarh,2023-01-16
CUST03451,Sanjay Gupta,Male,21.0,Lucknow,Uttar Pradesh,2025-12-22
CUST03452,Karan Jha,Female,65.0,Lucknow,Uttar Pradesh,2025-02-09
CUST03453,Kavya Roy,Female,21.0,Nagpur,Maharashtra,2025-06-09
CUST03454,Vikram Singh,Male,37.0,Patna,Bihar,2025-06-11
CUST03455,Pooja Roy,Female,39.0,Patna,Bihar,2025-05-17
CUST03456,Sanjay Roy,Female,38.0,Nagpur,Maharashtra,2023-03-01
CUST03457,Nikhil Choudhary,Male,45.0,Ahmedabad,Gujarat,2024-01-29
CUST03458,Pooja Gupta,Female,42.0,Chennai,Tamil Nadu,2024-05-11
CUST03459,Kavya Patel,Female,21.0,Chennai,Tamil Nadu,2024-01-13
CUST03460,Aditya Yadav,Female,32.0,Hyderabad,Telangana,2025-03-23
CUST03461,Kavya Singh,Male,25.0,Mumbai,Maharashtra,2023-01-19
CUST03462,Neha Singh,Female,45.0,Kolkata,West Bengal,2023-11-08
CUST03463,Neha Das,Male,38.0,Chandigarh,Chandigarh,2025-08-28
CUST03464,Karan Sharma,Male,23.0,Noida,Uttar Pradesh,2023-05-18
CUST03465,Ananya Kumar,Female,50.0,Kolkata,West Bengal,2024-07-29
CUST03466,Nikhil Jha,Female,21.0,Jaipur,Rajasthan,2025-12-28
CUST03467,Ananya Roy,Female,48.0,Delhi,Delhi,2023-01-31
CUST03468,Rohan Shah,Male,29.0,Chandigarh,Chandigarh,2023-09-19
CUST03469,Amit Mehta,Male,35.0,Surat,Gujarat,2025-01-03
CUST03470,Kavya Choudhary,Female,28.0,Guwahati,Assam,2023-10-04
CUST03471,Rahul Sinha,Male,28.0,Bhubaneswar,Odisha,2023-06-05
CUST03472,Nikhil Gupta,Male,65.0,Mumbai,Maharashtra,2024-02-22
CUST03473,Sneha Das,Female,62.0,Chandigarh,Chandigarh,2024-12-01
CUST03474,Shreya Sharma,Female,53.0,Surat,Gujarat,2025-03-01
CUST03475,Pooja Gupta,Male,37.0,Bhopal,Madhya Pradesh,2023-12-12
CUST03476,Shreya Sinha,Male,50.0,Chennai,Tamil Nadu,2023-09-10
CUST03477,Pooja Choudhary,Female,21.0,Patna,Bihar,2024-06-02
CUST03478,Vikram Gupta,Female,36.0,Mumbai,Maharashtra,2025-05-29
CUST03479,Rahul Shah,Male,22.0,Guwahati,Assam,2024-11-24
CUST03480,Rohan Singh,Female,36.0,Hyderabad,Telangana,2023-10-14
CUST03481,Meera Sinha,Male,46.0,Nagpur,Maharashtra,2025-10-03
CUST03482,Rohan Verma,Female,59.0,Guwahati,Assam,2025-03-26
CUST03483,Priya Sharma,Male,53.0,Kolkata,West Bengal,2025-09-29
CUST03484,Priya Shah,Male,48.0,Nagpur,Maharashtra,2025-02-16
CUST03485,Shreya Sharma,Male,56.0,Bhopal,Madhya Pradesh,2023-01-26
CUST03486,Aditi Gupta,Female,63.0,Ranchi,Jharkhand,2024-05-20
CUST03487,Karan Yadav,Male,38.0,Pune,Maharashtra,2023-03-09
CUST03488,Rahul Gupta,Male,39.0,Nagpur,Maharashtra,2025-10-27
CUST03489,Aarav Sharma,Male,50.0,Ahmedabad,Gujarat,2024-09-17
CUST03490,Amit Roy,Female,50.0,Bengaluru,Karnataka,2025-03-22
CUST03491,Pooja Singh,Female,34.0,Bengaluru,Karnataka,2025-05-20
CUST03492,Vikram Gupta,Female,21.0,Jaipur,Rajasthan,2025-01-06
CUST03493,Shreya Mehta,Female,62.0,Nagpur,Maharashtra,2024-03-06
CUST03494,Meera Yadav,Male,46.0,Bengaluru,Karnataka,2025-08-31
CUST03495,Aarav Jha,Female,33.0,Nagpur,Maharashtra,2023-08-08
CUST03496,Rahul Mishra,Female,50.0,Noida,Uttar Pradesh,2023-09-10
CUST03497,Shreya Sinha,Female,57.0,Indore,Madhya Pradesh,2024-06-07
CUST03498,Sanjay Mishra,Male,62.0,Surat,Gujarat,2025-05-21
CUST03499,Neha Patel,Female,55.0,Noida,Uttar Pradesh,2023-05-05
CUST03500,Ananya Gupta,Female,61.0,Chennai,Tamil Nadu,2025-09-08
CUST03501,Karan Verma,Male,23.0,Chennai,Tamil Nadu,2024-06-03
CUST03502,Vikram Singh,Female,26.0,Noida,Uttar Pradesh,2025-02-19
CUST03503,Sanjay Roy,Male,51.0,Pune,Maharashtra,2024-04-08
CUST03504,Sanjay Choudhary,Male,27.0,Ahmedabad,Gujarat,2024-05-02
CUST03505,Aarav Das,Male,54.0,Hyderabad,Telangana,2025-10-20
CUST03506,Nikhil Shah,Male,63.0,Pune,Maharashtra,2023-12-20
CUST03507,Priya Singh,Male,20.0,Surat,Gujarat,2024-03-10
CUST03508,Priya Verma,Male,18.0,Hyderabad,Telangana,2023-01-31
CUST03509,Nikhil Das,Female,45.0,Delhi,Delhi,2023-05-10
CUST03510,Aditi Mehta,Male,50.0,Ranchi,Jharkhand,2023-08-23
CUST03511,Karan Kumar,Male,53.0,Noida,Uttar Pradesh,2025-09-11
CUST03512,Rohan Patel,Female,23.0,Bengaluru,Karnataka,2024-08-28
CUST03513,Sneha Mehta,Female,38.0,Lucknow,Uttar Pradesh,2023-05-07
CUST03514,Sanjay Mishra,Male,48.0,Ahmedabad,Gujarat,2023-06-24
CUST03515,Shreya Jha,Male,30.0,Jaipur,Rajasthan,2025-05-12
CUST03516,Kavya Shah,Female,61.0,Patna,Bihar,2024-09-25
CUST03517,Aarav Verma,Male,47.0,Hyderabad,Telangana,2023-03-13
CUST03518,Aarav Patel,Female,39.0,Ranchi,Jharkhand,2024-01-09
CUST03519,Amit Shah,Male,39.0,Surat,Gujarat,2025-02-15
CUST03520,Kavya Das,Female,45.0,Delhi,Delhi,2023-04-05
CUST03521,Arjun Sharma,Female,41.0,Jaipur,Rajasthan,2023-07-08
CUST03522,Arjun Sinha,Male,36.0,Lucknow,Uttar Pradesh,2023-06-27
CUST03523,Shreya Patel,Male,43.0,Delhi,Delhi,2025-07-04
CUST03524,Meera Roy,Male,51.0,Noida,Uttar Pradesh,2024-07-04
CUST03525,Pooja Choudhary,Male,45.0,Noida,Uttar Pradesh,2023-01-31
CUST03526,Neha Mishra,Male,42.0,Bhubaneswar,Odisha,2024-02-19
CUST03527,Priya Das,Female,18.0,Nagpur,Maharashtra,2025-04-09
CUST03528,Shreya Das,Male,48.0,Indore,Madhya Pradesh,2024-04-24
CUST03529,Meera Kumar,Female,19.0,Indore,Madhya Pradesh,2025-09-20
CUST03530,Priya Patel,Female,22.0,Bhopal,Madhya Pradesh,2025-05-28
CUST03531,Karan Sharma,Male,26.0,Surat,Gujarat,2025-07-19
CUST03532,Rahul Das,Female,47.0,Delhi,Delhi,2023-06-28
CUST03533,Karan Sharma,Female,23.0,Indore,Madhya Pradesh,2024-01-18
CUST03534,Sanjay Patel,Male,22.0,Nagpur,Maharashtra,2023-01-12
CUST03535,Aditya Mishra,Female,25.0,Guwahati,Assam,2025-01-09
CUST03536,Amit Gupta,Male,60.0,Guwahati,Assam,2025-09-23
CUST03537,Neha Das,Male,22.0,Chennai,Tamil Nadu,2025-09-26
CUST03538,Vikram Kumar,Female,26.0,Hyderabad,Telangana,2023-10-24
CUST03539,Priya Singh,Male,56.0,Bhubaneswar,Odisha,2024-06-29
CUST03540,Nikhil Yadav,Male,46.0,Chandigarh,Chandigarh,2024-11-15
CUST03541,Pooja Gupta,Male,24.0,Mumbai,Maharashtra,2024-06-25
CUST03542,Neha Patel,Female,20.0,Nagpur,Maharashtra,2024-12-10
CUST03543,Nikhil Singh,Male,54.0,Patna,Bihar,2025-06-10
CUST03544,Pooja Roy,Male,,Chennai,Tamil Nadu,2023-09-16
CUST03545,Aditi Kumar,Female,32.0,Surat,Gujarat,2023-02-06
CUST03546,Vikram Sharma,Female,28.0,Patna,Bihar,2025-04-19
CUST03547,Vikram Shah,Female,29.0,Pune,Maharashtra,2023-10-06
CUST03548,Shreya Yadav,Female,64.0,Indore,Madhya Pradesh,2023-11-30
CUST03549,Aditi Kumar,Female,51.0,Jaipur,Rajasthan,2023-01-11
CUST03550,Priya Sinha,Female,63.0,Indore,Madhya Pradesh,2024-01-10
CUST03551,Arjun Singh,Female,22.0,Guwahati,Assam,2024-05-07
CUST03552,Aarav Roy,Male,21.0,Ranchi,Jharkhand,2025-02-03
CUST03553,Arjun Kumar,Female,18.0,Bhopal,Madhya Pradesh,2023-05-01
CUST03554,Amit Mehta,Male,60.0,Noida,Uttar Pradesh,2023-12-31
CUST03555,Priya Das,Male,65.0,Bengaluru,Karnataka,2024-10-07
CUST03556,Sneha Shah,Female,21.0,Mumbai,Maharashtra,2025-01-12
CUST03557,Rohan Sharma,Male,47.0,Surat,Gujarat,2023-10-06
CUST03558,Sanjay Patel,Male,18.0,Bengaluru,Karnataka,2025-05-31
CUST03559,Arjun Mehta,Female,53.0,Chandigarh,Chandigarh,2024-06-09
CUST03560,Sneha Choudhary,Male,54.0,Patna,Bihar,2024-08-23
CUST03561,Kavya Yadav,Male,44.0,Indore,Madhya Pradesh,2025-08-17
CUST03562,Meera Gupta,Female,48.0,Bhopal,Madhya Pradesh,2023-09-27
CUST03563,Arjun Yadav,Male,48.0,Hyderabad,Telangana,2025-04-26
CUST03564,Shreya Kumar,Male,64.0,Pune,Maharashtra,2024-09-28
CUST03565,Vikram Patel,Male,27.0,Bengaluru,Karnataka,2023-03-14
CUST03566,Sneha Jha,Male,22.0,Bhopal,Madhya Pradesh,2025-04-05
CUST03567,Rohan Mehta,Female,46.0,Guwahati,Assam,2024-08-30
CUST03568,Sneha Patel,Male,44.0,Jaipur,Rajasthan,2025-12-09
CUST03569,Karan Shah,Female,52.0,Indore,Madhya Pradesh,2023-05-04
CUST03570,Kavya Roy,Male,55.0,Bhubaneswar,Odisha,2023-03-21
CUST03571,Vikram Mehta,Female,52.0,Nagpur,Maharashtra,2024-03-24
CUST03572,Shreya Gupta,Male,38.0,Indore,Madhya Pradesh,2024-02-04
CUST03573,Neha Das,Male,52.0,Ahmedabad,Gujarat,2025-02-22
CUST03574,Aditya Sharma,Female,46.0,Mumbai,Maharashtra,2024-11-08
CUST03575,Karan Patel,Female,57.0,Jaipur,Rajasthan,2023-04-13
CUST03576,Arjun Patel,Female,28.0,Patna,Bihar,2024-12-22
CUST03577,Aarav Yadav,Male,52.0,Pune,Maharashtra,2024-01-10
CUST03578,Ananya Sharma,Female,58.0,Patna,Bihar,2024-10-26
CUST03579,Meera Kumar,Male,24.0,Lucknow,Uttar Pradesh,2023-02-26
CUST03580,Amit Choudhary,Female,24.0,Bengaluru,Karnataka,2023-07-25
CUST03581,Rahul Patel,Female,63.0,Noida,Uttar Pradesh,2023-02-09
CUST03582,Aditi Jha,Male,28.0,Guwahati,Assam,2025-03-07
CUST03583,Meera Patel,Male,38.0,Delhi,Delhi,2025-04-11
CUST03584,Priya Sharma,Male,60.0,Jaipur,Rajasthan,2023-06-20
CUST03585,Amit Mehta,Female,54.0,Chennai,Tamil Nadu,2024-01-09
CUST03586,Aarav Singh,Female,,Bhopal,Madhya Pradesh,2023-05-02
CUST03587,Aditya Kumar,Female,31.0,Mumbai,Maharashtra,2023-06-11
CUST03588,Sanjay Gupta,Female,58.0,Kolkata,West Bengal,2024-12-11
CUST03589,Aditi Roy,Female,20.0,Noida,Uttar Pradesh,2024-11-26
CUST03590,Amit Sinha,Male,26.0,Chandigarh,Chandigarh,2023-07-24
CUST03591,Pooja Sinha,Female,59.0,Guwahati,Assam,2023-04-12
CUST03592,Arjun Sharma,Male,43.0,Delhi,Delhi,2024-04-17
CUST03593,Neha Choudhary,Male,31.0,Lucknow,Uttar Pradesh,2024-03-18
CUST03594,Aarav Gupta,Female,26.0,Surat,Gujarat,2023-08-31
CUST03595,Kavya Sharma,Female,22.0,Mumbai,Maharashtra,2024-03-15
CUST03596,Meera Mehta,Male,32.0,Bengaluru,Karnataka,2024-09-06
CUST03597,Shreya Patel,Female,33.0,Patna,Bihar,2023-12-23
CUST03598,Rahul Sharma,Female,42.0,Bhopal,Madhya Pradesh,2024-11-28
CUST03599,Aditi Das,Female,54.0,Bengaluru,Karnataka,2023-03-10
CUST03600,Aarav Das,Female,,Surat,Gujarat,2023-01-27
CUST03601,Shreya Das,Female,48.0,Mumbai,Maharashtra,2023-05-31
CUST03602,Sneha Roy,Female,62.0,Jaipur,Rajasthan,2023-04-01
CUST03603,Rohan Yadav,Female,37.0,Chennai,Tamil Nadu,2024-03-22
CUST03604,Sneha Sharma,Male,43.0,Surat,Gujarat,2025-02-06
CUST03605,Karan Choudhary,Male,39.0,Chandigarh,Chandigarh,2025-07-27
CUST03606,Rohan Singh,Female,18.0,Patna,Bihar,2023-01-17
CUST03607,Rohan Das,Female,34.0,Bengaluru,Karnataka,2025-10-07
CUST03608,Priya Gupta,Male,47.0,Chennai,Tamil Nadu,2025-03-12
CUST03609,Priya Yadav,Male,58.0,Nagpur,Maharashtra,2024-06-05
CUST03610,Sneha Choudhary,Male,37.0,Kolkata,West Bengal,2023-11-03
CUST03611,Arjun Sharma,Male,54.0,Patna,Bihar,2023-07-15
CUST03612,Aditi Patel,Male,18.0,Mumbai,Maharashtra,2025-05-13
CUST03613,Nikhil Gupta,Male,18.0,Nagpur,Maharashtra,2025-04-27
CUST03614,Arjun Das,Female,46.0,Chennai,Tamil Nadu,2023-08-27
CUST03615,Meera Mehta,Male,36.0,Ahmedabad,Gujarat,2023-10-06
CUST03616,Aditya Choudhary,Female,38.0,Patna,Bihar,2025-07-23
CUST03617,Arjun Singh,Female,37.0,Surat,Gujarat,2024-01-17
CUST03618,Aditi Verma,Male,44.0,Kolkata,West Bengal,2025-03-20
CUST03619,Rahul Roy,Female,40.0,Kolkata,West Bengal,2023-01-18
CUST03620,Arjun Gupta,Female,47.0,Indore,Madhya Pradesh,2024-01-18
CUST03621,Aarav Mehta,Female,25.0,Delhi,Delhi,2023-09-16
CUST03622,Priya Verma,Male,29.0,Bengaluru,Karnataka,2024-12-06
CUST03623,Priya Kumar,Male,22.0,Pune,Maharashtra,2025-06-02
CUST03624,Ananya Mishra,Female,64.0,Bhopal,Madhya Pradesh,2025-12-10
CUST03625,Sanjay Kumar,Female,24.0,Delhi,Delhi,2025-01-19
CUST03626,Kavya Verma,Female,39.0,Hyderabad,Telangana,2025-10-27
CUST03627,Sanjay Mehta,Female,54.0,Nagpur,Maharashtra,2023-06-17
CUST03628,Priya Sinha,Male,42.0,Guwahati,Assam,2025-08-21
CUST03629,Aditi Sinha,Male,39.0,Nagpur,Maharashtra,2025-11-24
CUST03630,Shreya Choudhary,Male,22.0,Ahmedabad,Gujarat,2025-09-07
CUST03631,Meera Singh,Female,29.0,Nagpur,Maharashtra,2025-02-07
CUST03632,Aditya Mehta,Female,21.0,Indore,Madhya Pradesh,2024-07-19
CUST03633,Rahul Singh,Female,28.0,Hyderabad,Telangana,2025-11-18
CUST03634,Priya Mishra,Male,57.0,Delhi,Delhi,2023-04-21
CUST03635,Sneha Singh,Male,21.0,Lucknow,Uttar Pradesh,2023-09-19
CUST03636,Vikram Gupta,Female,35.0,Jaipur,Rajasthan,2023-07-01
CUST03637,Nikhil Sinha,Male,22.0,Pune,Maharashtra,2023-09-27
CUST03638,Sanjay Yadav,Male,62.0,Bhubaneswar,Odisha,2025-01-07
CUST03639,Aarav Singh,Male,58.0,Delhi,Delhi,2023-09-17
CUST03640,Vikram Mehta,Male,32.0,Pune,Maharashtra,2023-04-14
CUST03641,Amit Roy,Female,26.0,Chennai,Tamil Nadu,2023-09-25
CUST03642,Pooja Sinha,Male,20.0,Hyderabad,Telangana,2024-05-14
CUST03643,Arjun Das,Female,21.0,Chennai,Tamil Nadu,2025-10-27
CUST03644,Karan Verma,Male,61.0,Bhubaneswar,Odisha,2024-06-03
CUST03645,Meera Verma,Female,47.0,Mumbai,Maharashtra,2024-12-06
CUST03646,Karan Mehta,Male,57.0,Guwahati,Assam,2024-12-29
CUST03647,Rahul Choudhary,Male,61.0,Nagpur,Maharashtra,2024-04-04
CUST03648,Meera Kumar,Female,61.0,Delhi,Delhi,2023-11-28
CUST03649,Neha Das,Male,28.0,Bengaluru,Karnataka,2025-08-19
CUST03650,Rohan Kumar,Male,34.0,Surat,Gujarat,2025-12-23
CUST03651,Arjun Yadav,Female,43.0,Ahmedabad,Gujarat,2024-07-19
CUST03652,Sanjay Kumar,Male,25.0,Kolkata,West Bengal,2023-11-05
CUST03653,Aarav Mishra,Male,41.0,Bhubaneswar,Odisha,2025-09-24
CUST03654,Kavya Shah,Female,47.0,Ranchi,Jharkhand,2025-01-24
CUST03655,Sneha Sinha,Female,27.0,Mumbai,Maharashtra,2025-02-23
CUST03656,Karan Patel,Female,21.0,Bengaluru,Karnataka,2025-11-14
CUST03657,Vikram Gupta,Male,46.0,Lucknow,Uttar Pradesh,2024-08-10
CUST03658,Rohan Jha,Female,56.0,Bhubaneswar,Odisha,2025-03-12
CUST03659,Sanjay Das,Female,18.0,Pune,Maharashtra,2024-04-05
CUST03660,Priya Roy,Male,26.0,Lucknow,Uttar Pradesh,2025-02-10
CUST03661,Rahul Das,Male,23.0,Kolkata,West Bengal,2025-02-28
CUST03662,Vikram Verma,Female,60.0,Lucknow,Uttar Pradesh,2023-10-28
CUST03663,Shreya Sinha,Female,35.0,Chennai,Tamil Nadu,2024-12-04
CUST03664,Nikhil Shah,Male,52.0,Chennai,Tamil Nadu,2023-07-27
CUST03665,Meera Mehta,Female,27.0,Chandigarh,Chandigarh,2023-07-20
CUST03666,Arjun Jha,Female,34.0,Ahmedabad,Gujarat,2024-09-29
CUST03667,Shreya Patel,Male,26.0,Ahmedabad,Gujarat,2024-02-16
CUST03668,Priya Mehta,Female,60.0,Lucknow,Uttar Pradesh,2025-08-01
CUST03669,Shreya Verma,Male,33.0,Mumbai,Maharashtra,2025-01-16
CUST03670,Aditi Choudhary,Male,22.0,Jaipur,Rajasthan,2024-02-19
CUST03671,Nikhil Roy,Female,19.0,Bengaluru,Karnataka,2025-01-19
CUST03672,Pooja Shah,Female,64.0,Bhopal,Madhya Pradesh,2024-06-30
CUST03673,Riya Patel,Female,43.0,Ranchi,Jharkhand,2024-07-04
CUST03674,Aditya Verma,Female,33.0,Surat,Gujarat,2024-07-03
CUST03675,Sanjay Roy,Female,43.0,Bhubaneswar,Odisha,2025-01-29
CUST03676,Karan Choudhary,Male,45.0,Ranchi,Jharkhand,2025-10-26
CUST03677,Rahul Kumar,Male,39.0,Pune,Maharashtra,2024-07-28
CUST03678,Aarav Mishra,Male,54.0,Lucknow,Uttar Pradesh,2025-01-27
CUST03679,Nikhil Kumar,Female,29.0,Patna,Bihar,2024-09-19
CUST03680,Aditya Choudhary,Female,54.0,Ranchi,Jharkhand,2023-10-20
CUST03681,Neha Shah,Female,29.0,Ranchi,Jharkhand,2025-03-24
CUST03682,Aarav Roy,Female,26.0,Hyderabad,Telangana,2024-05-05
CUST03683,Sanjay Kumar,Female,29.0,Ahmedabad,Gujarat,2025-01-23
CUST03684,Neha Sharma,Female,59.0,Ranchi,Jharkhand,2023-09-08
CUST03685,Sneha Choudhary,Male,44.0,Nagpur,Maharashtra,2024-02-05
CUST03686,Aditya Mehta,Female,31.0,Hyderabad,Telangana,2024-09-08
CUST03687,Sanjay Das,Male,60.0,Mumbai,Maharashtra,2025-07-16
CUST03688,Ananya Mehta,Male,19.0,Guwahati,Assam,2024-04-07
CUST03689,Riya Mishra,Female,28.0,Nagpur,Maharashtra,2023-09-07
CUST03690,Arjun Patel,Female,23.0,Chennai,Tamil Nadu,2023-09-04
CUST03691,Aditya Singh,Male,41.0,Nagpur,Maharashtra,2024-07-29
CUST03692,Kavya Mehta,Female,34.0,Jaipur,Rajasthan,2023-12-27
CUST03693,Aditi Kumar,Female,30.0,Jaipur,Rajasthan,2025-10-17
CUST03694,Nikhil Das,Female,65.0,Kolkata,West Bengal,2023-02-21
CUST03695,Amit Roy,Female,26.0,Chennai,Tamil Nadu,2024-03-31
CUST03696,Karan Jha,Female,44.0,Surat,Gujarat,2025-05-30
CUST03697,Amit Sharma,Male,35.0,Pune,Maharashtra,2024-02-04
CUST03698,Pooja Shah,Male,46.0,Mumbai,Maharashtra,2023-04-06
CUST03699,Aarav Mehta,Female,38.0,Nagpur,Maharashtra,2023-05-09
CUST03700,Aditi Sharma,Male,48.0,Indore,Madhya Pradesh,2023-04-04
CUST03701,Arjun Gupta,Male,38.0,Kolkata,West Bengal,2023-09-20
CUST03702,Ananya Das,Male,56.0,Guwahati,Assam,2024-02-04
CUST03703,Sanjay Sinha,Male,31.0,Lucknow,Uttar Pradesh,2024-04-09
CUST03704,Arjun Roy,Male,20.0,Ranchi,Jharkhand,2025-12-19
CUST03705,Rohan Das,Female,40.0,Pune,Maharashtra,2023-09-07
CUST03706,Karan Singh,Male,56.0,Chennai,Tamil Nadu,2025-11-27
CUST03707,Sneha Patel,Male,64.0,Kolkata,West Bengal,2025-09-19
CUST03708,Rohan Mehta,Male,27.0,Bhopal,Madhya Pradesh,2024-12-22
CUST03709,Amit Verma,Male,51.0,Kolkata,West Bengal,2023-11-05
CUST03710,Aarav Gupta,Female,48.0,Noida,Uttar Pradesh,2023-12-23
CUST03711,Sneha Singh,Male,45.0,Ahmedabad,Gujarat,2024-12-26
CUST03712,Nikhil Patel,Male,48.0,Bhubaneswar,Odisha,2023-06-28
CUST03713,Aditi Mishra,Female,20.0,Ranchi,Jharkhand,2023-07-07
CUST03714,Karan Yadav,Female,25.0,Indore,Madhya Pradesh,2024-01-19
CUST03715,Rohan Das,Male,24.0,Indore,Madhya Pradesh,2023-11-21
CUST03716,Ananya Singh,Female,24.0,Delhi,Delhi,2025-10-03
CUST03717,Shreya Jha,Male,63.0,Bhopal,Madhya Pradesh,2024-03-31
CUST03718,Kavya Mehta,Female,52.0,Bengaluru,Karnataka,2025-10-06
CUST03719,Riya Verma,Female,46.0,Jaipur,Rajasthan,2025-04-04
CUST03720,Rahul Verma,Male,62.0,Jaipur,Rajasthan,2023-09-26
CUST03721,Priya Mehta,Male,58.0,Chennai,Tamil Nadu,2023-10-18
CUST03722,Vikram Singh,Female,53.0,Hyderabad,Telangana,2024-08-21
CUST03723,Priya Singh,Female,43.0,Surat,Gujarat,2023-11-12
CUST03724,Priya Shah,Female,31.0,Mumbai,Maharashtra,2025-02-11
CUST03725,Karan Verma,Female,33.0,Bhopal,Madhya Pradesh,2023-04-11
CUST03726,Shreya Sharma,Female,43.0,Bengaluru,Karnataka,2023-08-23
CUST03727,Ananya Shah,Male,18.0,Chandigarh,Chandigarh,2024-07-18
CUST03728,Sneha Shah,Female,25.0,Chandigarh,Chandigarh,2024-10-07
CUST03729,Rahul Sharma,Male,32.0,Nagpur,Maharashtra,2024-10-25
CUST03730,Karan Jha,Male,50.0,Ranchi,Jharkhand,2023-12-24
CUST03731,Sneha Yadav,Female,60.0,Lucknow,Uttar Pradesh,2025-03-28
CUST03732,Arjun Patel,Female,48.0,Bhopal,Madhya Pradesh,2025-03-01
CUST03733,Aditya Gupta,Male,29.0,Mumbai,Maharashtra,2025-01-10
CUST03734,Arjun Das,Female,22.0,Bengaluru,Karnataka,2025-01-24
CUST03735,Aditya Das,Female,19.0,Bengaluru,Karnataka,2024-12-01
CUST03736,Sanjay Sinha,Female,55.0,Surat,Gujarat,2023-07-07
CUST03737,Amit Mishra,Female,40.0,Pune,Maharashtra,2024-10-19
CUST03738,Riya Choudhary,Male,26.0,Kolkata,West Bengal,2023-05-04
CUST03739,Priya Das,Male,60.0,Delhi,Delhi,2024-06-03
CUST03740,Meera Shah,Female,24.0,Delhi,Delhi,2023-05-26
CUST03741,Rahul Gupta,Male,30.0,Chennai,Tamil Nadu,2023-07-03
CUST03742,Kavya Mehta,Female,47.0,Surat,Gujarat,2024-05-13
CUST03743,Karan Sharma,Female,31.0,Nagpur,Maharashtra,2025-07-18
CUST03744,Kavya Roy,Female,32.0,Bengaluru,Karnataka,2023-12-04
CUST03745,Rahul Roy,Female,61.0,Bengaluru,Karnataka,2024-01-15
CUST03746,Aditya Sinha,Female,59.0,Delhi,Delhi,2025-07-31
CUST03747,Pooja Verma,Male,58.0,Nagpur,Maharashtra,2025-05-10
CUST03748,Rohan Kumar,Male,58.0,Surat,Gujarat,2024-09-24
CUST03749,Neha Verma,Male,50.0,Ranchi,Jharkhand,2024-11-04
CUST03750,Priya Verma,Male,27.0,Surat,Gujarat,2024-11-16
CUST03751,Ananya Yadav,Male,40.0,Mumbai,Maharashtra,2023-11-21
CUST03752,Riya Choudhary,Female,35.0,Delhi,Delhi,2024-12-15
CUST03753,Neha Roy,Male,63.0,Lucknow,Uttar Pradesh,2025-07-23
CUST03754,Rahul Das,Female,43.0,Mumbai,Maharashtra,2023-01-03
CUST03755,Shreya Jha,Female,49.0,Lucknow,Uttar Pradesh,2024-09-25
CUST03756,Sanjay Roy,Female,37.0,Ranchi,Jharkhand,2024-09-01
CUST03757,Rohan Das,Female,45.0,Bengaluru,Karnataka,2025-05-09
CUST03758,Aditya Sharma,Male,44.0,Mumbai,Maharashtra,2024-06-10
CUST03759,Aditya Sinha,Male,48.0,Ahmedabad,Gujarat,2024-12-23
CUST03760,Sanjay Sinha,Female,35.0,Pune,Maharashtra,2023-03-19
CUST03761,Meera Singh,Female,46.0,Surat,Gujarat,2025-05-23
CUST03762,Sanjay Jha,Female,26.0,Bengaluru,Karnataka,2023-08-14
CUST03763,Sneha Patel,Male,21.0,Surat,Gujarat,2025-02-17
CUST03764,Aarav Singh,Female,40.0,Bhopal,Madhya Pradesh,2025-08-12
CUST03765,Nikhil Singh,Female,44.0,Hyderabad,Telangana,2023-11-27
CUST03766,Neha Verma,Male,38.0,Pune,Maharashtra,2025-05-23
CUST03767,Nikhil Yadav,Female,57.0,Noida,Uttar Pradesh,2024-08-16
CUST03768,Neha Das,Female,33.0,Ranchi,Jharkhand,2024-12-15
CUST03769,Vikram Shah,Female,65.0,Lucknow,Uttar Pradesh,2024-11-07
CUST03770,Vikram Choudhary,Male,37.0,Ahmedabad,Gujarat,2024-09-21
CUST03771,Karan Yadav,Male,56.0,Noida,Uttar Pradesh,2023-09-06
CUST03772,Vikram Yadav,Female,36.0,Ahmedabad,Gujarat,2024-06-13
CUST03773,Kavya Gupta,Male,51.0,Ahmedabad,Gujarat,2024-07-06
CUST03774,Rahul Verma,Male,,Nagpur,Maharashtra,2023-12-17
CUST03775,Kavya Singh,Female,64.0,Patna,Bihar,2025-10-22
CUST03776,Nikhil Yadav,Female,24.0,Pune,Maharashtra,2025-12-27
CUST03777,Ananya Sharma,Female,26.0,Ahmedabad,Gujarat,2023-11-19
CUST03778,Ananya Shah,Female,20.0,Mumbai,Maharashtra,2023-12-21
CUST03779,Neha Mehta,Female,30.0,Chandigarh,Chandigarh,2024-10-31
CUST03780,Pooja Patel,Female,55.0,Lucknow,Uttar Pradesh,2025-04-25
CUST03781,Aditi Verma,Male,20.0,Chennai,Tamil Nadu,2023-09-15
CUST03782,Sanjay Das,Female,42.0,Lucknow,Uttar Pradesh,2024-07-23
CUST03783,Meera Verma,Male,19.0,Bengaluru,Karnataka,2023-10-31
CUST03784,Ananya Singh,Male,31.0,Chennai,Tamil Nadu,2024-12-29
CUST03785,Karan Shah,Female,51.0,Guwahati,Assam,2024-11-13
CUST03786,Rohan Patel,Female,58.0,Noida,Uttar Pradesh,2025-03-13
CUST03787,Shreya Das,Male,54.0,Chandigarh,Chandigarh,2023-01-05
CUST03788,Arjun Gupta,Female,53.0,Noida,Uttar Pradesh,2024-03-23
CUST03789,Vikram Sinha,Female,43.0,Lucknow,Uttar Pradesh,2024-01-23
CUST03790,Arjun Kumar,Male,52.0,Ranchi,Jharkhand,2024-03-29
CUST03791,Aditi Mehta,Male,36.0,Nagpur,Maharashtra,2025-01-29
CUST03792,Kavya Singh,Male,20.0,Kolkata,West Bengal,2024-01-26
CUST03793,Neha Roy,Female,29.0,Ahmedabad,Gujarat,2024-02-04
CUST03794,Rohan Jha,Male,19.0,Jaipur,Rajasthan,2025-04-12
CUST03795,Amit Sinha,Female,50.0,Lucknow,Uttar Pradesh,2024-04-20
CUST03796,Aditi Mishra,Female,63.0,Ranchi,Jharkhand,2023-02-27
CUST03797,Karan Choudhary,Male,27.0,Chennai,Tamil Nadu,2024-07-28
CUST03798,Amit Mehta,Female,22.0,Bengaluru,Karnataka,2025-09-24
CUST03799,Rohan Sharma,Female,31.0,Guwahati,Assam,2024-06-23
CUST03800,Rahul Verma,Female,21.0,Patna,Bihar,2023-04-30
CUST03801,Shreya Yadav,Female,45.0,Kolkata,West Bengal,2023-11-28
CUST03802,Priya Roy,Female,64.0,Ranchi,Jharkhand,2024-11-23
CUST03803,Rohan Singh,Male,57.0,Kolkata,West Bengal,2024-02-12
CUST03804,Rahul Sharma,Male,39.0,Ahmedabad,Gujarat,2023-01-20
CUST03805,Rohan Verma,Male,32.0,Ranchi,Jharkhand,2023-08-09
CUST03806,Rohan Gupta,Female,47.0,Delhi,Delhi,2024-03-25
CUST03807,Ananya Jha,Female,47.0,Guwahati,Assam,2023-05-19
CUST03808,Amit Shah,Female,27.0,Bhopal,Madhya Pradesh,2023-01-22
CUST03809,Aditya Verma,Male,29.0,Chandigarh,Chandigarh,2024-12-12
CUST03810,Rohan Sharma,Male,29.0,Jaipur,Rajasthan,2025-01-28
CUST03811,Riya Singh,Male,19.0,Ahmedabad,Gujarat,2024-06-13
CUST03812,Rahul Sharma,Male,52.0,Pune,Maharashtra,2024-07-08
CUST03813,Arjun Choudhary,Male,23.0,Lucknow,Uttar Pradesh,2025-07-27
CUST03814,Priya Jha,Male,36.0,Guwahati,Assam,2023-11-30
CUST03815,Aditi Roy,Female,34.0,Mumbai,Maharashtra,2025-02-03
CUST03816,Ananya Shah,Female,59.0,Nagpur,Maharashtra,2025-08-05
CUST03817,Vikram Das,Male,57.0,Chandigarh,Chandigarh,2024-10-19
CUST03818,Vikram Sharma,Female,41.0,Noida,Uttar Pradesh,2024-01-10
CUST03819,Shreya Shah,Female,27.0,Nagpur,Maharashtra,2024-04-10
CUST03820,Aditya Mishra,Male,29.0,Chandigarh,Chandigarh,2023-10-31
CUST03821,Meera Sharma,Female,42.0,Chennai,Tamil Nadu,2024-10-10
CUST03822,Neha Sinha,Female,50.0,Ranchi,Jharkhand,2025-12-29
CUST03823,Riya Verma,Male,46.0,Chennai,Tamil Nadu,2024-05-21
CUST03824,Priya Kumar,Male,23.0,Surat,Gujarat,2023-06-06
CUST03825,Ananya Mishra,Female,50.0,Bengaluru,Karnataka,2023-04-07
CUST03826,Pooja Sinha,Female,65.0,Mumbai,Maharashtra,2024-04-27
CUST03827,Arjun Roy,Male,49.0,Noida,Uttar Pradesh,2023-04-13
CUST03828,Sneha Yadav,Male,40.0,Lucknow,Uttar Pradesh,2023-03-15
CUST03829,Pooja Singh,Female,65.0,Hyderabad,Telangana,2024-05-30
CUST03830,Ananya Singh,Male,27.0,Hyderabad,Telangana,2025-10-08
CUST03831,Vikram Verma,Male,53.0,Chandigarh,Chandigarh,2025-03-05
CUST03832,Priya Sharma,Female,36.0,Guwahati,Assam,2024-01-08
CUST03833,Ananya Das,Male,42.0,Chennai,Tamil Nadu,2023-10-23
CUST03834,Sanjay Mehta,Female,30.0,Patna,Bihar,2024-06-17
CUST03835,Shreya Shah,Male,30.0,Pune,Maharashtra,2023-01-04
CUST03836,Neha Roy,Male,37.0,Lucknow,Uttar Pradesh,2024-08-25
CUST03837,Riya Mishra,Female,18.0,Indore,Madhya Pradesh,2025-11-28
CUST03838,Aarav Choudhary,Male,18.0,Jaipur,Rajasthan,2025-08-09
CUST03839,Nikhil Jha,Female,22.0,Bhopal,Madhya Pradesh,2025-02-12
CUST03840,Rohan Choudhary,Female,49.0,Noida,Uttar Pradesh,2024-10-03
CUST03841,Karan Das,Male,28.0,Jaipur,Rajasthan,2024-01-08
CUST03842,Kavya Verma,Female,29.0,Noida,Uttar Pradesh,2024-10-10
CUST03843,Riya Patel,Male,28.0,Guwahati,Assam,2025-10-16
CUST03844,Aarav Das,Male,43.0,Bhopal,Madhya Pradesh,2023-11-11
CUST03845,Rahul Choudhary,Male,19.0,Bhopal,Madhya Pradesh,2023-06-21
CUST03846,Rahul Yadav,Female,25.0,Bhopal,Madhya Pradesh,2023-11-19
CUST03847,Kavya Verma,Male,27.0,Bengaluru,Karnataka,2024-10-22
CUST03848,Aditya Choudhary,Female,32.0,Surat,Gujarat,2024-10-12
CUST03849,Amit Jha,Male,59.0,Bhubaneswar,Odisha,2024-05-15
CUST03850,Meera Sinha,Female,60.0,Bhubaneswar,Odisha,2023-12-19
CUST03851,Kavya Das,Male,39.0,Kolkata,West Bengal,2023-03-29
CUST03852,Aarav Jha,Female,24.0,Jaipur,Rajasthan,2025-11-19
CUST03853,Ananya Verma,Male,20.0,Pune,Maharashtra,2024-02-24
CUST03854,Sneha Sinha,Male,22.0,Jaipur,Rajasthan,2025-12-30
CUST03855,Rahul Kumar,Male,22.0,Bengaluru,Karnataka,2023-12-29
CUST03856,Nikhil Jha,Male,63.0,Bhopal,Madhya Pradesh,2024-08-29
CUST03857,Kavya Mishra,Female,52.0,Bhopal,Madhya Pradesh,2023-11-11
CUST03858,Neha Mehta,Male,24.0,Chandigarh,Chandigarh,2025-04-02
CUST03859,Nikhil Patel,Female,53.0,Surat,Gujarat,2023-08-13
CUST03860,Karan Gupta,Female,26.0,Nagpur,Maharashtra,2023-04-30
CUST03861,Karan Singh,Female,46.0,Delhi,Delhi,2023-03-29
CUST03862,Sneha Shah,Female,51.0,Indore,Madhya Pradesh,2025-09-10
CUST03863,Karan Gupta,Female,65.0,Patna,Bihar,2025-03-05
CUST03864,Meera Das,Male,31.0,Lucknow,Uttar Pradesh,2023-09-01
CUST03865,Ananya Yadav,Male,63.0,Lucknow,Uttar Pradesh,2024-01-05
CUST03866,Priya Kumar,Male,29.0,Bhubaneswar,Odisha,2023-10-24
CUST03867,Arjun Sharma,Female,28.0,Delhi,Delhi,2024-09-17
CUST03868,Shreya Verma,Male,36.0,Noida,Uttar Pradesh,2024-06-02
CUST03869,Sanjay Choudhary,Male,23.0,Chandigarh,Chandigarh,2025-11-12
CUST03870,Rahul Shah,Female,55.0,Chandigarh,Chandigarh,2025-07-03
CUST03871,Sanjay Sinha,Male,59.0,Noida,Uttar Pradesh,2024-07-22
CUST03872,Rohan Kumar,Male,21.0,Kolkata,West Bengal,2025-11-18
CUST03873,Kavya Das,Male,65.0,Ahmedabad,Gujarat,2025-06-03
CUST03874,Aditi Sharma,Female,30.0,Kolkata,West Bengal,2023-01-05
CUST03875,Rohan Mishra,Female,30.0,Kolkata,West Bengal,2024-11-20
CUST03876,Aditya Jha,Male,38.0,Hyderabad,Telangana,2023-01-08
CUST03877,Sneha Mehta,Male,53.0,Kolkata,West Bengal,2024-07-07
CUST03878,Shreya Sinha,Male,44.0,Delhi,Delhi,2024-12-28
CUST03879,Sanjay Choudhary,Male,21.0,Noida,Uttar Pradesh,2023-12-17
CUST03880,Shreya Sinha,Female,28.0,Guwahati,Assam,2025-03-26
CUST03881,Sneha Shah,Male,29.0,Guwahati,Assam,2025-06-12
CUST03882,Nikhil Yadav,Female,61.0,Nagpur,Maharashtra,2024-02-28
CUST03883,Riya Das,Male,50.0,Pune,Maharashtra,2024-03-15
CUST03884,Shreya Mehta,Female,29.0,Patna,Bihar,2023-08-22
CUST03885,Ananya Verma,Female,53.0,Ranchi,Jharkhand,2025-07-20
CUST03886,Aarav Kumar,Male,27.0,Lucknow,Uttar Pradesh,2023-08-11
CUST03887,Rohan Mehta,Male,63.0,Indore,Madhya Pradesh,2023-11-18
CUST03888,Ananya Jha,Male,40.0,Noida,Uttar Pradesh,2023-11-09
CUST03889,Meera Sinha,Male,51.0,Kolkata,West Bengal,2025-08-02
CUST03890,Aarav Das,Female,49.0,Chandigarh,Chandigarh,2024-10-28
CUST03891,Aditi Das,Female,55.0,Ranchi,Jharkhand,2023-07-14
CUST03892,Shreya Mishra,Male,59.0,Kolkata,West Bengal,2023-01-13
CUST03893,Arjun Yadav,Male,47.0,Jaipur,Rajasthan,2024-05-21
CUST03894,Kavya Kumar,Female,50.0,Noida,Uttar Pradesh,2025-06-29
CUST03895,Sanjay Das,Male,52.0,Hyderabad,Telangana,2024-12-22
CUST03896,Riya Singh,Male,63.0,Lucknow,Uttar Pradesh,2024-12-17
CUST03897,Karan Patel,Female,52.0,Chennai,Tamil Nadu,2025-03-11
CUST03898,Meera Shah,Female,54.0,Ranchi,Jharkhand,2023-12-16
CUST03899,Aditya Roy,Male,37.0,Hyderabad,Telangana,2023-10-11
CUST03900,Sanjay Yadav,Male,39.0,Noida,Uttar Pradesh,2025-11-04
CUST03901,Meera Gupta,Female,58.0,Patna,Bihar,2024-04-02
CUST03902,Neha Mehta,Male,55.0,Delhi,Delhi,2025-06-29
CUST03903,Amit Gupta,Female,27.0,Noida,Uttar Pradesh,2023-02-16
CUST03904,Kavya Yadav,Female,22.0,Noida,Uttar Pradesh,2025-04-23
CUST03905,Riya Sharma,Male,53.0,Guwahati,Assam,2025-03-22
CUST03906,Neha Jha,Female,34.0,Noida,Uttar Pradesh,2025-07-25
CUST03907,Meera Shah,Female,,Nagpur,Maharashtra,2024-12-21
CUST03908,Nikhil Verma,Female,25.0,Jaipur,Rajasthan,2023-06-04
CUST03909,Sneha Gupta,Female,51.0,Bhubaneswar,Odisha,2025-08-04
CUST03910,Karan Sinha,Male,42.0,Patna,Bihar,2024-02-27
CUST03911,Aarav Gupta,Female,38.0,Lucknow,Uttar Pradesh,2025-12-29
CUST03912,Nikhil Choudhary,Female,18.0,Delhi,Delhi,2023-12-08
CUST03913,Ananya Shah,Male,28.0,Patna,Bihar,2023-12-17
CUST03914,Amit Sharma,Female,43.0,Ranchi,Jharkhand,2023-10-13
CUST03915,Aarav Shah,Male,35.0,Lucknow,Uttar Pradesh,2023-05-06
CUST03916,Pooja Mishra,Male,32.0,Nagpur,Maharashtra,2024-06-01
CUST03917,Aditi Patel,Female,37.0,Delhi,Delhi,2024-01-25
CUST03918,Meera Yadav,Female,34.0,Nagpur,Maharashtra,2024-04-30
CUST03919,Kavya Shah,Male,18.0,Hyderabad,Telangana,2024-12-12
CUST03920,Pooja Mehta,Male,21.0,Chennai,Tamil Nadu,2025-07-04
CUST03921,Aditi Jha,Female,64.0,Delhi,Delhi,2024-03-11
CUST03922,Ananya Yadav,Female,59.0,Ranchi,Jharkhand,2025-04-05
CUST03923,Pooja Das,Female,24.0,Pune,Maharashtra,2023-02-05
CUST03924,Sanjay Verma,Female,52.0,Nagpur,Maharashtra,2024-06-18
CUST03925,Amit Yadav,Male,50.0,Lucknow,Uttar Pradesh,2025-06-03
CUST03926,Ananya Mishra,Female,28.0,Chandigarh,Chandigarh,2023-02-09
CUST03927,Aarav Kumar,Male,45.0,Bhubaneswar,Odisha,2023-03-13
CUST03928,Aditi Verma,Female,36.0,Bhopal,Madhya Pradesh,2023-09-09
CUST03929,Rahul Yadav,Male,43.0,Lucknow,Uttar Pradesh,2024-05-31
CUST03930,Aditya Das,Female,41.0,Chandigarh,Chandigarh,2024-07-15
CUST03931,Aditi Das,Male,26.0,Kolkata,West Bengal,2024-09-08
CUST03932,Pooja Yadav,Female,48.0,Hyderabad,Telangana,2024-10-24
CUST03933,Kavya Choudhary,Male,29.0,Chennai,Tamil Nadu,2024-10-07
CUST03934,Meera Sharma,Female,33.0,Kolkata,West Bengal,2023-09-13
CUST03935,Amit Choudhary,Male,34.0,Pune,Maharashtra,2024-08-26
CUST03936,Riya Mehta,Female,37.0,Chandigarh,Chandigarh,2024-09-21
CUST03937,Aditya Patel,Male,56.0,Nagpur,Maharashtra,2024-08-13
CUST03938,Priya Kumar,Male,52.0,Bhubaneswar,Odisha,2024-10-30
CUST03939,Aarav Roy,Male,26.0,Ahmedabad,Gujarat,2024-10-02
CUST03940,Pooja Verma,Male,28.0,Lucknow,Uttar Pradesh,2024-11-13
CUST03941,Aarav Sinha,Male,43.0,Noida,Uttar Pradesh,2023-04-26
CUST03942,Arjun Mehta,Male,63.0,Chennai,Tamil Nadu,2024-01-14
CUST03943,Rahul Jha,Female,49.0,Chandigarh,Chandigarh,2024-04-30
CUST03944,Vikram Mishra,Male,57.0,Kolkata,West Bengal,2025-05-21
CUST03945,Aditya Mishra,Female,28.0,Bhopal,Madhya Pradesh,2024-10-19
CUST03946,Priya Jha,Female,26.0,Kolkata,West Bengal,2024-09-17
CUST03947,Karan Kumar,Female,49.0,Patna,Bihar,2023-07-27
CUST03948,Amit Kumar,Male,39.0,Bhopal,Madhya Pradesh,2023-06-22
CUST03949,Aditi Patel,Female,56.0,Mumbai,Maharashtra,2025-12-19
CUST03950,Amit Roy,Female,35.0,Bengaluru,Karnataka,2024-06-13
CUST03951,Pooja Jha,Male,40.0,Chandigarh,Chandigarh,2024-04-16
CUST03952,Amit Shah,Female,25.0,Chennai,Tamil Nadu,2024-09-01
CUST03953,Pooja Yadav,Female,62.0,Guwahati,Assam,2023-09-01
CUST03954,Rohan Gupta,Female,56.0,Surat,Gujarat,2025-07-29
CUST03955,Aditya Verma,Female,50.0,Pune,Maharashtra,2023-03-17
CUST03956,Sneha Verma,Male,51.0,Nagpur,Maharashtra,2023-03-04
CUST03957,Arjun Shah,Male,62.0,Pune,Maharashtra,2025-05-12
CUST03958,Nikhil Mehta,Male,45.0,Pune,Maharashtra,2024-05-05
CUST03959,Riya Mishra,Male,53.0,Mumbai,Maharashtra,2025-11-16
CUST03960,Priya Roy,Female,30.0,Bengaluru,Karnataka,2024-12-23
CUST03961,Shreya Das,Male,38.0,Delhi,Delhi,2024-08-07
CUST03962,Priya Kumar,Female,62.0,Bengaluru,Karnataka,2024-10-03
CUST03963,Aditya Shah,Male,38.0,Lucknow,Uttar Pradesh,2025-04-16
CUST03964,Nikhil Sharma,Male,50.0,Ahmedabad,Gujarat,2025-09-15
CUST03965,Pooja Das,Female,30.0,Surat,Gujarat,2023-08-08
CUST03966,Karan Roy,Male,65.0,Lucknow,Uttar Pradesh,2024-07-25
CUST03967,Karan Mehta,Male,55.0,Chandigarh,Chandigarh,2025-06-25
CUST03968,Neha Verma,Male,43.0,Ranchi,Jharkhand,2023-05-14
CUST03969,Karan Jha,Female,34.0,Chennai,Tamil Nadu,2024-06-10
CUST03970,Meera Yadav,Male,62.0,Patna,Bihar,2023-04-18
CUST03971,Aditi Mishra,Female,48.0,Mumbai,Maharashtra,2023-08-18
CUST03972,Shreya Mehta,Male,61.0,Ahmedabad,Gujarat,2023-02-04
CUST03973,Ananya Sinha,Male,52.0,Patna,Bihar,2023-12-02
CUST03974,Nikhil Gupta,Female,28.0,Noida,Uttar Pradesh,2025-04-18
CUST03975,Vikram Sinha,Female,57.0,Lucknow,Uttar Pradesh,2025-03-09
CUST03976,Sanjay Patel,Female,28.0,Noida,Uttar Pradesh,2025-07-26
CUST03977,Riya Patel,Female,51.0,Nagpur,Maharashtra,2025-01-29
CUST03978,Ananya Shah,Male,29.0,Chennai,Tamil Nadu,2025-11-27
CUST03979,Amit Sinha,Female,64.0,Chennai,Tamil Nadu,2023-05-27
CUST03980,Rahul Gupta,Male,58.0,Nagpur,Maharashtra,2023-06-01
CUST03981,Arjun Roy,Male,39.0,Noida,Uttar Pradesh,2025-07-14
CUST03982,Neha Mehta,Female,39.0,Surat,Gujarat,2025-12-19
CUST03983,Rohan Das,Female,28.0,Hyderabad,Telangana,2024-06-28
CUST03984,Nikhil Kumar,Male,29.0,Indore,Madhya Pradesh,2025-03-12
CUST03985,Rohan Mishra,Female,45.0,Pune,Maharashtra,2023-03-02
CUST03986,Arjun Yadav,Male,57.0,Nagpur,Maharashtra,2023-08-22
CUST03987,Vikram Mehta,Female,54.0,Chandigarh,Chandigarh,2023-06-13
CUST03988,Meera Jha,Male,24.0,Delhi,Delhi,2023-02-16
CUST03989,Sanjay Sharma,Female,38.0,Guwahati,Assam,2025-08-16
CUST03990,Kavya Yadav,Male,32.0,Chennai,Tamil Nadu,2025-05-20
CUST03991,Aditya Sinha,Male,64.0,Bhopal,Madhya Pradesh,2023-07-03
CUST03992,Aditya Verma,Male,61.0,Guwahati,Assam,2023-01-25
CUST03993,Ananya Kumar,Male,55.0,Ranchi,Jharkhand,2023-02-10
CUST03994,Sneha Shah,Male,54.0,Bengaluru,Karnataka,2023-01-22
CUST03995,Rahul Jha,Female,40.0,Chandigarh,Chandigarh,2024-09-21
CUST03996,Kavya Sharma,Male,62.0,Hyderabad,Telangana,2024-05-13
CUST03997,Shreya Choudhary,Male,50.0,Indore,Madhya Pradesh,2024-11-02
CUST03998,Neha Patel,Male,26.0,Hyderabad,Telangana,2023-03-29
CUST03999,Amit Verma,Female,22.0,Lucknow,Uttar Pradesh,2024-03-10
CUST04000,Riya Verma,Female,43.0,Patna,Bihar,2025-12-23
CUST04001,Arjun Verma,Female,50.0,Chennai,Tamil Nadu,2025-06-19
CUST04002,Sanjay Verma,Male,40.0,Noida,Uttar Pradesh,2025-04-01
CUST04003,Aarav Jha,Female,52.0,Ahmedabad,Gujarat,2023-05-04
CUST04004,Arjun Patel,Female,46.0,Patna,Bihar,2025-05-31
CUST04005,Aditya Shah,Female,42.0,Ahmedabad,Gujarat,2023-06-26
CUST04006,Sanjay Singh,Female,40.0,Ahmedabad,Gujarat,2025-09-25
CUST04007,Karan Gupta,Male,43.0,Hyderabad,Telangana,2023-07-27
CUST04008,Rahul Shah,Male,48.0,Noida,Uttar Pradesh,2023-03-29
CUST04009,Amit Sharma,Male,52.0,Chandigarh,Chandigarh,2024-01-08
CUST04010,Karan Das,Male,39.0,Noida,Uttar Pradesh,2025-05-13
CUST04011,Priya Mishra,Male,42.0,Ahmedabad,Gujarat,2024-08-27
CUST04012,Arjun Shah,Female,22.0,Jaipur,Rajasthan,2024-06-09
CUST04013,Meera Sinha,Female,38.0,Mumbai,Maharashtra,2023-08-03
CUST04014,Shreya Shah,Female,44.0,Pune,Maharashtra,2024-11-16
CUST04015,Pooja Kumar,Male,30.0,Jaipur,Rajasthan,2023-03-29
CUST04016,Rahul Roy,Male,18.0,Nagpur,Maharashtra,2023-01-03
CUST04017,Riya Das,Male,45.0,Jaipur,Rajasthan,2023-10-20
CUST04018,Ananya Gupta,Female,61.0,Chennai,Tamil Nadu,2025-11-08
CUST04019,Ananya Mishra,Male,55.0,Jaipur,Rajasthan,2025-07-17
CUST04020,Aarav Yadav,Female,54.0,Patna,Bihar,2024-03-08
CUST04021,Riya Das,Female,62.0,Mumbai,Maharashtra,2025-05-06
CUST04022,Sanjay Singh,Male,50.0,Noida,Uttar Pradesh,2023-01-08
CUST04023,Meera Mishra,Female,35.0,Nagpur,Maharashtra,2024-07-23
CUST04024,Ananya Shah,Male,39.0,Patna,Bihar,2024-12-19
CUST04025,Rahul Shah,Female,25.0,Nagpur,Maharashtra,2025-07-18
CUST04026,Rohan Sharma,Female,53.0,Guwahati,Assam,2024-06-28
CUST04027,Ananya Choudhary,Female,35.0,Nagpur,Maharashtra,2023-09-03
CUST04028,Neha Verma,Male,50.0,Mumbai,Maharashtra,2024-02-20
CUST04029,Shreya Roy,Female,59.0,Chandigarh,Chandigarh,2024-02-25
CUST04030,Sneha Sinha,Male,31.0,Bhopal,Madhya Pradesh,2025-11-14
CUST04031,Riya Roy,Male,34.0,Ranchi,Jharkhand,2024-08-04
CUST04032,Aarav Yadav,Male,57.0,Hyderabad,Telangana,2024-04-21
CUST04033,Rohan Mishra,Female,19.0,Hyderabad,Telangana,2024-12-15
CUST04034,Karan Singh,Female,34.0,Kolkata,West Bengal,2023-09-19
CUST04035,Vikram Kumar,Male,32.0,Kolkata,West Bengal,2023-03-22
CUST04036,Pooja Roy,Female,26.0,Bengaluru,Karnataka,2023-03-13
CUST04037,Vikram Kumar,Male,21.0,Delhi,Delhi,2024-07-03
CUST04038,Ananya Yadav,Male,28.0,Chandigarh,Chandigarh,2024-07-11
CUST04039,Sneha Shah,Male,21.0,Jaipur,Rajasthan,2025-01-30
CUST04040,Meera Gupta,Male,58.0,Noida,Uttar Pradesh,2025-09-15
CUST04041,Vikram Mishra,Female,19.0,Chennai,Tamil Nadu,2023-10-23
CUST04042,Rahul Sinha,Female,34.0,Surat,Gujarat,2025-08-30
CUST04043,Rohan Singh,Male,41.0,Surat,Gujarat,2025-04-13
CUST04044,Neha Choudhary,Male,29.0,Bengaluru,Karnataka,2025-10-12
CUST04045,Vikram Shah,Male,29.0,Lucknow,Uttar Pradesh,2023-01-29
CUST04046,Ananya Mishra,Male,20.0,Bhubaneswar,Odisha,2023-07-24
CUST04047,Karan Mishra,Female,24.0,Pune,Maharashtra,2024-09-17
CUST04048,Aditi Roy,Male,27.0,Ranchi,Jharkhand,2024-03-16
CUST04049,Amit Sinha,Male,21.0,Nagpur,Maharashtra,2025-03-28
CUST04050,Aditi Yadav,Female,33.0,Chennai,Tamil Nadu,2023-03-13
CUST04051,Rahul Kumar,Female,30.0,Ranchi,Jharkhand,2025-04-28
CUST04052,Aarav Patel,Female,48.0,Bhubaneswar,Odisha,2023-03-05
CUST04053,Aarav Sharma,Male,49.0,Noida,Uttar Pradesh,2024-10-03
CUST04054,Aditya Choudhary,Male,19.0,Ahmedabad,Gujarat,2023-10-07
CUST04055,Meera Roy,Male,30.0,Guwahati,Assam,2024-03-18
CUST04056,Priya Singh,Male,24.0,Mumbai,Maharashtra,2025-07-13
CUST04057,Sanjay Sharma,Female,22.0,Pune,Maharashtra,2025-02-18
CUST04058,Rahul Singh,Male,19.0,Ranchi,Jharkhand,2025-10-12
CUST04059,Vikram Sinha,Female,25.0,Jaipur,Rajasthan,2024-10-09
CUST04060,Sanjay Singh,Male,48.0,Chandigarh,Chandigarh,2023-08-16
CUST04061,Vikram Gupta,Male,44.0,Delhi,Delhi,2025-07-20
CUST04062,Sneha Choudhary,Female,36.0,Mumbai,Maharashtra,2023-10-24
CUST04063,Pooja Singh,Male,59.0,Chennai,Tamil Nadu,2024-01-12
CUST04064,Rahul Patel,Male,31.0,Ranchi,Jharkhand,2023-02-01
CUST04065,Arjun Singh,Male,55.0,Surat,Gujarat,2024-07-06
CUST04066,Amit Choudhary,Female,29.0,Jaipur,Rajasthan,2024-09-16
CUST04067,Rohan Jha,Male,,Ranchi,Jharkhand,2023-02-16
CUST04068,Ananya Verma,Male,48.0,Bhopal,Madhya Pradesh,2024-10-08
CUST04069,Amit Yadav,Female,64.0,Bhubaneswar,Odisha,2023-06-11
CUST04070,Rahul Gupta,Female,62.0,Nagpur,Maharashtra,2023-02-19
CUST04071,Ananya Das,Male,26.0,Bhopal,Madhya Pradesh,2024-12-19
CUST04072,Sanjay Jha,Male,38.0,Hyderabad,Telangana,2023-08-06
CUST04073,Priya Choudhary,Female,52.0,Nagpur,Maharashtra,2023-07-06
CUST04074,Meera Choudhary,Female,34.0,Ranchi,Jharkhand,2024-08-07
CUST04075,Nikhil Jha,Female,26.0,Chandigarh,Chandigarh,2025-05-26
CUST04076,Karan Sharma,Male,50.0,Pune,Maharashtra,2025-08-07
CUST04077,Neha Roy,Female,19.0,Indore,Madhya Pradesh,2024-07-05
CUST04078,Amit Shah,Male,54.0,Indore,Madhya Pradesh,2024-04-17
CUST04079,Riya Gupta,Male,23.0,Hyderabad,Telangana,2023-03-08
CUST04080,Aditi Sharma,Female,54.0,Bhubaneswar,Odisha,2024-09-07
CUST04081,Karan Yadav,Male,30.0,Indore,Madhya Pradesh,2024-02-17
CUST04082,Vikram Mishra,Female,50.0,Patna,Bihar,2024-04-16
CUST04083,Amit Sharma,Male,25.0,Bhubaneswar,Odisha,2024-07-07
CUST04084,Kavya Patel,Female,45.0,Ahmedabad,Gujarat,2025-12-16
CUST04085,Aarav Singh,Male,28.0,Kolkata,West Bengal,2023-10-31
CUST04086,Rahul Shah,Male,40.0,Pune,Maharashtra,2025-10-03
CUST04087,Rohan Choudhary,Male,18.0,Patna,Bihar,2023-01-04
CUST04088,Aarav Mishra,Female,33.0,Mumbai,Maharashtra,2023-02-12
CUST04089,Amit Verma,Male,57.0,Lucknow,Uttar Pradesh,2025-04-05
CUST04090,Nikhil Mishra,Male,25.0,Delhi,Delhi,2023-01-07
CUST04091,Karan Choudhary,Male,19.0,Jaipur,Rajasthan,2023-09-01
CUST04092,Karan Yadav,Male,33.0,Surat,Gujarat,2023-07-09
CUST04093,Rohan Mehta,Female,65.0,Chennai,Tamil Nadu,2025-10-09
CUST04094,Sanjay Sinha,Female,65.0,Surat,Gujarat,2025-12-25
CUST04095,Karan Sharma,Female,37.0,Noida,Uttar Pradesh,2023-04-02
CUST04096,Shreya Das,Female,34.0,Nagpur,Maharashtra,2023-06-18
CUST04097,Aditi Sharma,Male,56.0,Ranchi,Jharkhand,2024-05-16
CUST04098,Vikram Jha,Male,33.0,Surat,Gujarat,2025-11-20
CUST04099,Ananya Sinha,Male,46.0,Bhubaneswar,Odisha,2023-09-01
CUST04100,Nikhil Mehta,Male,38.0,Bengaluru,Karnataka,2023-07-16
CUST04101,Vikram Patel,Male,54.0,Bengaluru,Karnataka,2025-01-26
CUST04102,Aarav Verma,Female,60.0,Lucknow,Uttar Pradesh,2023-11-04
CUST04103,Pooja Verma,Female,33.0,Delhi,Delhi,2023-05-21
CUST04104,Kavya Sharma,Female,38.0,Jaipur,Rajasthan,2025-04-25
CUST04105,Neha Yadav,Female,43.0,Ranchi,Jharkhand,2024-05-27
CUST04106,Rahul Sinha,Male,24.0,Bhubaneswar,Odisha,2025-06-23
CUST04107,Vikram Mehta,Male,26.0,Mumbai,Maharashtra,2023-10-10
CUST04108,Nikhil Singh,Male,59.0,Nagpur,Maharashtra,2023-07-07
CUST04109,Amit Yadav,Female,18.0,Ahmedabad,Gujarat,2025-11-17
CUST04110,Rahul Sharma,Female,50.0,Chennai,Tamil Nadu,2025-03-11
CUST04111,Vikram Sinha,Female,26.0,Bengaluru,Karnataka,2025-10-14
CUST04112,Pooja Jha,Male,44.0,Guwahati,Assam,2024-04-10
CUST04113,Sneha Patel,Female,19.0,Lucknow,Uttar Pradesh,2023-11-24
CUST04114,Arjun Singh,Male,53.0,Delhi,Delhi,2024-08-26
CUST04115,Ananya Mishra,Male,61.0,Chennai,Tamil Nadu,2024-11-10
CUST04116,Priya Choudhary,Female,40.0,Bhubaneswar,Odisha,2023-05-23
CUST04117,Neha Jha,Female,25.0,Surat,Gujarat,2023-02-06
CUST04118,Amit Yadav,Male,32.0,Mumbai,Maharashtra,2023-05-05
CUST04119,Kavya Das,Male,21.0,Mumbai,Maharashtra,2024-06-25
CUST04120,Shreya Verma,Male,47.0,Bengaluru,Karnataka,2023-09-19
CUST04121,Arjun Sinha,Male,30.0,Bengaluru,Karnataka,2023-03-02
CUST04122,Arjun Patel,Male,,Chennai,Tamil Nadu,2025-05-24
CUST04123,Shreya Sinha,Female,18.0,Delhi,Delhi,2024-06-25
CUST04124,Kavya Choudhary,Female,32.0,Chandigarh,Chandigarh,2025-05-29
CUST04125,Karan Sinha,Male,37.0,Jaipur,Rajasthan,2024-10-01
CUST04126,Amit Das,Male,58.0,Kolkata,West Bengal,2023-10-23
CUST04127,Aarav Kumar,Male,39.0,Lucknow,Uttar Pradesh,2025-02-23
CUST04128,Pooja Roy,Male,64.0,Ahmedabad,Gujarat,2023-01-15
CUST04129,Rahul Gupta,Male,40.0,Lucknow,Uttar Pradesh,2025-10-04
CUST04130,Arjun Roy,Female,52.0,Nagpur,Maharashtra,2025-05-13
CUST04131,Aditya Choudhary,Male,65.0,Kolkata,West Bengal,2023-12-01
CUST04132,Priya Das,Female,18.0,Chennai,Tamil Nadu,2025-07-28
CUST04133,Kavya Sinha,Female,40.0,Indore,Madhya Pradesh,2025-03-13
CUST04134,Rahul Gupta,Male,57.0,Ranchi,Jharkhand,2023-11-09
CUST04135,Shreya Roy,Female,57.0,Guwahati,Assam,2025-04-17
CUST04136,Amit Shah,Male,60.0,Lucknow,Uttar Pradesh,2025-08-27
CUST04137,Rohan Patel,Male,20.0,Kolkata,West Bengal,2023-05-04
CUST04138,Nikhil Gupta,Female,37.0,Bhubaneswar,Odisha,2023-08-11
CUST04139,Sneha Patel,Female,31.0,Chennai,Tamil Nadu,2023-09-15
CUST04140,Neha Sinha,Female,65.0,Lucknow,Uttar Pradesh,2023-04-20
CUST04141,Ananya Singh,Male,39.0,Ranchi,Jharkhand,2023-11-09
CUST04142,Meera Sinha,Female,28.0,Bhubaneswar,Odisha,2024-06-01
CUST04143,Sanjay Choudhary,Male,19.0,Bhopal,Madhya Pradesh,2024-06-09
CUST04144,Neha Jha,Male,25.0,Ranchi,Jharkhand,2024-07-20
CUST04145,Rohan Mishra,Male,51.0,Hyderabad,Telangana,2025-10-06
CUST04146,Sneha Sharma,Female,32.0,Chennai,Tamil Nadu,2025-08-07
CUST04147,Aditya Jha,Female,50.0,Lucknow,Uttar Pradesh,2024-04-06
CUST04148,Arjun Mishra,Female,55.0,Indore,Madhya Pradesh,2024-01-02
CUST04149,Karan Das,Female,19.0,Bhubaneswar,Odisha,2023-02-17
CUST04150,Ananya Sharma,Male,23.0,Bhopal,Madhya Pradesh,2023-07-21
CUST04151,Neha Verma,Female,23.0,Kolkata,West Bengal,2025-01-29
CUST04152,Aarav Kumar,Female,21.0,Kolkata,West Bengal,2024-05-21
CUST04153,Kavya Sharma,Male,49.0,Lucknow,Uttar Pradesh,2025-12-17
CUST04154,Nikhil Das,Male,21.0,Chennai,Tamil Nadu,2023-07-25
CUST04155,Aditi Sinha,Male,24.0,Pune,Maharashtra,2023-12-01
CUST04156,Shreya Shah,Male,23.0,Noida,Uttar Pradesh,2025-07-03
CUST04157,Aditi Sharma,Male,37.0,Bengaluru,Karnataka,2024-07-19
CUST04158,Sneha Kumar,Female,65.0,Chandigarh,Chandigarh,2023-08-28
CUST04159,Shreya Das,Male,65.0,Hyderabad,Telangana,2025-08-13
CUST04160,Rahul Choudhary,Female,61.0,Hyderabad,Telangana,2025-03-05
CUST04161,Nikhil Gupta,Male,55.0,Noida,Uttar Pradesh,2023-04-15
CUST04162,Nikhil Patel,Female,18.0,Lucknow,Uttar Pradesh,2025-08-13
CUST04163,Rohan Roy,Female,32.0,Hyderabad,Telangana,2023-06-07
CUST04164,Priya Sinha,Male,19.0,Patna,Bihar,2025-12-21
CUST04165,Shreya Mishra,Female,51.0,Chandigarh,Chandigarh,2023-12-07
CUST04166,Rahul Choudhary,Female,56.0,Delhi,Delhi,2025-08-23
CUST04167,Amit Kumar,Female,24.0,Mumbai,Maharashtra,2024-04-09
CUST04168,Shreya Sinha,Male,57.0,Bhubaneswar,Odisha,2023-02-26
CUST04169,Rahul Mehta,Male,61.0,Chandigarh,Chandigarh,2023-11-13
CUST04170,Vikram Roy,Female,25.0,Noida,Uttar Pradesh,2025-02-25
CUST04171,Riya Patel,Male,20.0,Nagpur,Maharashtra,2024-02-10
CUST04172,Shreya Shah,Male,18.0,Guwahati,Assam,2025-05-08
CUST04173,Shreya Sharma,Female,40.0,Kolkata,West Bengal,2024-08-10
CUST04174,Aditi Sharma,Male,59.0,Guwahati,Assam,2025-10-22
CUST04175,Rohan Choudhary,Male,31.0,Jaipur,Rajasthan,2024-08-23
CUST04176,Priya Shah,Male,43.0,Ranchi,Jharkhand,2024-01-17
CUST04177,Karan Yadav,Female,53.0,Surat,Gujarat,2023-03-19
CUST04178,Vikram Das,Female,19.0,Bhopal,Madhya Pradesh,2025-07-22
CUST04179,Pooja Kumar,Female,57.0,Ranchi,Jharkhand,2025-06-25
CUST04180,Sanjay Shah,Female,62.0,Hyderabad,Telangana,2024-05-18
CUST04181,Aditya Sharma,Male,44.0,Chennai,Tamil Nadu,2023-07-03
CUST04182,Karan Kumar,Male,48.0,Lucknow,Uttar Pradesh,2023-10-25
CUST04183,Rohan Patel,Male,59.0,Delhi,Delhi,2024-03-21
CUST04184,Priya Gupta,Male,62.0,Indore,Madhya Pradesh,2024-06-12
CUST04185,Sanjay Singh,Female,52.0,Hyderabad,Telangana,2024-03-30
CUST04186,Arjun Verma,Male,18.0,Lucknow,Uttar Pradesh,2025-10-27
CUST04187,Kavya Yadav,Male,18.0,Lucknow,Uttar Pradesh,2023-08-08
CUST04188,Aditi Singh,Male,41.0,Patna,Bihar,2024-04-13
CUST04189,Riya Sinha,Female,63.0,Bengaluru,Karnataka,2025-02-11
CUST04190,Neha Das,Male,32.0,Nagpur,Maharashtra,2025-03-05
CUST04191,Sneha Gupta,Male,23.0,Noida,Uttar Pradesh,2024-11-06
CUST04192,Aarav Shah,Male,35.0,Delhi,Delhi,2024-10-29
CUST04193,Vikram Choudhary,Male,49.0,Chandigarh,Chandigarh,2025-05-11
CUST04194,Ananya Patel,Female,33.0,Indore,Madhya Pradesh,2025-05-19
CUST04195,Aditya Sinha,Male,26.0,Nagpur,Maharashtra,2024-11-21
CUST04196,Amit Mehta,Female,39.0,Nagpur,Maharashtra,2023-06-06
CUST04197,Sneha Yadav,Female,54.0,Hyderabad,Telangana,2023-10-02
CUST04198,Ananya Patel,Female,34.0,Chandigarh,Chandigarh,2025-11-03
CUST04199,Aditi Choudhary,Female,28.0,Chennai,Tamil Nadu,2025-02-09
CUST04200,Aarav Singh,Female,36.0,Ahmedabad,Gujarat,2025-02-24
CUST04201,Vikram Das,Female,47.0,Bhubaneswar,Odisha,2025-01-27
CUST04202,Pooja Kumar,Female,24.0,Chennai,Tamil Nadu,2023-03-17
CUST04203,Rohan Sharma,Female,25.0,Delhi,Delhi,2025-08-01
CUST04204,Vikram Choudhary,Female,52.0,Bhopal,Madhya Pradesh,2025-02-25
CUST04205,Aditi Verma,Male,49.0,Ahmedabad,Gujarat,2025-09-12
CUST04206,Sneha Mishra,Male,29.0,Patna,Bihar,2024-09-20
CUST04207,Arjun Shah,Female,50.0,Guwahati,Assam,2024-08-30
CUST04208,Priya Das,Male,28.0,Patna,Bihar,2025-07-29
CUST04209,Aditya Gupta,Female,61.0,Surat,Gujarat,2023-12-20
CUST04210,Rahul Mehta,Female,29.0,Indore,Madhya Pradesh,2025-04-04
CUST04211,Neha Sharma,Female,44.0,Nagpur,Maharashtra,2025-11-23
CUST04212,Rahul Sharma,Female,59.0,Bhubaneswar,Odisha,2024-05-28
CUST04213,Rahul Roy,Male,63.0,Ranchi,Jharkhand,2024-02-28
CUST04214,Rohan Sinha,Female,48.0,Pune,Maharashtra,2024-11-23
CUST04215,Pooja Yadav,Male,31.0,Bhubaneswar,Odisha,2023-10-11
CUST04216,Nikhil Shah,Female,56.0,Indore,Madhya Pradesh,2025-06-02
CUST04217,Aarav Choudhary,Female,51.0,Mumbai,Maharashtra,2025-04-12
CUST04218,Sanjay Jha,Male,29.0,Indore,Madhya Pradesh,2025-03-16
CUST04219,Pooja Choudhary,Male,34.0,Mumbai,Maharashtra,2024-11-16
CUST04220,Aarav Jha,Male,48.0,Delhi,Delhi,2024-12-11
CUST04221,Arjun Mehta,Female,56.0,Pune,Maharashtra,2025-05-06
CUST04222,Vikram Choudhary,Male,38.0,Guwahati,Assam,2025-05-28
CUST04223,Kavya Roy,Male,65.0,Pune,Maharashtra,2024-10-20
CUST04224,Meera Mehta,Female,49.0,Chandigarh,Chandigarh,2025-10-21
CUST04225,Vikram Singh,Female,22.0,Patna,Bihar,2024-12-06
CUST04226,Sneha Shah,Female,27.0,Surat,Gujarat,2023-02-26
CUST04227,Rohan Shah,Female,65.0,Kolkata,West Bengal,2025-09-03
CUST04228,Rohan Singh,Male,63.0,Chennai,Tamil Nadu,2025-07-21
CUST04229,Rahul Roy,Male,24.0,Kolkata,West Bengal,2023-12-26
CUST04230,Pooja Jha,Female,45.0,Bengaluru,Karnataka,2025-08-09
CUST04231,Riya Kumar,Female,28.0,Noida,Uttar Pradesh,2023-09-05
CUST04232,Priya Yadav,Female,25.0,Mumbai,Maharashtra,2024-08-26
CUST04233,Shreya Das,Male,20.0,Lucknow,Uttar Pradesh,2024-07-03
CUST04234,Ananya Shah,Female,55.0,Bhopal,Madhya Pradesh,2023-12-26
CUST04235,Sanjay Shah,Male,29.0,Delhi,Delhi,2024-02-29
CUST04236,Kavya Yadav,Male,24.0,Delhi,Delhi,2024-01-05
CUST04237,Karan Gupta,Female,22.0,Jaipur,Rajasthan,2024-01-13
CUST04238,Shreya Sharma,Male,46.0,Mumbai,Maharashtra,2025-05-14
CUST04239,Rohan Choudhary,Male,43.0,Guwahati,Assam,2023-02-09
CUST04240,Aditi Mehta,Female,61.0,Pune,Maharashtra,2025-07-01
CUST04241,Neha Yadav,Male,31.0,Delhi,Delhi,2023-03-09
CUST04242,Amit Singh,Female,35.0,Kolkata,West Bengal,2025-04-26
CUST04243,Ananya Shah,Female,28.0,Ranchi,Jharkhand,2024-04-03
CUST04244,Amit Das,Male,53.0,Surat,Gujarat,2024-07-24
CUST04245,Sanjay Sharma,Female,38.0,Delhi,Delhi,2024-03-31
CUST04246,Priya Mehta,Female,57.0,Jaipur,Rajasthan,2023-05-05
CUST04247,Ananya Sinha,Male,65.0,Noida,Uttar Pradesh,2024-10-27
CUST04248,Rahul Roy,Male,49.0,Noida,Uttar Pradesh,2024-04-05
CUST04249,Priya Mehta,Male,42.0,Kolkata,West Bengal,2023-06-28
CUST04250,Aditi Gupta,Female,21.0,Ahmedabad,Gujarat,2024-12-13
CUST04251,Kavya Roy,Female,59.0,Chennai,Tamil Nadu,2025-05-31
CUST04252,Amit Shah,Male,53.0,Patna,Bihar,2023-12-18
CUST04253,Rohan Yadav,Female,34.0,Lucknow,Uttar Pradesh,2024-12-29
CUST04254,Aarav Roy,Male,50.0,Noida,Uttar Pradesh,2025-02-04
CUST04255,Neha Shah,Male,44.0,Nagpur,Maharashtra,2025-06-09
CUST04256,Kavya Shah,Male,28.0,Chandigarh,Chandigarh,2025-01-14
CUST04257,Ananya Yadav,Male,56.0,Mumbai,Maharashtra,2023-01-21
CUST04258,Priya Choudhary,Male,41.0,Mumbai,Maharashtra,2023-12-06
CUST04259,Meera Sharma,Female,34.0,Lucknow,Uttar Pradesh,2024-05-02
CUST04260,Sanjay Verma,Male,28.0,Nagpur,Maharashtra,2023-03-12
CUST04261,Sneha Verma,Male,18.0,Bhopal,Madhya Pradesh,2024-01-30
CUST04262,Pooja Kumar,Male,27.0,Kolkata,West Bengal,2024-05-16
CUST04263,Pooja Shah,Male,25.0,Bhopal,Madhya Pradesh,2024-11-09
CUST04264,Aditya Gupta,Female,63.0,Noida,Uttar Pradesh,2024-04-08
CUST04265,Karan Yadav,Female,62.0,Mumbai,Maharashtra,2024-04-07
CUST04266,Sneha Verma,Male,36.0,Pune,Maharashtra,2024-02-01
CUST04267,Priya Yadav,Female,26.0,Ahmedabad,Gujarat,2025-03-18
CUST04268,Pooja Yadav,Male,25.0,Delhi,Delhi,2023-02-24
CUST04269,Vikram Kumar,Male,55.0,Chennai,Tamil Nadu,2024-07-05
CUST04270,Aditya Choudhary,Female,38.0,Mumbai,Maharashtra,2025-06-28
CUST04271,Aditi Kumar,Male,33.0,Noida,Uttar Pradesh,2023-10-02
CUST04272,Rohan Kumar,Female,47.0,Chandigarh,Chandigarh,2025-04-02
CUST04273,Vikram Singh,Male,18.0,Lucknow,Uttar Pradesh,2025-01-31
CUST04274,Meera Choudhary,Female,59.0,Ranchi,Jharkhand,2024-01-09
CUST04275,Amit Patel,Male,55.0,Bengaluru,Karnataka,2024-02-21
CUST04276,Karan Roy,Male,62.0,Chennai,Tamil Nadu,2024-01-06
CUST04277,Riya Patel,Male,64.0,Ahmedabad,Gujarat,2023-07-24
CUST04278,Kavya Shah,Female,48.0,Ranchi,Jharkhand,2023-09-20
CUST04279,Nikhil Jha,Female,34.0,Patna,Bihar,2023-11-06
CUST04280,Rahul Sinha,Male,57.0,Ranchi,Jharkhand,2023-07-30
CUST04281,Amit Choudhary,Male,19.0,Bhubaneswar,Odisha,2023-09-04
CUST04282,Shreya Mehta,Female,38.0,Delhi,Delhi,2023-11-21
CUST04283,Aditi Verma,Male,63.0,Chennai,Tamil Nadu,2024-07-07
CUST04284,Pooja Sinha,Male,39.0,Hyderabad,Telangana,2023-05-09
CUST04285,Aditya Kumar,Female,31.0,Bhopal,Madhya Pradesh,2023-01-21
CUST04286,Sanjay Jha,Male,37.0,Chennai,Tamil Nadu,2023-07-25
CUST04287,Nikhil Shah,Female,49.0,Ahmedabad,Gujarat,2023-04-12
CUST04288,Rahul Gupta,Female,56.0,Surat,Gujarat,2025-08-02
CUST04289,Vikram Shah,Male,27.0,Chennai,Tamil Nadu,2025-02-05
CUST04290,Shreya Verma,Female,58.0,Bengaluru,Karnataka,2025-10-24
CUST04291,Sanjay Singh,Male,37.0,Patna,Bihar,2023-08-13
CUST04292,Riya Sharma,Female,49.0,Nagpur,Maharashtra,2025-09-16
CUST04293,Rohan Mehta,Male,28.0,Ranchi,Jharkhand,2024-02-11
CUST04294,Pooja Kumar,Female,57.0,Surat,Gujarat,2025-05-30
CUST04295,Aditya Roy,Female,45.0,Mumbai,Maharashtra,2023-12-06
CUST04296,Nikhil Patel,Female,65.0,Jaipur,Rajasthan,2023-04-28
CUST04297,Rohan Shah,Male,38.0,Indore,Madhya Pradesh,2025-12-22
CUST04298,Rahul Das,Male,19.0,Bhubaneswar,Odisha,2025-09-05
CUST04299,Karan Roy,Male,60.0,Indore,Madhya Pradesh,2024-06-29
CUST04300,Pooja Gupta,Male,58.0,Surat,Gujarat,2023-12-11
CUST04301,Arjun Choudhary,Female,28.0,Patna,Bihar,2025-02-03
CUST04302,Priya Singh,Female,18.0,Nagpur,Maharashtra,2023-11-22
CUST04303,Priya Patel,Female,28.0,Hyderabad,Telangana,2025-12-28
CUST04304,Priya Mishra,Female,30.0,Lucknow,Uttar Pradesh,2025-07-04
CUST04305,Priya Jha,Male,23.0,Surat,Gujarat,2024-05-30
CUST04306,Sneha Mehta,Female,23.0,Kolkata,West Bengal,2023-11-29
CUST04307,Meera Sharma,Male,56.0,Lucknow,Uttar Pradesh,2023-12-25
CUST04308,Priya Shah,Female,20.0,Bhubaneswar,Odisha,2025-03-18
CUST04309,Karan Sharma,Female,39.0,Chennai,Tamil Nadu,2025-04-19
CUST04310,Kavya Verma,Male,22.0,Mumbai,Maharashtra,2025-01-09
CUST04311,Aditi Sharma,Male,57.0,Chandigarh,Chandigarh,2024-08-06
CUST04312,Arjun Yadav,Male,33.0,Bengaluru,Karnataka,2023-04-13
CUST04313,Shreya Yadav,Male,26.0,Bhopal,Madhya Pradesh,2024-02-16
CUST04314,Amit Kumar,Male,55.0,Kolkata,West Bengal,2024-09-02
CUST04315,Aarav Sinha,Male,44.0,Ahmedabad,Gujarat,2025-02-21
CUST04316,Rahul Roy,Female,,Delhi,Delhi,2025-12-19
CUST04317,Karan Gupta,Female,25.0,Mumbai,Maharashtra,2024-10-18
CUST04318,Riya Das,Male,43.0,Bhubaneswar,Odisha,2023-04-23
CUST04319,Nikhil Sinha,Female,18.0,Lucknow,Uttar Pradesh,2024-03-23
CUST04320,Sneha Roy,Male,30.0,Delhi,Delhi,2024-10-28
CUST04321,Arjun Roy,Female,60.0,Jaipur,Rajasthan,2025-05-17
CUST04322,Ananya Verma,Male,44.0,Chennai,Tamil Nadu,2024-04-01
CUST04323,Meera Gupta,Female,63.0,Hyderabad,Telangana,2023-01-26
CUST04324,Neha Singh,Male,63.0,Bengaluru,Karnataka,2025-06-10
CUST04325,Pooja Gupta,Female,25.0,Hyderabad,Telangana,2025-03-07
CUST04326,Priya Roy,Female,60.0,Pune,Maharashtra,2025-07-30
CUST04327,Pooja Roy,Female,20.0,Ranchi,Jharkhand,2025-12-07
CUST04328,Vikram Yadav,Female,29.0,Bhubaneswar,Odisha,2024-03-02
CUST04329,Vikram Mehta,Female,22.0,Noida,Uttar Pradesh,2023-04-03
CUST04330,Aditya Kumar,Female,19.0,Chandigarh,Chandigarh,2024-11-02
CUST04331,Meera Yadav,Male,29.0,Bengaluru,Karnataka,2025-10-09
CUST04332,Aditi Mehta,Male,36.0,Lucknow,Uttar Pradesh,2024-01-10
CUST04333,Amit Gupta,Female,35.0,Nagpur,Maharashtra,2024-03-24
CUST04334,Priya Verma,Female,40.0,Bengaluru,Karnataka,2025-10-13
CUST04335,Rohan Mishra,Female,54.0,Bhubaneswar,Odisha,2024-11-17
CUST04336,Sanjay Choudhary,Male,28.0,Jaipur,Rajasthan,2025-07-07
CUST04337,Shreya Patel,Male,42.0,Bhopal,Madhya Pradesh,2024-08-23
CUST04338,Shreya Yadav,Male,35.0,Chennai,Tamil Nadu,2025-05-06
CUST04339,Rohan Mishra,Female,64.0,Guwahati,Assam,2023-12-21
CUST04340,Aarav Sharma,Female,32.0,Jaipur,Rajasthan,2023-05-10
CUST04341,Aditya Roy,Female,29.0,Indore,Madhya Pradesh,2024-11-21
CUST04342,Vikram Verma,Female,55.0,Bengaluru,Karnataka,2025-03-11
CUST04343,Aditi Yadav,Male,48.0,Noida,Uttar Pradesh,2023-02-02
CUST04344,Vikram Jha,Female,21.0,Nagpur,Maharashtra,2023-06-09
CUST04345,Kavya Sinha,Male,36.0,Lucknow,Uttar Pradesh,2025-09-27
CUST04346,Nikhil Mehta,Female,35.0,Ahmedabad,Gujarat,2025-07-22
CUST04347,Aditi Das,Female,23.0,Pune,Maharashtra,2025-07-25
CUST04348,Pooja Mehta,Female,34.0,Nagpur,Maharashtra,2025-07-13
CUST04349,Rahul Jha,Female,32.0,Bhubaneswar,Odisha,2025-08-15
CUST04350,Pooja Jha,Female,62.0,Ranchi,Jharkhand,2023-05-18
CUST04351,Pooja Shah,Male,21.0,Bengaluru,Karnataka,2025-11-29
CUST04352,Riya Mehta,Male,54.0,Chennai,Tamil Nadu,2025-07-16
CUST04353,Nikhil Gupta,Female,20.0,Hyderabad,Telangana,2023-01-23
CUST04354,Aarav Gupta,Male,41.0,Guwahati,Assam,2025-02-27
CUST04355,Aditi Patel,Male,32.0,Bhubaneswar,Odisha,2025-05-27
CUST04356,Vikram Mehta,Female,55.0,Ahmedabad,Gujarat,2025-06-28
CUST04357,Rohan Sharma,Female,48.0,Indore,Madhya Pradesh,2024-05-18
CUST04358,Aarav Shah,Female,48.0,Guwahati,Assam,2024-03-08
CUST04359,Priya Sinha,Male,44.0,Hyderabad,Telangana,2023-10-05
CUST04360,Sanjay Jha,Female,23.0,Bhubaneswar,Odisha,2025-08-31
CUST04361,Nikhil Roy,Female,39.0,Noida,Uttar Pradesh,2023-02-03
CUST04362,Aditya Jha,Male,42.0,Pune,Maharashtra,2025-10-25
CUST04363,Sanjay Das,Male,37.0,Chandigarh,Chandigarh,2024-02-25
CUST04364,Meera Shah,Female,43.0,Kolkata,West Bengal,2025-11-20
CUST04365,Aditya Shah,Male,60.0,Delhi,Delhi,2024-10-06
CUST04366,Rahul Shah,Male,62.0,Lucknow,Uttar Pradesh,2023-10-10
CUST04367,Vikram Jha,Female,62.0,Guwahati,Assam,2023-05-01
CUST04368,Amit Sharma,Female,43.0,Bengaluru,Karnataka,2025-04-02
CUST04369,Aditi Choudhary,Male,43.0,Pune,Maharashtra,2024-01-18
CUST04370,Riya Verma,Male,50.0,Kolkata,West Bengal,2023-01-31
CUST04371,Sanjay Shah,Male,49.0,Noida,Uttar Pradesh,2023-06-14
CUST04372,Kavya Sinha,Female,31.0,Hyderabad,Telangana,2023-11-12
CUST04373,Arjun Roy,Male,52.0,Ahmedabad,Gujarat,2025-08-07
CUST04374,Meera Gupta,Male,43.0,Bhubaneswar,Odisha,2024-09-22
CUST04375,Priya Sharma,Male,63.0,Surat,Gujarat,2024-08-20
CUST04376,Arjun Jha,Male,38.0,Surat,Gujarat,2024-04-25
CUST04377,Ananya Gupta,Female,54.0,Lucknow,Uttar Pradesh,2023-02-09
CUST04378,Amit Sharma,Female,56.0,Noida,Uttar Pradesh,2025-05-07
CUST04379,Meera Patel,Female,30.0,Kolkata,West Bengal,2023-05-11
CUST04380,Vikram Yadav,Male,35.0,Delhi,Delhi,2025-01-23
CUST04381,Vikram Jha,Male,21.0,Ahmedabad,Gujarat,2025-11-15
CUST04382,Amit Sinha,Male,44.0,Chennai,Tamil Nadu,2023-06-04
CUST04383,Aarav Das,Female,59.0,Chandigarh,Chandigarh,2025-10-25
CUST04384,Ananya Patel,Male,24.0,Jaipur,Rajasthan,2024-03-30
CUST04385,Sanjay Mehta,Male,59.0,Ranchi,Jharkhand,2024-06-01
CUST04386,Aditya Sharma,Male,46.0,Indore,Madhya Pradesh,2023-07-10
CUST04387,Riya Sharma,Male,44.0,Mumbai,Maharashtra,2023-08-23
CUST04388,Amit Mehta,Male,31.0,Lucknow,Uttar Pradesh,2023-03-29
CUST04389,Shreya Sharma,Male,47.0,Delhi,Delhi,2025-11-16
CUST04390,Rahul Mishra,Male,56.0,Kolkata,West Bengal,2025-04-03
CUST04391,Neha Shah,Female,51.0,Bhubaneswar,Odisha,2023-12-23
CUST04392,Aarav Roy,Male,51.0,Patna,Bihar,2023-03-03
CUST04393,Sanjay Singh,Female,58.0,Indore,Madhya Pradesh,2024-11-25
CUST04394,Arjun Das,Male,45.0,Jaipur,Rajasthan,2023-07-01
CUST04395,Meera Mehta,Female,25.0,Surat,Gujarat,2023-08-19
CUST04396,Karan Das,Male,18.0,Kolkata,West Bengal,2025-08-25
CUST04397,Nikhil Singh,Male,33.0,Nagpur,Maharashtra,2023-03-09
CUST04398,Amit Sharma,Male,44.0,Noida,Uttar Pradesh,2023-09-03
CUST04399,Vikram Gupta,Male,38.0,Pune,Maharashtra,2024-06-25
CUST04400,Priya Jha,Female,39.0,Noida,Uttar Pradesh,2025-02-20
CUST04401,Aarav Kumar,Male,18.0,Indore,Madhya Pradesh,2025-09-19
CUST04402,Neha Singh,Female,31.0,Lucknow,Uttar Pradesh,2023-10-20
CUST04403,Sanjay Kumar,Male,32.0,Bhubaneswar,Odisha,2023-02-08
CUST04404,Sneha Sharma,Male,53.0,Guwahati,Assam,2025-01-15
CUST04405,Karan Shah,Male,33.0,Jaipur,Rajasthan,2025-07-13
CUST04406,Amit Sharma,Male,36.0,Noida,Uttar Pradesh,2025-02-10
CUST04407,Aditya Singh,Female,20.0,Ahmedabad,Gujarat,2025-02-07
CUST04408,Sneha Sinha,Female,34.0,Bhopal,Madhya Pradesh,2024-12-27
CUST04409,Shreya Shah,Female,41.0,Indore,Madhya Pradesh,2023-06-12
CUST04410,Sneha Shah,Female,62.0,Jaipur,Rajasthan,2023-02-03
CUST04411,Shreya Singh,Male,40.0,Jaipur,Rajasthan,2025-11-10
CUST04412,Riya Verma,Female,35.0,Surat,Gujarat,2025-07-14
CUST04413,Rahul Verma,Male,32.0,Ranchi,Jharkhand,2025-04-21
CUST04414,Karan Das,Female,56.0,Bhubaneswar,Odisha,2023-03-20
CUST04415,Kavya Gupta,Male,26.0,Noida,Uttar Pradesh,2025-12-19
CUST04416,Sanjay Shah,Female,60.0,Bhopal,Madhya Pradesh,2024-09-27
CUST04417,Aditi Gupta,Male,56.0,Kolkata,West Bengal,2023-10-04
CUST04418,Priya Singh,Female,54.0,Indore,Madhya Pradesh,2025-03-03
CUST04419,Aarav Das,Female,43.0,Noida,Uttar Pradesh,2023-09-21
CUST04420,Sanjay Yadav,Female,29.0,Bengaluru,Karnataka,2025-07-18
CUST04421,Karan Yadav,Male,55.0,Pune,Maharashtra,2024-12-07
CUST04422,Rohan Patel,Female,43.0,Noida,Uttar Pradesh,2024-05-22
CUST04423,Amit Sinha,Female,46.0,Nagpur,Maharashtra,2025-11-20
CUST04424,Pooja Mehta,Female,18.0,Noida,Uttar Pradesh,2024-01-19
CUST04425,Sneha Gupta,Male,21.0,Lucknow,Uttar Pradesh,2023-09-06
CUST04426,Meera Shah,Male,24.0,Indore,Madhya Pradesh,2024-05-30
CUST04427,Meera Mishra,Male,56.0,Patna,Bihar,2024-02-14
CUST04428,Rahul Das,Male,19.0,Bengaluru,Karnataka,2023-11-13
CUST04429,Neha Gupta,Male,59.0,Delhi,Delhi,2023-05-17
CUST04430,Rahul Shah,Male,37.0,Guwahati,Assam,2025-03-27
CUST04431,Neha Sinha,Male,31.0,Ahmedabad,Gujarat,2023-03-11
CUST04432,Aarav Verma,Female,38.0,Lucknow,Uttar Pradesh,2023-08-31
CUST04433,Rahul Sharma,Female,59.0,Chennai,Tamil Nadu,2025-08-20
CUST04434,Neha Singh,Male,36.0,Patna,Bihar,2025-02-24
CUST04435,Meera Sinha,Male,21.0,Delhi,Delhi,2024-11-05
CUST04436,Sneha Patel,Male,19.0,Indore,Madhya Pradesh,2024-01-10
CUST04437,Kavya Das,Male,57.0,Surat,Gujarat,2025-09-19
CUST04438,Rahul Mehta,Male,59.0,Jaipur,Rajasthan,2025-03-31
CUST04439,Shreya Singh,Male,23.0,Bhopal,Madhya Pradesh,2025-04-03
CUST04440,Sneha Jha,Male,46.0,Chandigarh,Chandigarh,2025-01-16
CUST04441,Kavya Kumar,Female,54.0,Noida,Uttar Pradesh,2025-04-16
CUST04442,Rahul Choudhary,Female,18.0,Patna,Bihar,2025-09-10
CUST04443,Neha Roy,Female,25.0,Lucknow,Uttar Pradesh,2024-05-22
CUST04444,Sneha Kumar,Male,48.0,Kolkata,West Bengal,2024-10-13
CUST04445,Karan Kumar,Male,21.0,Noida,Uttar Pradesh,2024-10-08
CUST04446,Riya Verma,Male,22.0,Chandigarh,Chandigarh,2025-09-30
CUST04447,Aditi Verma,Female,23.0,Chandigarh,Chandigarh,2024-12-17
CUST04448,Aditi Singh,Female,57.0,Surat,Gujarat,2024-01-03
CUST04449,Sanjay Verma,Female,30.0,Surat,Gujarat,2023-05-26
CUST04450,Aditi Verma,Female,64.0,Pune,Maharashtra,2025-07-30
CUST04451,Neha Gupta,Female,36.0,Kolkata,West Bengal,2024-08-24
CUST04452,Vikram Roy,Female,19.0,Nagpur,Maharashtra,2023-01-01
CUST04453,Kavya Shah,Male,32.0,Guwahati,Assam,2025-12-30
CUST04454,Aarav Sinha,Female,44.0,Patna,Bihar,2023-05-15
CUST04455,Meera Kumar,Female,58.0,Patna,Bihar,2023-06-06
CUST04456,Arjun Roy,Male,60.0,Mumbai,Maharashtra,2025-01-01
CUST04457,Arjun Gupta,Female,42.0,Kolkata,West Bengal,2024-12-11
CUST04458,Aditi Yadav,Male,53.0,Pune,Maharashtra,2024-06-07
CUST04459,Aarav Patel,Female,52.0,Bhopal,Madhya Pradesh,2025-11-08
CUST04460,Aditya Mehta,Female,34.0,Bengaluru,Karnataka,2023-07-15
CUST04461,Pooja Verma,Male,43.0,Jaipur,Rajasthan,2025-03-14
CUST04462,Riya Sharma,Male,36.0,Mumbai,Maharashtra,2025-10-04
CUST04463,Aarav Sinha,Female,38.0,Delhi,Delhi,2024-05-18
CUST04464,Shreya Gupta,Male,33.0,Lucknow,Uttar Pradesh,2023-08-29
CUST04465,Priya Kumar,Male,61.0,Noida,Uttar Pradesh,2023-11-03
CUST04466,Karan Choudhary,Male,65.0,Pune,Maharashtra,2025-02-22
CUST04467,Nikhil Patel,Female,61.0,Mumbai,Maharashtra,2024-05-03
CUST04468,Amit Mishra,Male,27.0,Jaipur,Rajasthan,2023-02-13
CUST04469,Priya Yadav,Female,23.0,Ranchi,Jharkhand,2024-10-20
CUST04470,Kavya Sinha,Male,31.0,Ranchi,Jharkhand,2024-08-01
CUST04471,Kavya Singh,Male,21.0,Ahmedabad,Gujarat,2024-12-02
CUST04472,Neha Gupta,Male,50.0,Pune,Maharashtra,2025-08-17
CUST04473,Kavya Roy,Male,50.0,Indore,Madhya Pradesh,2023-04-20
CUST04474,Aditi Yadav,Male,20.0,Noida,Uttar Pradesh,2025-09-16
CUST04475,Shreya Shah,Female,32.0,Hyderabad,Telangana,2023-07-09
CUST04476,Rohan Jha,Male,42.0,Bengaluru,Karnataka,2023-07-08
CUST04477,Ananya Patel,Female,53.0,Ranchi,Jharkhand,2023-07-25
CUST04478,Aditya Singh,Female,33.0,Patna,Bihar,2023-04-07
CUST04479,Ananya Yadav,Female,20.0,Kolkata,West Bengal,2023-09-02
CUST04480,Priya Singh,Male,38.0,Lucknow,Uttar Pradesh,2025-07-20
CUST04481,Aarav Roy,Female,35.0,Ahmedabad,Gujarat,2025-08-21
CUST04482,Neha Roy,Male,52.0,Bhopal,Madhya Pradesh,2024-07-24
CUST04483,Arjun Roy,Male,36.0,Chennai,Tamil Nadu,2024-02-07
CUST04484,Meera Yadav,Female,64.0,Ranchi,Jharkhand,2023-05-31
CUST04485,Kavya Mehta,Female,42.0,Ahmedabad,Gujarat,2024-07-11
CUST04486,Kavya Singh,Male,38.0,Bhubaneswar,Odisha,2023-09-28
CUST04487,Aarav Patel,Male,18.0,Surat,Gujarat,2025-02-08
CUST04488,Arjun Sinha,Female,19.0,Chennai,Tamil Nadu,2025-02-26
CUST04489,Riya Shah,Female,18.0,Chennai,Tamil Nadu,2025-02-04
CUST04490,Nikhil Das,Male,39.0,Pune,Maharashtra,2025-03-06
CUST04491,Sneha Sharma,Female,43.0,Mumbai,Maharashtra,2025-03-16
CUST04492,Aarav Patel,Male,26.0,Ahmedabad,Gujarat,2025-06-07
CUST04493,Kavya Gupta,Male,57.0,Indore,Madhya Pradesh,2023-06-29
CUST04494,Aarav Shah,Male,55.0,Nagpur,Maharashtra,2023-09-05
CUST04495,Priya Sharma,Male,58.0,Mumbai,Maharashtra,2023-08-31
CUST04496,Pooja Singh,Male,56.0,Delhi,Delhi,2023-10-21
CUST04497,Priya Sinha,Male,47.0,Jaipur,Rajasthan,2024-11-25
CUST04498,Meera Patel,Male,25.0,Bhopal,Madhya Pradesh,2025-08-15
CUST04499,Karan Sharma,Male,57.0,Surat,Gujarat,2024-01-18
CUST04500,Aditi Singh,Female,40.0,Nagpur,Maharashtra,2025-05-31
CUST04501,Aditya Gupta,Female,58.0,Chandigarh,Chandigarh,2024-08-27
CUST04502,Aditi Patel,Female,65.0,Surat,Gujarat,2023-10-08
CUST04503,Neha Mehta,Female,32.0,Nagpur,Maharashtra,2024-07-30
CUST04504,Ananya Mishra,Male,58.0,Indore,Madhya Pradesh,2023-07-05
CUST04505,Shreya Yadav,Female,40.0,Nagpur,Maharashtra,2023-09-05
CUST04506,Rohan Gupta,Female,39.0,Bhopal,Madhya Pradesh,2025-12-20
CUST04507,Priya Shah,Male,56.0,Ranchi,Jharkhand,2025-04-11
CUST04508,Ananya Roy,Female,21.0,Bhopal,Madhya Pradesh,2023-11-02
CUST04509,Karan Sharma,Male,44.0,Patna,Bihar,2025-04-14
CUST04510,Rahul Gupta,Female,19.0,Hyderabad,Telangana,2025-05-10
CUST04511,Neha Roy,Male,44.0,Guwahati,Assam,2023-01-22
CUST04512,Rahul Verma,Female,22.0,Ranchi,Jharkhand,2023-02-02
CUST04513,Pooja Sharma,Male,41.0,Bhopal,Madhya Pradesh,2025-10-29
CUST04514,Arjun Roy,Male,61.0,Pune,Maharashtra,2023-01-09
CUST04515,Riya Choudhary,Male,38.0,Bengaluru,Karnataka,2025-05-16
CUST04516,Pooja Mishra,Female,54.0,Bhubaneswar,Odisha,2023-04-21
CUST04517,Rahul Singh,Female,37.0,Mumbai,Maharashtra,2025-02-03
CUST04518,Sneha Yadav,Female,37.0,Bengaluru,Karnataka,2024-03-04
CUST04519,Aditi Sinha,Female,34.0,Guwahati,Assam,2024-06-27
CUST04520,Ananya Jha,Female,62.0,Bhopal,Madhya Pradesh,2024-03-13
CUST04521,Aditya Sinha,Female,25.0,Guwahati,Assam,2023-04-22
CUST04522,Nikhil Jha,Female,45.0,Surat,Gujarat,2023-06-13
CUST04523,Sanjay Verma,Female,39.0,Lucknow,Uttar Pradesh,2025-04-08
CUST04524,Shreya Verma,Male,38.0,Ranchi,Jharkhand,2023-09-10
CUST04525,Vikram Jha,Female,43.0,Noida,Uttar Pradesh,2025-10-10
CUST04526,Pooja Jha,Female,21.0,Nagpur,Maharashtra,2023-01-15
CUST04527,Riya Shah,Female,64.0,Kolkata,West Bengal,2024-05-12
CUST04528,Sneha Shah,Male,59.0,Bengaluru,Karnataka,2024-06-27
CUST04529,Priya Sharma,Female,45.0,Hyderabad,Telangana,2024-01-16
CUST04530,Rohan Verma,Male,62.0,Chandigarh,Chandigarh,2024-05-10
CUST04531,Rohan Choudhary,Male,31.0,Noida,Uttar Pradesh,2025-09-08
CUST04532,Neha Gupta,Male,29.0,Surat,Gujarat,2025-04-09
CUST04533,Aditya Verma,Male,43.0,Nagpur,Maharashtra,2023-10-01
CUST04534,Meera Shah,Male,34.0,Guwahati,Assam,2025-02-09
CUST04535,Riya Mehta,Male,57.0,Kolkata,West Bengal,2025-06-18
CUST04536,Shreya Shah,Female,59.0,Kolkata,West Bengal,2024-04-03
CUST04537,Rahul Verma,Male,19.0,Chennai,Tamil Nadu,2023-04-06
CUST04538,Vikram Sinha,Male,22.0,Surat,Gujarat,2023-07-12
CUST04539,Sneha Choudhary,Male,51.0,Bhubaneswar,Odisha,2024-01-22
CUST04540,Rahul Verma,Female,49.0,Jaipur,Rajasthan,2024-08-23
CUST04541,Rahul Mehta,Male,61.0,Bengaluru,Karnataka,2025-12-11
CUST04542,Aditya Shah,Male,39.0,Chandigarh,Chandigarh,2024-11-09
CUST04543,Rahul Mehta,Female,21.0,Jaipur,Rajasthan,2024-12-01
CUST04544,Kavya Yadav,Male,30.0,Guwahati,Assam,2024-10-24
CUST04545,Ananya Sharma,Male,63.0,Nagpur,Maharashtra,2024-03-28
CUST04546,Sneha Verma,Male,29.0,Ranchi,Jharkhand,2024-08-05
CUST04547,Rahul Roy,Female,47.0,Bhubaneswar,Odisha,2023-11-05
CUST04548,Rohan Kumar,Female,64.0,Guwahati,Assam,2024-03-23
CUST04549,Karan Das,Female,64.0,Indore,Madhya Pradesh,2023-03-11
CUST04550,Amit Sharma,Male,53.0,Chandigarh,Chandigarh,2023-02-27
CUST04551,Sneha Das,Male,39.0,Bhopal,Madhya Pradesh,2023-04-18
CUST04552,Priya Yadav,Female,26.0,Noida,Uttar Pradesh,2024-10-03
CUST04553,Aditi Jha,Female,63.0,Lucknow,Uttar Pradesh,2023-06-23
CUST04554,Rahul Mehta,Female,35.0,Lucknow,Uttar Pradesh,2023-04-20
CUST04555,Riya Choudhary,Female,50.0,Delhi,Delhi,2025-06-08
CUST04556,Amit Das,Male,41.0,Kolkata,West Bengal,2025-05-26
CUST04557,Kavya Shah,Male,18.0,Surat,Gujarat,2023-01-05
CUST04558,Karan Verma,Female,58.0,Mumbai,Maharashtra,2024-05-16
CUST04559,Kavya Sinha,Male,36.0,Ranchi,Jharkhand,2024-06-21
CUST04560,Vikram Patel,Female,59.0,Surat,Gujarat,2025-07-06
CUST04561,Ananya Mishra,Male,55.0,Surat,Gujarat,2024-03-03
CUST04562,Sanjay Shah,Female,56.0,Surat,Gujarat,2025-09-19
CUST04563,Meera Mehta,Female,20.0,Bengaluru,Karnataka,2024-06-11
CUST04564,Aditya Sharma,Female,56.0,Surat,Gujarat,2024-10-07
CUST04565,Kavya Choudhary,Female,36.0,Pune,Maharashtra,2023-10-20
CUST04566,Rahul Sinha,Male,55.0,Pune,Maharashtra,2023-09-19
CUST04567,Ananya Singh,Male,28.0,Jaipur,Rajasthan,2025-02-19
CUST04568,Arjun Jha,Male,39.0,Nagpur,Maharashtra,2025-12-28
CUST04569,Shreya Mehta,Female,32.0,Noida,Uttar Pradesh,2024-08-13
CUST04570,Aarav Sinha,Male,29.0,Jaipur,Rajasthan,2023-02-03
CUST04571,Priya Singh,Male,55.0,Guwahati,Assam,2025-06-13
CUST04572,Riya Gupta,Male,58.0,Indore,Madhya Pradesh,2024-09-14
CUST04573,Karan Sinha,Female,65.0,Kolkata,West Bengal,2024-11-29
CUST04574,Arjun Shah,Male,26.0,Indore,Madhya Pradesh,2025-10-03
CUST04575,Nikhil Jha,Female,21.0,Pune,Maharashtra,2025-07-11
CUST04576,Arjun Das,Male,42.0,Patna,Bihar,2024-08-17
CUST04577,Vikram Yadav,Female,43.0,Bengaluru,Karnataka,2024-02-14
CUST04578,Sanjay Yadav,Female,43.0,Lucknow,Uttar Pradesh,2025-08-15
CUST04579,Nikhil Das,Female,57.0,Delhi,Delhi,2024-10-26
CUST04580,Rohan Mehta,Male,18.0,Jaipur,Rajasthan,2025-03-03
CUST04581,Rahul Verma,Female,25.0,Noida,Uttar Pradesh,2025-06-29
CUST04582,Sanjay Mehta,Male,44.0,Mumbai,Maharashtra,2023-05-02
CUST04583,Karan Singh,Male,24.0,Bengaluru,Karnataka,2025-02-25
CUST04584,Pooja Mehta,Female,64.0,Bhubaneswar,Odisha,2024-10-22
CUST04585,Kavya Gupta,Female,49.0,Guwahati,Assam,2025-11-03
CUST04586,Aditya Patel,Female,49.0,Indore,Madhya Pradesh,2025-03-27
CUST04587,Priya Gupta,Female,45.0,Bhopal,Madhya Pradesh,2023-07-24
CUST04588,Aarav Sharma,Female,51.0,Jaipur,Rajasthan,2023-01-12
CUST04589,Nikhil Choudhary,Female,51.0,Guwahati,Assam,2024-11-22
CUST04590,Aditi Patel,Male,44.0,Chennai,Tamil Nadu,2024-08-19
CUST04591,Vikram Patel,Male,27.0,Ranchi,Jharkhand,2024-12-23
CUST04592,Neha Gupta,Male,50.0,Kolkata,West Bengal,2024-06-09
CUST04593,Neha Sharma,Male,30.0,Surat,Gujarat,2025-08-25
CUST04594,Kavya Mehta,Female,19.0,Pune,Maharashtra,2025-12-19
CUST04595,Aditya Shah,Female,20.0,Indore,Madhya Pradesh,2024-04-22
CUST04596,Aarav Verma,Female,30.0,Bengaluru,Karnataka,2025-07-15
CUST04597,Vikram Singh,Male,50.0,Mumbai,Maharashtra,2024-09-02
CUST04598,Priya Sharma,Female,64.0,Bhubaneswar,Odisha,2023-05-05
CUST04599,Sneha Sharma,Female,65.0,Mumbai,Maharashtra,2025-12-31
CUST04600,Vikram Jha,Male,55.0,Bengaluru,Karnataka,2024-03-11
CUST04601,Meera Roy,Female,54.0,Bhubaneswar,Odisha,2023-05-16
CUST04602,Vikram Patel,Male,53.0,Chandigarh,Chandigarh,2023-10-04
CUST04603,Rohan Patel,Female,57.0,Jaipur,Rajasthan,2023-08-13
CUST04604,Aarav Gupta,Female,20.0,Jaipur,Rajasthan,2025-12-14
CUST04605,Pooja Choudhary,Female,62.0,Guwahati,Assam,2024-02-24
CUST04606,Nikhil Sharma,Female,49.0,Chandigarh,Chandigarh,2024-09-04
CUST04607,Aarav Mehta,Female,55.0,Ahmedabad,Gujarat,2024-05-29
CUST04608,Rahul Jha,Female,18.0,Nagpur,Maharashtra,2023-04-03
CUST04609,Vikram Singh,Male,32.0,Kolkata,West Bengal,2024-05-28
CUST04610,Nikhil Yadav,Male,39.0,Bengaluru,Karnataka,2024-12-25
CUST04611,Meera Shah,Male,47.0,Indore,Madhya Pradesh,2024-07-28
CUST04612,Rahul Sharma,Male,24.0,Pune,Maharashtra,2024-10-01
CUST04613,Amit Roy,Female,52.0,Surat,Gujarat,2025-06-20
CUST04614,Pooja Yadav,Female,25.0,Bhubaneswar,Odisha,2025-07-31
CUST04615,Nikhil Mehta,Female,65.0,Lucknow,Uttar Pradesh,2023-05-17
CUST04616,Priya Verma,Male,50.0,Jaipur,Rajasthan,2025-12-06
CUST04617,Meera Patel,Female,62.0,Indore,Madhya Pradesh,2023-09-22
CUST04618,Ananya Yadav,Female,28.0,Indore,Madhya Pradesh,2024-07-20
CUST04619,Priya Mehta,Female,19.0,Ahmedabad,Gujarat,2024-03-26
CUST04620,Meera Choudhary,Female,28.0,Bhopal,Madhya Pradesh,2025-02-10
CUST04621,Riya Gupta,Male,24.0,Guwahati,Assam,2025-05-10
CUST04622,Aarav Das,Female,29.0,Guwahati,Assam,2024-01-30
CUST04623,Arjun Patel,Male,51.0,Surat,Gujarat,2024-03-13
CUST04624,Shreya Mishra,Male,36.0,Bengaluru,Karnataka,2025-08-17
CUST04625,Pooja Shah,Female,54.0,Chennai,Tamil Nadu,2025-02-20
CUST04626,Meera Mishra,Male,44.0,Lucknow,Uttar Pradesh,2025-04-28
CUST04627,Rahul Roy,Male,32.0,Chennai,Tamil Nadu,2024-04-27
CUST04628,Amit Yadav,Male,27.0,Chandigarh,Chandigarh,2023-09-01
CUST04629,Riya Jha,Male,20.0,Kolkata,West Bengal,2024-04-11
CUST04630,Vikram Shah,Female,21.0,Bhubaneswar,Odisha,2024-10-09
CUST04631,Amit Roy,Female,63.0,Nagpur,Maharashtra,2024-07-28
CUST04632,Amit Das,Female,38.0,Jaipur,Rajasthan,2023-05-25
CUST04633,Sanjay Mishra,Male,52.0,Patna,Bihar,2024-02-19
CUST04634,Amit Sinha,Male,47.0,Nagpur,Maharashtra,2023-03-23
CUST04635,Pooja Yadav,Male,38.0,Indore,Madhya Pradesh,2023-05-16
CUST04636,Shreya Yadav,Female,,Chandigarh,Chandigarh,2023-04-29
CUST04637,Priya Das,Male,50.0,Indore,Madhya Pradesh,2025-03-10
CUST04638,Amit Das,Male,51.0,Jaipur,Rajasthan,2025-11-14
CUST04639,Aarav Jha,Female,43.0,Delhi,Delhi,2023-11-15
CUST04640,Sneha Yadav,Female,61.0,Bengaluru,Karnataka,2023-11-06
CUST04641,Ananya Mehta,Male,58.0,Hyderabad,Telangana,2024-01-05
CUST04642,Shreya Mehta,Male,27.0,Patna,Bihar,2023-06-30
CUST04643,Karan Shah,Male,50.0,Surat,Gujarat,2025-12-07
CUST04644,Riya Sharma,Female,42.0,Chennai,Tamil Nadu,2023-02-24
CUST04645,Ananya Sharma,Female,55.0,Noida,Uttar Pradesh,2023-03-17
CUST04646,Riya Choudhary,Male,55.0,Chennai,Tamil Nadu,2024-03-25
CUST04647,Karan Mishra,Male,32.0,Nagpur,Maharashtra,2023-10-22
CUST04648,Kavya Jha,Female,56.0,Jaipur,Rajasthan,2025-11-13
CUST04649,Sneha Sinha,Female,20.0,Guwahati,Assam,2023-04-05
CUST04650,Aditya Roy,Female,51.0,Bhubaneswar,Odisha,2025-10-02
CUST04651,Aditya Patel,Female,18.0,Ahmedabad,Gujarat,2024-01-27
CUST04652,Sneha Sinha,Male,28.0,Chandigarh,Chandigarh,2025-06-24
CUST04653,Aditya Patel,Female,58.0,Pune,Maharashtra,2023-07-25
CUST04654,Amit Jha,Male,40.0,Mumbai,Maharashtra,2024-10-13
CUST04655,Nikhil Roy,Male,51.0,Chennai,Tamil Nadu,2023-07-11
CUST04656,Vikram Sharma,Female,41.0,Jaipur,Rajasthan,2024-07-27
CUST04657,Ananya Kumar,Female,22.0,Indore,Madhya Pradesh,2024-03-04
CUST04658,Aditi Jha,Male,27.0,Lucknow,Uttar Pradesh,2025-09-16
CUST04659,Aditi Verma,Female,52.0,Ahmedabad,Gujarat,2024-10-22
CUST04660,Aditya Jha,Female,52.0,Guwahati,Assam,2023-08-22
CUST04661,Aditi Yadav,Female,46.0,Noida,Uttar Pradesh,2023-06-02
CUST04662,Shreya Sharma,Male,32.0,Noida,Uttar Pradesh,2025-07-03
CUST04663,Pooja Das,Female,34.0,Lucknow,Uttar Pradesh,2024-06-30
CUST04664,Sanjay Choudhary,Female,19.0,Bhubaneswar,Odisha,2025-08-26
CUST04665,Kavya Gupta,Male,22.0,Ahmedabad,Gujarat,2025-05-16
CUST04666,Rahul Yadav,Female,48.0,Bhubaneswar,Odisha,2024-03-22
CUST04667,Nikhil Jha,Male,25.0,Pune,Maharashtra,2025-10-18
CUST04668,Pooja Roy,Male,56.0,Bhopal,Madhya Pradesh,2025-10-17
CUST04669,Sneha Kumar,Female,53.0,Chennai,Tamil Nadu,2025-06-18
CUST04670,Rahul Yadav,Male,39.0,Pune,Maharashtra,2023-03-19
CUST04671,Neha Jha,Male,32.0,Nagpur,Maharashtra,2025-01-24
CUST04672,Neha Kumar,Female,65.0,Ahmedabad,Gujarat,2023-12-25
CUST04673,Shreya Patel,Female,52.0,Bhopal,Madhya Pradesh,2023-05-22
CUST04674,Karan Sharma,Female,31.0,Ahmedabad,Gujarat,2025-06-05
CUST04675,Karan Shah,Female,63.0,Lucknow,Uttar Pradesh,2024-08-20
CUST04676,Priya Sinha,Male,40.0,Jaipur,Rajasthan,2025-03-07
CUST04677,Shreya Gupta,Male,58.0,Surat,Gujarat,2024-12-31
CUST04678,Meera Kumar,Female,22.0,Chandigarh,Chandigarh,2024-07-02
CUST04679,Aditya Sharma,Male,28.0,Guwahati,Assam,2023-01-07
CUST04680,Ananya Das,Male,59.0,Bengaluru,Karnataka,2025-11-17
CUST04681,Sneha Choudhary,Female,35.0,Lucknow,Uttar Pradesh,2023-07-22
CUST04682,Aditi Sinha,Female,53.0,Chandigarh,Chandigarh,2025-03-02
CUST04683,Amit Gupta,Male,65.0,Pune,Maharashtra,2025-09-24
CUST04684,Shreya Das,Female,60.0,Chennai,Tamil Nadu,2023-09-14
CUST04685,Aarav Choudhary,Male,,Ahmedabad,Gujarat,2024-02-17
CUST04686,Sanjay Sinha,Female,63.0,Bhopal,Madhya Pradesh,2023-03-02
CUST04687,Shreya Mehta,Male,44.0,Kolkata,West Bengal,2023-08-27
CUST04688,Amit Kumar,Female,44.0,Ranchi,Jharkhand,2025-07-15
CUST04689,Arjun Sharma,Male,38.0,Bhubaneswar,Odisha,2025-06-10
CUST04690,Vikram Singh,Male,26.0,Ranchi,Jharkhand,2024-05-07
CUST04691,Sneha Gupta,Male,22.0,Chennai,Tamil Nadu,2023-10-01
CUST04692,Kavya Mishra,Male,44.0,Pune,Maharashtra,2025-06-15
CUST04693,Meera Sinha,Male,24.0,Chandigarh,Chandigarh,2025-01-03
CUST04694,Meera Kumar,Female,27.0,Chandigarh,Chandigarh,2025-07-15
CUST04695,Karan Kumar,Female,36.0,Lucknow,Uttar Pradesh,2024-07-19
CUST04696,Rohan Verma,Female,22.0,Delhi,Delhi,2023-12-03
CUST04697,Karan Mehta,Female,45.0,Guwahati,Assam,2024-09-14
CUST04698,Karan Shah,Male,25.0,Lucknow,Uttar Pradesh,2023-10-14
CUST04699,Sneha Roy,Male,42.0,Nagpur,Maharashtra,2025-02-24
CUST04700,Sanjay Yadav,Female,65.0,Pune,Maharashtra,2023-05-17
CUST04701,Pooja Yadav,Male,58.0,Ranchi,Jharkhand,2024-11-16
CUST04702,Amit Das,Female,23.0,Kolkata,West Bengal,2025-09-22
CUST04703,Aarav Verma,Female,18.0,Lucknow,Uttar Pradesh,2023-04-03
CUST04704,Aditya Kumar,Male,35.0,Kolkata,West Bengal,2024-11-16
CUST04705,Shreya Das,Female,27.0,Lucknow,Uttar Pradesh,2024-06-07
CUST04706,Shreya Verma,Male,37.0,Kolkata,West Bengal,2025-12-28
CUST04707,Sneha Kumar,Female,41.0,Chandigarh,Chandigarh,2024-05-08
CUST04708,Arjun Patel,Female,36.0,Jaipur,Rajasthan,2025-02-13
CUST04709,Rahul Patel,Male,25.0,Surat,Gujarat,2024-02-10
CUST04710,Nikhil Mishra,Female,55.0,Jaipur,Rajasthan,2025-07-26
CUST04711,Arjun Singh,Male,36.0,Patna,Bihar,2024-03-13
CUST04712,Neha Verma,Female,49.0,Delhi,Delhi,2024-10-21
CUST04713,Ananya Mishra,Male,21.0,Bhubaneswar,Odisha,2025-05-20
CUST04714,Nikhil Sharma,Male,24.0,Indore,Madhya Pradesh,2025-02-04
CUST04715,Sneha Kumar,Female,31.0,Nagpur,Maharashtra,2025-09-10
CUST04716,Aditya Kumar,Male,34.0,Surat,Gujarat,2023-06-22
CUST04717,Riya Mishra,Female,28.0,Ahmedabad,Gujarat,2025-06-06
CUST04718,Riya Choudhary,Male,53.0,Hyderabad,Telangana,2023-01-31
CUST04719,Aditi Yadav,Female,58.0,Guwahati,Assam,2023-07-19
CUST04720,Kavya Gupta,Male,39.0,Indore,Madhya Pradesh,2024-10-17
CUST04721,Kavya Jha,Male,27.0,Guwahati,Assam,2023-04-19
CUST04722,Sneha Mehta,Male,41.0,Bhubaneswar,Odisha,2024-02-10
CUST04723,Rohan Sharma,Female,20.0,Jaipur,Rajasthan,2024-01-03
CUST04724,Rohan Sharma,Male,50.0,Mumbai,Maharashtra,2024-01-14
CUST04725,Aditya Mehta,Male,61.0,Bhubaneswar,Odisha,2024-11-17
CUST04726,Priya Gupta,Male,24.0,Patna,Bihar,2023-10-10
CUST04727,Aarav Das,Female,48.0,Lucknow,Uttar Pradesh,2023-11-11
CUST04728,Aditya Kumar,Female,38.0,Mumbai,Maharashtra,2023-07-31
CUST04729,Aarav Kumar,Female,45.0,Surat,Gujarat,2023-10-18
CUST04730,Nikhil Singh,Male,26.0,Ahmedabad,Gujarat,2024-02-26
CUST04731,Aditi Sharma,Female,32.0,Chennai,Tamil Nadu,2024-07-23
CUST04732,Priya Jha,Male,21.0,Surat,Gujarat,2023-09-25
CUST04733,Rahul Jha,Male,24.0,Bhopal,Madhya Pradesh,2025-02-12
CUST04734,Arjun Kumar,Male,34.0,Noida,Uttar Pradesh,2023-04-05
CUST04735,Rohan Verma,Male,30.0,Nagpur,Maharashtra,2024-09-20
CUST04736,Pooja Singh,Female,25.0,Ahmedabad,Gujarat,2023-12-23
CUST04737,Sneha Sinha,Female,39.0,Pune,Maharashtra,2023-11-21
CUST04738,Aditya Singh,Male,37.0,Bhubaneswar,Odisha,2024-08-03
CUST04739,Karan Gupta,Female,57.0,Kolkata,West Bengal,2025-10-22
CUST04740,Aarav Singh,Female,55.0,Guwahati,Assam,2025-05-26
CUST04741,Kavya Verma,Female,29.0,Indore,Madhya Pradesh,2025-05-30
CUST04742,Sneha Das,Female,58.0,Mumbai,Maharashtra,2024-12-31
CUST04743,Vikram Jha,Female,29.0,Chandigarh,Chandigarh,2024-05-11
CUST04744,Sneha Patel,Female,23.0,Noida,Uttar Pradesh,2025-08-24
CUST04745,Karan Das,Female,39.0,Patna,Bihar,2023-12-30
CUST04746,Vikram Roy,Female,28.0,Surat,Gujarat,2023-05-16
CUST04747,Nikhil Sharma,Female,44.0,Bhopal,Madhya Pradesh,2024-05-19
CUST04748,Vikram Roy,Female,32.0,Lucknow,Uttar Pradesh,2023-08-04
CUST04749,Sanjay Sinha,Female,28.0,Ahmedabad,Gujarat,2025-04-08
CUST04750,Vikram Mehta,Female,45.0,Lucknow,Uttar Pradesh,2025-06-23
CUST04751,Aditya Verma,Female,26.0,Patna,Bihar,2024-04-22
CUST04752,Sneha Singh,Female,30.0,Surat,Gujarat,2024-11-25
CUST04753,Sanjay Singh,Female,24.0,Ranchi,Jharkhand,2025-10-08
CUST04754,Arjun Singh,Female,59.0,Patna,Bihar,2025-08-30
CUST04755,Shreya Mehta,Male,38.0,Bhubaneswar,Odisha,2024-02-07
CUST04756,Neha Das,Female,50.0,Jaipur,Rajasthan,2024-03-11
CUST04757,Sanjay Sharma,Female,24.0,Bhubaneswar,Odisha,2024-05-19
CUST04758,Neha Yadav,Female,55.0,Ranchi,Jharkhand,2023-10-29
CUST04759,Kavya Kumar,Female,32.0,Ahmedabad,Gujarat,2023-06-08
CUST04760,Ananya Das,Male,62.0,Indore,Madhya Pradesh,2023-06-20
CUST04761,Aarav Verma,Male,49.0,Guwahati,Assam,2023-07-01
CUST04762,Rahul Das,Male,48.0,Pune,Maharashtra,2025-08-28
CUST04763,Ananya Gupta,Female,48.0,Kolkata,West Bengal,2023-01-09
CUST04764,Shreya Mehta,Male,42.0,Nagpur,Maharashtra,2023-02-09
CUST04765,Ananya Singh,Male,36.0,Jaipur,Rajasthan,2024-03-01
CUST04766,Sanjay Choudhary,Female,46.0,Ranchi,Jharkhand,2024-02-07
CUST04767,Aditya Jha,Female,27.0,Ranchi,Jharkhand,2024-01-12
CUST04768,Karan Shah,Female,,Surat,Gujarat,2023-12-03
CUST04769,Rohan Yadav,Male,47.0,Ranchi,Jharkhand,2024-02-25
CUST04770,Aarav Verma,Female,54.0,Chennai,Tamil Nadu,2024-09-07
CUST04771,Arjun Jha,Male,29.0,Jaipur,Rajasthan,2025-11-01
CUST04772,Neha Yadav,Female,23.0,Bhubaneswar,Odisha,2025-02-23
CUST04773,Amit Jha,Male,44.0,Noida,Uttar Pradesh,2025-04-19
CUST04774,Rohan Patel,Male,56.0,Nagpur,Maharashtra,2024-04-04
CUST04775,Ananya Das,Male,28.0,Hyderabad,Telangana,2023-03-09
CUST04776,Ananya Das,Male,54.0,Bhopal,Madhya Pradesh,2023-02-26
CUST04777,Sanjay Sharma,Male,30.0,Noida,Uttar Pradesh,2024-07-11
CUST04778,Vikram Gupta,Male,48.0,Ahmedabad,Gujarat,2024-04-19
CUST04779,Rohan Jha,Female,52.0,Bhubaneswar,Odisha,2025-09-14
CUST04780,Aditi Shah,Female,23.0,Hyderabad,Telangana,2024-07-30
CUST04781,Kavya Roy,Male,20.0,Mumbai,Maharashtra,2023-05-26
CUST04782,Shreya Kumar,Male,43.0,Bengaluru,Karnataka,2024-05-29
CUST04783,Sanjay Jha,Male,19.0,Delhi,Delhi,2024-08-02
CUST04784,Priya Mehta,Male,27.0,Mumbai,Maharashtra,2024-09-30
CUST04785,Kavya Mehta,Male,43.0,Indore,Madhya Pradesh,2025-05-04
CUST04786,Arjun Mehta,Male,33.0,Nagpur,Maharashtra,2023-03-09
CUST04787,Ananya Shah,Male,34.0,Lucknow,Uttar Pradesh,2023-10-23
CUST04788,Neha Mishra,Female,27.0,Indore,Madhya Pradesh,2024-11-05
CUST04789,Aditya Verma,Male,45.0,Mumbai,Maharashtra,2024-03-05
CUST04790,Sanjay Jha,Male,49.0,Mumbai,Maharashtra,2025-09-06
CUST04791,Rohan Mehta,Female,21.0,Surat,Gujarat,2023-07-24
CUST04792,Riya Kumar,Male,49.0,Bengaluru,Karnataka,2024-10-25
CUST04793,Rahul Choudhary,Male,55.0,Hyderabad,Telangana,2024-02-21
CUST04794,Rahul Gupta,Female,60.0,Lucknow,Uttar Pradesh,2023-02-03
CUST04795,Nikhil Mishra,Male,36.0,Delhi,Delhi,2023-11-27
CUST04796,Rahul Shah,Female,58.0,Bengaluru,Karnataka,2023-09-02
CUST04797,Rahul Mehta,Female,62.0,Lucknow,Uttar Pradesh,2024-10-11
CUST04798,Kavya Roy,Female,49.0,Bengaluru,Karnataka,2024-03-12
CUST04799,Kavya Verma,Male,33.0,Ranchi,Jharkhand,2024-08-26
CUST04800,Aditi Mehta,Female,37.0,Nagpur,Maharashtra,2023-06-13
CUST04801,Karan Kumar,Female,28.0,Noida,Uttar Pradesh,2023-08-16
CUST04802,Ananya Patel,Female,21.0,Ahmedabad,Gujarat,2023-11-07
CUST04803,Arjun Mehta,Female,31.0,Bengaluru,Karnataka,2024-05-01
CUST04804,Kavya Yadav,Female,60.0,Patna,Bihar,2023-04-16
CUST04805,Arjun Das,Female,40.0,Kolkata,West Bengal,2025-03-06
CUST04806,Aditya Singh,Female,65.0,Patna,Bihar,2023-12-09
CUST04807,Aarav Singh,Female,36.0,Lucknow,Uttar Pradesh,2023-06-03
CUST04808,Amit Yadav,Female,51.0,Chandigarh,Chandigarh,2023-05-14
CUST04809,Kavya Das,Female,50.0,Indore,Madhya Pradesh,2025-01-05
CUST04810,Aditi Sharma,Female,24.0,Surat,Gujarat,2024-03-28
CUST04811,Kavya Roy,Female,60.0,Surat,Gujarat,2024-11-28
CUST04812,Pooja Patel,Female,27.0,Ranchi,Jharkhand,2024-03-02
CUST04813,Arjun Roy,Male,42.0,Kolkata,West Bengal,2025-07-07
CUST04814,Pooja Das,Female,19.0,Ranchi,Jharkhand,2023-09-30
CUST04815,Aarav Roy,Male,60.0,Jaipur,Rajasthan,2025-02-22
CUST04816,Neha Shah,Female,25.0,Mumbai,Maharashtra,2023-06-19
CUST04817,Karan Mishra,Female,29.0,Ahmedabad,Gujarat,2023-01-11
CUST04818,Nikhil Roy,Male,18.0,Jaipur,Rajasthan,2023-03-24
CUST04819,Kavya Mishra,Male,61.0,Delhi,Delhi,2025-04-23
CUST04820,Riya Singh,Male,18.0,Jaipur,Rajasthan,2023-07-25
CUST04821,Priya Verma,Male,25.0,Chandigarh,Chandigarh,2025-04-14
CUST04822,Rahul Verma,Male,53.0,Bhopal,Madhya Pradesh,2023-11-27
CUST04823,Priya Mishra,Male,36.0,Chennai,Tamil Nadu,2024-01-06
CUST04824,Riya Patel,Male,51.0,Delhi,Delhi,2024-07-22
CUST04825,Meera Yadav,Female,20.0,Pune,Maharashtra,2025-01-03
CUST04826,Arjun Sharma,Female,46.0,Delhi,Delhi,2024-07-12
CUST04827,Sneha Patel,Male,63.0,Noida,Uttar Pradesh,2023-08-26
CUST04828,Pooja Jha,Male,38.0,Hyderabad,Telangana,2024-05-19
CUST04829,Amit Mehta,Male,28.0,Pune,Maharashtra,2024-10-14
CUST04830,Aarav Choudhary,Female,36.0,Indore,Madhya Pradesh,2023-09-26
CUST04831,Riya Mishra,Male,56.0,Hyderabad,Telangana,2025-01-06
CUST04832,Sneha Sharma,Male,52.0,Guwahati,Assam,2025-12-09
CUST04833,Aarav Mehta,Female,24.0,Delhi,Delhi,2023-05-30
CUST04834,Aditya Verma,Female,22.0,Noida,Uttar Pradesh,2024-08-12
CUST04835,Rahul Choudhary,Male,59.0,Noida,Uttar Pradesh,2024-11-12
CUST04836,Riya Mishra,Female,47.0,Jaipur,Rajasthan,2024-08-12
CUST04837,Shreya Sharma,Male,23.0,Lucknow,Uttar Pradesh,2023-09-21
CUST04838,Aarav Das,Male,40.0,Indore,Madhya Pradesh,2024-04-02
CUST04839,Sneha Roy,Male,60.0,Chandigarh,Chandigarh,2023-02-21
CUST04840,Sneha Shah,Female,34.0,Chennai,Tamil Nadu,2023-07-19
CUST04841,Meera Yadav,Male,38.0,Ahmedabad,Gujarat,2025-04-04
CUST04842,Pooja Mehta,Female,41.0,Patna,Bihar,2024-10-23
CUST04843,Aarav Mishra,Female,,Surat,Gujarat,2024-09-18
CUST04844,Kavya Yadav,Female,54.0,Surat,Gujarat,2023-01-02
CUST04845,Pooja Mehta,Male,51.0,Mumbai,Maharashtra,2024-09-02
CUST04846,Aarav Das,Male,64.0,Noida,Uttar Pradesh,2025-05-28
CUST04847,Aditya Das,Female,33.0,Mumbai,Maharashtra,2025-03-06
CUST04848,Vikram Patel,Female,20.0,Ahmedabad,Gujarat,2025-07-15
CUST04849,Aditya Singh,Female,44.0,Bengaluru,Karnataka,2025-03-28
CUST04850,Kavya Jha,Male,37.0,Bengaluru,Karnataka,2024-04-01
CUST04851,Rahul Patel,Male,58.0,Surat,Gujarat,2023-04-30
CUST04852,Vikram Verma,Female,64.0,Delhi,Delhi,2025-11-14
CUST04853,Meera Shah,Female,36.0,Ranchi,Jharkhand,2023-11-26
CUST04854,Amit Choudhary,Female,29.0,Jaipur,Rajasthan,2024-09-09
CUST04855,Shreya Gupta,Male,33.0,Patna,Bihar,2023-01-19
CUST04856,Priya Verma,Female,50.0,Chennai,Tamil Nadu,2024-05-28
CUST04857,Vikram Kumar,Female,63.0,Delhi,Delhi,2023-03-07
CUST04858,Ananya Sinha,Female,39.0,Chennai,Tamil Nadu,2024-09-22
CUST04859,Meera Kumar,Female,52.0,Ahmedabad,Gujarat,2025-03-26
CUST04860,Amit Gupta,Male,42.0,Patna,Bihar,2024-10-07
CUST04861,Sanjay Choudhary,Female,18.0,Kolkata,West Bengal,2025-10-18
CUST04862,Priya Patel,Female,21.0,Kolkata,West Bengal,2024-07-22
CUST04863,Sneha Jha,Male,57.0,Ahmedabad,Gujarat,2024-03-12
CUST04864,Pooja Singh,Male,23.0,Patna,Bihar,2024-08-19
CUST04865,Nikhil Das,Male,20.0,Patna,Bihar,2023-10-13
CUST04866,Rahul Yadav,Female,43.0,Jaipur,Rajasthan,2023-02-11
CUST04867,Amit Singh,Male,,Kolkata,West Bengal,2023-07-05
CUST04868,Meera Singh,Male,19.0,Lucknow,Uttar Pradesh,2023-11-18
CUST04869,Kavya Roy,Male,25.0,Lucknow,Uttar Pradesh,2023-06-28
CUST04870,Sanjay Singh,Female,42.0,Bhopal,Madhya Pradesh,2024-05-08
CUST04871,Riya Shah,Male,43.0,Noida,Uttar Pradesh,2024-03-05
CUST04872,Pooja Choudhary,Male,31.0,Ahmedabad,Gujarat,2023-09-16
CUST04873,Sanjay Singh,Male,37.0,Hyderabad,Telangana,2024-04-17
CUST04874,Aarav Singh,Male,20.0,Nagpur,Maharashtra,2025-01-03
CUST04875,Sanjay Sharma,Male,54.0,Bhubaneswar,Odisha,2023-07-15
CUST04876,Rohan Patel,Male,49.0,Ahmedabad,Gujarat,2024-05-13
CUST04877,Arjun Yadav,Male,18.0,Noida,Uttar Pradesh,2025-09-24
CUST04878,Priya Sinha,Female,45.0,Mumbai,Maharashtra,2023-02-14
CUST04879,Rahul Singh,Female,42.0,Hyderabad,Telangana,2025-02-10
CUST04880,Arjun Mishra,Female,40.0,Jaipur,Rajasthan,2025-10-05
CUST04881,Aarav Sinha,Female,55.0,Noida,Uttar Pradesh,2024-09-25
CUST04882,Sneha Sharma,Female,40.0,Noida,Uttar Pradesh,2023-10-20
CUST04883,Sneha Kumar,Female,59.0,Pune,Maharashtra,2023-10-07
CUST04884,Shreya Choudhary,Male,36.0,Guwahati,Assam,2025-08-11
CUST04885,Neha Roy,Female,33.0,Patna,Bihar,2025-02-10
CUST04886,Ananya Yadav,Female,40.0,Guwahati,Assam,2023-01-27
CUST04887,Arjun Jha,Female,49.0,Pune,Maharashtra,2023-08-02
CUST04888,Kavya Patel,Male,40.0,Bhubaneswar,Odisha,2025-05-11
CUST04889,Kavya Kumar,Male,19.0,Kolkata,West Bengal,2025-08-22
CUST04890,Shreya Kumar,Female,48.0,Surat,Gujarat,2023-11-24
CUST04891,Kavya Jha,Male,64.0,Nagpur,Maharashtra,2023-04-23
CUST04892,Rahul Singh,Male,22.0,Noida,Uttar Pradesh,2023-05-03
CUST04893,Riya Jha,Female,19.0,Hyderabad,Telangana,2025-03-11
CUST04894,Kavya Verma,Female,33.0,Ranchi,Jharkhand,2025-09-05
CUST04895,Rohan Jha,Female,25.0,Chennai,Tamil Nadu,2023-11-06
CUST04896,Sanjay Singh,Male,26.0,Nagpur,Maharashtra,2024-12-29
CUST04897,Neha Jha,Female,44.0,Ranchi,Jharkhand,2025-11-24
CUST04898,Arjun Kumar,Female,27.0,Ahmedabad,Gujarat,2025-10-16
CUST04899,Rohan Sharma,Male,19.0,Noida,Uttar Pradesh,2024-09-30
CUST04900,Aditya Choudhary,Male,54.0,Ahmedabad,Gujarat,2025-07-17
CUST04901,Sneha Sinha,Male,31.0,Nagpur,Maharashtra,2023-11-01
CUST04902,Kavya Patel,Female,42.0,Chennai,Tamil Nadu,2024-06-15
CUST04903,Rahul Roy,Female,24.0,Noida,Uttar Pradesh,2024-03-03
CUST04904,Riya Das,Female,54.0,Chandigarh,Chandigarh,2024-02-18
CUST04905,Rohan Mehta,Male,20.0,Bengaluru,Karnataka,2024-11-29
CUST04906,Vikram Jha,Male,42.0,Hyderabad,Telangana,2023-07-21
CUST04907,Kavya Das,Female,29.0,Bhopal,Madhya Pradesh,2023-12-02
CUST04908,Sneha Shah,Female,22.0,Bhubaneswar,Odisha,2025-06-30
CUST04909,Priya Gupta,Female,40.0,Chennai,Tamil Nadu,2025-09-26
CUST04910,Riya Shah,Female,61.0,Ahmedabad,Gujarat,2024-05-24
CUST04911,Karan Yadav,Female,44.0,Ranchi,Jharkhand,2024-10-05
CUST04912,Amit Mishra,Female,55.0,Jaipur,Rajasthan,2025-12-19
CUST04913,Priya Gupta,Female,63.0,Bhubaneswar,Odisha,2023-11-24
CUST04914,Aarav Gupta,Female,58.0,Bhopal,Madhya Pradesh,2023-09-04
CUST04915,Aarav Das,Male,54.0,Chennai,Tamil Nadu,2024-10-06
CUST04916,Karan Mishra,Female,25.0,Bhubaneswar,Odisha,2024-10-31
CUST04917,Kavya Choudhary,Male,46.0,Chennai,Tamil Nadu,2023-04-22
CUST04918,Priya Yadav,Male,65.0,Bhubaneswar,Odisha,2025-10-05
CUST04919,Meera Roy,Male,34.0,Patna,Bihar,2023-02-14
CUST04920,Arjun Singh,Male,37.0,Jaipur,Rajasthan,2023-10-11
CUST04921,Aarav Singh,Male,30.0,Bhubaneswar,Odisha,2025-01-30
CUST04922,Amit Mishra,Male,36.0,Lucknow,Uttar Pradesh,2025-10-07
CUST04923,Sanjay Roy,Male,41.0,Bhopal,Madhya Pradesh,2025-10-06
CUST04924,Neha Sinha,Male,47.0,Hyderabad,Telangana,2025-11-30
CUST04925,Sneha Jha,Male,23.0,Delhi,Delhi,2024-02-21
CUST04926,Shreya Jha,Male,33.0,Lucknow,Uttar Pradesh,2025-07-16
CUST04927,Rahul Sinha,Male,54.0,Pune,Maharashtra,2025-06-29
CUST04928,Arjun Sinha,Female,49.0,Jaipur,Rajasthan,2024-10-10
CUST04929,Aarav Das,Male,44.0,Ranchi,Jharkhand,2025-06-30
CUST04930,Nikhil Das,Male,18.0,Ahmedabad,Gujarat,2023-10-15
CUST04931,Rahul Mehta,Male,19.0,Hyderabad,Telangana,2023-05-18
CUST04932,Neha Mishra,Female,26.0,Mumbai,Maharashtra,2025-11-26
CUST04933,Shreya Verma,Male,31.0,Ranchi,Jharkhand,2024-06-02
CUST04934,Sanjay Das,Male,50.0,Bhubaneswar,Odisha,2025-07-13
CUST04935,Riya Sinha,Male,62.0,Kolkata,West Bengal,2025-04-10
CUST04936,Aarav Shah,Female,58.0,Pune,Maharashtra,2025-02-19
CUST04937,Kavya Mehta,Male,19.0,Jaipur,Rajasthan,2024-08-08
CUST04938,Kavya Gupta,Male,25.0,Nagpur,Maharashtra,2025-01-28
CUST04939,Vikram Yadav,Female,23.0,Pune,Maharashtra,2023-10-26
CUST04940,Pooja Sharma,Male,22.0,Surat,Gujarat,2024-03-16
CUST04941,Neha Das,Male,48.0,Hyderabad,Telangana,2024-11-10
CUST04942,Aditi Mishra,Male,31.0,Bhopal,Madhya Pradesh,2025-12-22
CUST04943,Sanjay Jha,Male,36.0,Indore,Madhya Pradesh,2025-11-09
CUST04944,Aditi Gupta,Male,35.0,Jaipur,Rajasthan,2023-05-20
CUST04945,Pooja Das,Female,50.0,Ahmedabad,Gujarat,2023-05-11
CUST04946,Rohan Shah,Female,30.0,Patna,Bihar,2023-06-05
CUST04947,Vikram Mishra,Male,48.0,Indore,Madhya Pradesh,2023-07-31
CUST04948,Aditya Patel,Male,30.0,Lucknow,Uttar Pradesh,2025-07-27
CUST04949,Ananya Mehta,Female,51.0,Mumbai,Maharashtra,2023-01-25
CUST04950,Neha Roy,Male,49.0,Patna,Bihar,2025-02-20
CUST04951,Aditi Kumar,Male,27.0,Guwahati,Assam,2024-06-21
CUST04952,Karan Mehta,Male,48.0,Guwahati,Assam,2023-07-30
CUST04953,Arjun Kumar,Female,51.0,Hyderabad,Telangana,2025-06-11
CUST04954,Nikhil Das,Male,23.0,Ranchi,Jharkhand,2025-05-18
CUST04955,Karan Roy,Female,55.0,Surat,Gujarat,2025-08-20
CUST04956,Rohan Singh,Female,22.0,Indore,Madhya Pradesh,2024-02-18
CUST04957,Aditya Shah,Male,39.0,Chandigarh,Chandigarh,2023-03-27
CUST04958,Pooja Verma,Female,40.0,Nagpur,Maharashtra,2024-02-29
CUST04959,Sanjay Patel,Female,38.0,Nagpur,Maharashtra,2023-05-18
CUST04960,Shreya Patel,Male,41.0,Guwahati,Assam,2023-11-04
CUST04961,Sanjay Jha,Male,36.0,Ahmedabad,Gujarat,2024-05-21
CUST04962,Karan Jha,Male,24.0,Kolkata,West Bengal,2025-03-05
CUST04963,Aditya Mishra,Male,22.0,Guwahati,Assam,2025-09-14
CUST04964,Kavya Das,Female,56.0,Patna,Bihar,2024-07-02
CUST04965,Rohan Sharma,Male,50.0,Pune,Maharashtra,2023-01-09
CUST04966,Priya Mehta,Female,29.0,Patna,Bihar,2024-02-23
CUST04967,Kavya Yadav,Male,,Chandigarh,Chandigarh,2025-02-25
CUST04968,Pooja Choudhary,Male,28.0,Patna,Bihar,2023-05-23
CUST04969,Nikhil Patel,Female,45.0,Patna,Bihar,2023-09-15
CUST04970,Aarav Choudhary,Female,30.0,Hyderabad,Telangana,2024-05-03
CUST04971,Rahul Mehta,Male,58.0,Delhi,Delhi,2025-08-24
CUST04972,Shreya Shah,Male,48.0,Guwahati,Assam,2024-04-03
CUST04973,Amit Mehta,Male,25.0,Chandigarh,Chandigarh,2025-08-18
CUST04974,Rahul Patel,Male,62.0,Indore,Madhya Pradesh,2024-08-22
CUST04975,Karan Verma,Male,56.0,Chandigarh,Chandigarh,2025-10-29
CUST04976,Amit Mehta,Male,27.0,Mumbai,Maharashtra,2023-01-18
CUST04977,Rahul Sinha,Female,27.0,Bengaluru,Karnataka,2023-04-09
CUST04978,Neha Roy,Male,61.0,Pune,Maharashtra,2024-08-27
CUST04979,Riya Shah,Female,48.0,Mumbai,Maharashtra,2024-12-15
CUST04980,Ananya Jha,Female,24.0,Hyderabad,Telangana,2025-05-24
CUST04981,Meera Das,Female,43.0,Ranchi,Jharkhand,2025-01-17
CUST04982,Kavya Gupta,Male,56.0,Ranchi,Jharkhand,2025-07-21
CUST04983,Nikhil Shah,Male,30.0,Noida,Uttar Pradesh,2025-02-12
CUST04984,Aarav Sharma,Female,27.0,Lucknow,Uttar Pradesh,2024-06-28
CUST04985,Rahul Jha,Female,61.0,Kolkata,West Bengal,2024-07-30
CUST04986,Amit Yadav,Male,62.0,Bhopal,Madhya Pradesh,2024-02-06
CUST04987,Arjun Yadav,Male,34.0,Kolkata,West Bengal,2023-09-18
CUST04988,Amit Sharma,Female,62.0,Ahmedabad,Gujarat,2023-01-28
CUST04989,Sneha Das,Male,25.0,Lucknow,Uttar Pradesh,2025-09-06
CUST04990,Sanjay Kumar,Male,39.0,Patna,Bihar,2025-10-06
CUST04991,Aditi Kumar,Female,63.0,Mumbai,Maharashtra,2023-07-16
CUST04992,Aarav Sharma,Male,26.0,Chennai,Tamil Nadu,2025-05-08
CUST04993,Shreya Yadav,Male,60.0,Ranchi,Jharkhand,2024-12-15
CUST04994,Aditya Yadav,Female,53.0,Jaipur,Rajasthan,2025-08-17
CUST04995,Aditya Gupta,Male,40.0,Pune,Maharashtra,2024-03-27
CUST04996,Meera Singh,Male,36.0,Chandigarh,Chandigarh,2023-07-02
CUST04997,Riya Yadav,Male,34.0,Surat,Gujarat,2025-04-05
CUST04998,Nikhil Mehta,Female,58.0,Ranchi,Jharkhand,2024-05-11
CUST04999,Sneha Choudhary,Male,19.0,Ranchi,Jharkhand,2024-08-03
CUST05000,Riya Sinha,Male,60.0,Pune,Maharashtra,2023-07-07
CUST01502,Priya Sharma,Female,,Lucknow,Uttar Pradesh,2025-04-14
CUST02587,Aarav Patel,Female,,Indore,Madhya Pradesh,2023-01-26
CUST02654,Amit Verma,Male,,Bhubaneswar,Odisha,2024-10-10
CUST01056,Riya Singh,Female,,Mumbai,Maharashtra,2023-10-06
CUST00706,Aarav Gupta,Female,,Chennai,Tamil Nadu,2024-02-25
CUST00107,Arjun Roy,Male,,Bhubaneswar,Odisha,2024-05-31
CUST00590,Priya Sharma,Female,,Lucknow,Uttar Pradesh,2024-06-16
CUST02469,Shreya Roy,Male,,Ahmedabad,Gujarat,2024-10-30
CUST02414,Vikram Yadav,Male,,Ahmedabad,Gujarat,2023-11-04
CUST01601,Amit Roy,Male,,Bhubaneswar,Odisha,2024-03-05
CUST02465,Aditya Kumar,Male,,Guwahati,Assam,2023-11-08
CUST00229,Neha Yadav,Female,,Bhubaneswar,Odisha,2023-04-16
CUST00916,Ananya Jha,Female,,Chennai,Tamil Nadu,2024-08-16
CUST00795,Neha Jha,Male,,Guwahati,Assam,2023-05-30
CUST03022,Aditi Das,Male,,Nagpur,Maharashtra,2024-05-02
CUST03544,Pooja Roy,Male,,Chennai,Tamil Nadu,2023-09-16
CUST01074,Vikram Kumar,Male,,Chennai,Tamil Nadu,2023-11-19
CUST03352,Kavya Shah,Male,,Bengaluru,Karnataka,2025-06-02
CUST01745,Karan Shah,Male,,Nagpur,Maharashtra,2024-01-14
CUST01085,Aditya Choudhary,Female,,Ranchi,Jharkhand,2024-01-11
